BAR NUMBER,DESCRIPTION
1,"1st day of month. BGU. COL, PH"
2,"CCBRB1C, CCBRB, PH. AIS"
3,"3 CC BRB, should close gap above HOY and PS reach 50P"
6,"SVT HOY, PL, but tail, PP MRV, B2"
7,"L1, 50P and COY and MA MGB, but NS, PS PW 2 4. T1BD, but SX and tails so PP TR soon"
8,"MDB, H2, PL, AIBRE, but still on 7 S, MGB Fri L, 4200 BRN, 60ma"
11,"SVT to Fri L and 4200 BRN, AIBRE4, PL, almost OD Fri, NS"
12,"BLBC, PL, but TC, PP MRV. MGA 9 SX H and Fri H"
14,"BRBC, DBL. still AIS, but PP TR here or soon. still on 11 B for PL, but DBL might exit around BE"
15,"L1, but BLB, early TR, PS LOM, NS. still on 11 B, but most BL exited around BE on 15"
16,"BBRBC, still AIS, COL, PL, AIBRE, but just above SP 60MA, Fri low, 4200 BRB,"
18,"PL, H2, COH, 60ma, Fri L, 4200 BRB, TS will probably remove yesterday's data on 5 min and daily since holiday so today will PP be OD with Fri becoming yesterday"
19,"L1, AIS, but DD, still on 18 B, NS, PP BB 18 for W 11 18. PP will transition into TR here or soon"
20,"MDB, PL"
21,"BBLBC, CCBLBC, PP AIL, but still PS STC and BRCH, BL need BO above MA. might get OU after OD"
23,"W 19 21 at MA in BRCH, BLE4, but PS LOD and OU after OD, PS SPBL, S2"
26,"BO above WBRF and MA, AIL 21, HOY MGA for OUD after ODD, but PP will not get new HOD. 18 is PL, but so far, SPBL is weak so PS TR for several hours instead of continued SPBL up to HOD. BO above W so 50% chance MMU and 50% chance F BO. BL need FT, BR need REVD"
29,"H1, SPBL, HOY MGA, but DD, close below MA, TTR 22, NS"
30,"LH after W, but SPBL, BLB, still AIL, TTR 22, HOY MGA, NS, PS BB"
32,"CC BRB, but tail, TTR, TR 10, still on 18 B, HPW, PS LOM. BL want MTR and BO HOY for OU after OD, BR want TRESD but PP BB LOD"
34,"HL MTR but 4 BRB, PP MRV, B2 or NWS"
40,"L2 at MA in BR CH, staying below MA, but TTR 22, BL want MTR, NS. TRI 13 26 39, AIS 32"
42,"HLMTR, F BO TRI, but 3 BRB, still AIS and on 40 S, below MA, PS SA, B2, AIBRE4"
43,"BO, BR want MMD from TRI, but TRI is PP FF"
45,"L1, but PS BB since FF MGA"
47,"FF, LL DB 44, W 78 18, W 32 44, BRE4, PL, but 7 BBRC, NWS"
50,"DTBF 44 but TTR, TRI 40 and 4200 BRN and LOY MGA, NS, PP BB 47"
52,"DB 47, PL, should get back above 18 L BOP. ahould reach apex of TRI around 38 and MA and 4200 BRN. BL want strong BO above MA, and if get it, might get back to HOY. BR want REVD at MA"
54,"BO, but need CC C above MA and far above MA, might get stuck at MGN LOY, COY, 60ma, 4200 BRN"
55,"CCBLBC, but not big bars. PP AIL, PP will get 2LU, AIBLE4, S2"
56,"LH at MA, but MGA, PP SPBL and BB"
59,"CCBLB C above MA, might test 39 LH, but at apex of TRI MGN, PS W 49 56, so PS SW again in TRI"
60,"W 49 56, but SPBL, TGTA, S2"
64,"H1, SPBL, but top of TR, NWS, PS SA. PW 49 55 60 62, but LBRNM, 26 LH MGA and 50P and 8 L BOP and HOY, S2"
67,"L2 64, but just above MA and LOY and 60MA anad 4200 BRN, TCH, NS, S2, PP MRV"
