BAR NUMBER,DESCRIPTION
1,"DT HOY, jjust below Thurs ATH so LH DT MTR, SBD, PH, but BUDC, PS SVT MA and 73 H."
2,"H1 ORVU from MA, PL, H2 81, but SBD 1, B2. IB, L1 but BLB at MA, PS BB, S2. PS TRO."
4,"LH MTR, but 3 BLB, still AIL from Y, PP TRO, PS BB and below 1, S2"
6,"middle of TR Y 75 79, TRO. L1 after 5 BO and H! after 2 3 4 BO. TRO, LOM, B2, S2"
7,"BO, 2LD 1, MGB 60ma, 75 L, May 7 H BOP, LOY, OOM"
9,"MW 7 8, H2, 2, LL DB 75, PL, but 3 BRB, AIS, MGB, PS SA, B2"
11,"L1 at MA in BRCH, MGB, but LBLM, PS BB, NS"
12,"HL DB 9, but 2 BRB just below MA, B2"
14,"OO, W 1 7, PL, but at MA, TC, NS, B2"
15,"F BO OO, but still on OO B with stop below OO 14, S2"
16,"H1 from OO, still on 14 OO B, PL, but CC BRB, just below MA, NS, B2"
18,"CCBLB1C, CCBLB C above MA, still on 14 OO B, PP AIL, BL want MMU to HOD, BR want F BO, L2 15"
19,"L2 15, W 11 15, 2LU 14, 50P, BR CH, AIBLE4, but 3 BLB, 3 CC C above MA, PP BB, S2."
20,"COL, but still PS SPBL, AIL, S2."
24,"5 CC BRB, 4 C below MA, MGB, PP AIS, even though HL 16. TTR 8"
26,"HL DB 14, PL, but 6 CC BRB"
27,"L1, but DB 14 at 60ma, 2 BLB, PS BB, S2. still on 14 B, DB 14, but 6 CC BRB, NS, B2"
29,"HST BRF 15 19, bMay 7 H MGB, but at 60MA, bottom TTR 9. DB q4, PS HL 31 for DB PB, TRI. BRCH so BLF, but BL need good BSB or SBU"
31,"BD PB, COH, TRI 14 26 31, PL< but just below MA, apex of TRI, NS"
32,"L2 at MA in BRCH, but CC BLB, on TRI B, S2"
33,"L2 at MA, but 3 BLB, S2"
35,"SBD but bottom of TTR, LP"
37,"BO below DB 14 26, BR want MMD, but need FT. tail, PS F BO, B2"
40,"L1 in BRCH, May 7 H MGB, but BLB, weak BRT, PS BB. BL want MDRU"
44,"III, BOM. PS LOD and MDRU. L1 BRF in BRCH, May 7 H MGB, but II late in BRT is often FF."
45,BO but BRCH and C at MA so PS STC. BL need C far above MA
48,"MDT 46, but BLB,C above MA and 47 H so BO and PS MMU, III is PL for MDR, still on 44 B, F BO DB at 60MA, III in BRT, PS SPBL, S2"
50,"LH DT 35 in BRCH, F BO MA, but 10 BBLMC, SPBL, S2, PS BB"
52,"OO, HL, BOM, but SPBL. PP AIL 49 CC BLBC with C above MA"
53,"L2 in BRCH, OK swing S, AIBLE, but PP HL and 2LSU after 43 bars in weak BR CH"
54,"HLMTR after W bottombut DD and 2 BRB, LPB, NS"
58,"LH in BRCH,II 56, but HL TR after W, BOM, NS. AIBLE, S2"
61,"HL MTR, BRTP, W 14 25 DB then 42, at 60ma, still on 43 MDRU, but TTR, NS"
63,"SBU, BO above LH and far above MA so no longer BRCH. now, either TR or BLT. HOD might be too far to reach s then OOD might be MGN for EOD"
64,"DD so FT, PP BB. L2 50, PS BLT, but PP BB, AIBLE4, S2"
65,"L2 50 at top of TR 26, but after 63 SBU, PP will test MPD. AIBLE4, but LP S, PP BB, since L2 in BRT, OK S, but PP BB, NS. S2 since PS SPBL"
66,"II, MPD MGA, should get test. L2 50, but SBU, S2"
67,"LGB, but II PS FF. 2LU 63, PW 58 63, test MPD in TRD, LGB MGB, but BLB, S2"
