BAR NUMBER,DESCRIPTION
1,"FOMC announcement at 11 am PST today. Day traders should exit positions before the report and wait until at least 10 minutes after the report before trading again to allow for a trend to begin."">FOMCD. OD but tails, middle of Y TR, stuck at OOW, LOM"
2,"IOI, BOM, but DD at OOW MG, LOM, PS TRO"
4,"CCBRB but tails, bottom of TR 57, just above 60ma, higher lows and lower highs so TRI, BOM, LOM. B2, S2"
6,"II, HL, bottom of TR, 9t, PL, but 6 BBRMC, just below MA, B2"
8,"LH at MA, 9t, but 4 BWBRB, TTR, LOM, PP BB, S2. LOM, BTW. still on 6 B with stop below 5 II, but BTW"
10,"COL, but still on 6 B, still TTR, LOM, HPW"
12,"HL DB 7, almost II, CC BLB, stil on 6 B, but C below MA, tail, apex of TRI 56, LOM, B2, S2. BOM"
13,"F BO 12, but still above 5 II. Apex of TRI since Y 26 and 56. many ways to draw TRI and can also just use today for TRI. BOM."
15,"BO LOD, AIS, but tail. BR want BO below 74 and MMD to May 7 H and OOM. BL want FBO and DB 74 at 60ma, but BRB, B2"
17,"II, AIS, L1, but just above bottom of TR 74 and 60ma, NS, S2. PL but SPBR, 5 BWBLB"
21,"SBU, COH and C above MA and above 19 LH, F BO below TRI, 1st C above MA, AIBRE, PL, PS BTC, but ok to wait for FT"
22,"CCBLB1C, CCBLBC above MA, BTC, but still in TR so PS BLTP and DT 8"
23,"DT 8, BLTP, PH, but SBU 21 22, C far above MA for 1st time today, more likely SPBL and BB. stop below 21 or 1 - 2 pts below 23. S2"
24,"H1 but DD after BRBn top of TR, NS"
25,"SBD, C below MA, but still above 21 L so still AIL"
26,"CCBRB C below MA, but still above 21 BX L so still PS PB. S2"
27,"HL, BLB, but BUDC, NS"
29,"LH, but still on 22 B, S2. middle of TTR, HPW, but still on 21 B with stop below 21"
32,"BO below LOD and 74 bottom of TR and 60MA, but need FT for MMD to May 7 H"
33,"CCBBRBC, SBD 32 33, STC but stop above 32. AIBRE4"
36,"F BO LOY, PW 30 33, PL, AIBRE, but 7 CCBRB, MRV, May 7 L MGB"
37,"L1, but 2 BLB, SX, PS BB and below 36, NWS, S2"
39,"MDT 37, May 7 H and OOM MGB, but BLB, PS FF, PS BR not far below, NS. S2. MDB 36, PL, but tail, TTR. PS LTR in TTRD ahead of 11 AMPT FOMC"
41,"IB, L1, MGB, but PBNFB and PP LTR in TTRD ahead of FOMC. H2 36 but BRB, PP MRV and LTR in TTRD"
42,"H2 36, BLBC, PL, but PP MRV and LTR in TTRD"
44,"HL but PP TR in TTRD. FOMC announcement at 11 am PST today. Day traders should exit positions before the report and wait until at least 10 minutes after the report before trading again to allow for a trend to begin."">FOMCD."
46,"WBRF 39 42, May 7 H and OOM MGN, but PBNFB, and running out of time for big move ahead of FOMC. LTR likely"
49,"FF, test May 7 H, but FOMC announcement at 11 am PST today. Day traders should exit positions before the report and wait until at least 10 minutes after the report before trading again to allow for a trend to begin."">FOMCD and PP MRV"
50,"L1, but miiddle of LTR and FOMC in 20 min, BTW"
55,"SBDM on FOMC, but tail, 50% chance BRTP"
56,"F BO LLW and OOM and May 7 H, PL, but TR, better to wait for breakout or 2nd signal. Low probability, bad for stop entries."">BBBR, still might be PB from 55. L2 but BBLB, S2"
57,"II, L1, but SBU 56 so PS TR. BR want big BRT. NS"
59,"HL DB, but PP MRV and TR. TR, better to wait for breakout or 2nd signal. Low probability, bad for stop entries."">BBBR"
61,"DTBF 56 but PS BB and TRI. PS LOM, NS"
65,"HL DB 55, H2 59, PL, but NS. TR likely, but BL want TREVU"
66,"CCBLBC, but just below MA, PS DT 61, NS. might be AIL, but NHEP for BTC"
