BAR NUMBER,DESCRIPTION
2,"BD, IB, CC BLD, PL, but B2"
3,"BBLBC, CCBLB1C, PL, but still below LOY and still can be T1BD, NS"
4,"F BO3, test LOY, G still open. C below MP. PH, AIBLE4 or below 1, but 3 BRB, PS BB and below 1, NS. May 14 NL of DB just below"
7,"BBRBC, new LOD, but many REV, TRO, PS BTC, S2. DBL 3 so PP will get back to 3 C at some point"
8,"MW 1 5 7, PL, but TR, better to wait for breakout or 2nd signal. Low probability, bad for stop entries."">BBBR, TTR, PS LOM"
9,"L1, AIS, June 3 L MGB, but tail, TTR, LOM, S2"
12,"L1, AIS, SPBR, BRCH, June 3 L MGB, but lots of OL, TR, better to wait for breakout or 2nd signal. Low probability, bad for stop entries."">BBBR, LOM, NS, S2"
13,"W 1 5 7 11, PL, but DD, LOM, NS. DBL from 3 H might scale in here and exit at MP at BE, which is around 4 L"
14,"BO above BR TL, but need FT, else still AIS. L1 but BBLBC, 4 CC BLB, PS BB, S2"
15,"DT 9, June 3 L MGB, still AIS, but tail, 4 BLB, PS BB and 2LU aftere W, NS"
17,"3 CC BRB, AIS, June 3 L MGB, but just above 13 L, stop far above, S2"
18,"HL DB, PL, but tail, 3 CC BRB, NS, PS SA since BRCH. BR want BO 13 and test of June 3 L"
19,"L1, BRCH, June 3 L MGB, but DB 13 so some BR will S below 13 instead of below 19"
20,"IB, BOM, BL want HL DB 13, BR want BO 13. NS. H2 18, but HPW to B above BLB COH"
21,"BO, COL, MGB, but need FT since BL BTC of every BRB"
22,"OO, PL. MMD from height of OO is at June 3 L MGB"
23,"IOI after OO, BOM. L1, MGN, but NS. H1, PL, but TC, AIS, NS. still more likely to test June 3 L"
24,"BO above OO after BO below. PL, AIBRE. BBLBC, but BL need FT and BO above MA"
26,"BO above MA, but C barely above MA, tail. PS AIL, but many BL want CC C above MA and one more BBLBC. TGTA 14 LH. 20GBS, L1, but SBU, S2, PP BB"
28,"II. 20GBS, L1, but SBU, S2. 28 might be the entire 2LSU after SBU 25 26. H1, PL, 14 H MGA, but BRB at MA, PP still AIS, NS, PS SA. PS TR instead of BLT"
29,"F BO II, MDT, LH in BRCH, 20GBS, 24 H MGB since bad BSBbut still on II B 28., stop below 27 or 24."
31,"DB 27, still on 28 II H1 B. TSC"
