BAR NUMBER,DESCRIPTION
1,"Y was ODD and SSB for wedge rally to DT on daily chart so slightly increased chance of big bear day. But tight TR for 6 days so more likely more SW. BBRC, PH, DT 63, but middle of Y TR, NS"
2,"CCBRBC, LOY and GXL MGB, but bottom of Y TR. AIS, but LPS since bottom of TR. HL MTR but BRB, B2. AIBRE4"
3,"HL 75, PL, AIBRE, but CCBBRB, B2"
4,"CCBBLBC, AIL, SBU, BO 1 and top of Y TR, GXH MGA, but BL need FT, else F BO and more TR."
5,"BRB, HH DT 1, F BO Y TR, DBL, but SBU 3 4, S2. might get 50P since top of TR"
6,"MDT 4, DT 1, F BO TR, but tail, still AIL, NS. stop for BL below 3 or below MP"
7,"H1, AIL, but DD and 2 BRB, top of TR, NS. DBL 4 might exit"
9,"L2 6 at top of TR, 2 is BBSB so MGB, AIBLE4, PH but LPS, NS, PP BB around MA and 2 H"
13,"F BO 10 11, COL, W 76 1 6 and W 8 10 12, BLE, but TC, PP MRV, NS. might test MA and 7 L"
16,"DT with W, TW 6 12, PH, but tail, SPBL, PP MRV, PS LOM, NS, S2"
18,"H2 at MA, but L is just above MA so might not be good enough test. LRP B, B2. weak BLT"
20,"IOI, SPBL, but top of TTR 12, NS"
21,"BO, PS MG"
22,"W 6 12, AIBLE4, but SPBL, tail, LP, Sw, PS BB"
23,"H1, SPBL, but weak BLT so PP will get swing down at some point to test OOD. OOD is exactly at MP of day so far. still on W S so PS SA"
26,"MDT 22, W 22, but tail, just above MA, SPBL, MMTA, LPS, PS BB, S2"
27,"TRI 22 26, stiall on W S, OOD MGB, but just above MA, MGA, NS. should test OOD at some point since PP TRD and OOD is in middle."
31,"HL in BL CH, 9t for 22 BR, 29 TRI apex MGA, but 4 CC BRB, OOD MGB, W 22, PP SA, B2"
34,"OD, PS AIS but need FT. OOD and 7 L bottom of BLCH MGB. PP will remain TRD"
35,"CCBBRBC, CC C below MA, AIS, OOD and 7 L MGB. TR likely with bottom of TR around 7 L"
37,"LLDB 7 at 60ma, test OOD and 7 L, SX, W 23 31, AIBRE4, B2. TR likely and PP near bottom of TR"
38,"L1, 6 CC BRB, but PP near bottom of TR at 60ma OOD and 7 L, PS BB, NS. 2 is BBSB so MGB"
39,"II, SX, AIBRE. DB 7, but 6 CCBRB, TC, PP MRV"
43,"L1, AIS, but PP near bottom of TR 7, PP MBO, NS. PP BB and below 37. TC so PP LTR for several bars"
46,"CCBBRB, AIS, 2 H MGB, but at 60ma and PS DB 37, TRD likely, OOD MGN, NS"
47,"SBD, Y is ODD and SSB so LOY MGB. TRD still more likely than BRTD"
48,"SVT LOY and LOD, HL DB 2, W 14 37, W 31 37, AIBRE, PL, but 3 BBRB, NS. PP MRV after 3 BBRB"
50,"L1, but 3 CC BLB after SX, PS BB and below 48, NS. 37 L BOP and OOD MGA"
54,"II, BOM. L1, LOY MGB, but TRD still more likely, PS BB and below LOY. DB 48, HL DB 2, OOD MGA, 37 L BOP and 60ma also MGA, but TC, NS"
55,"DTBF 50, but 3 BLB, room to MA, S2. still AIS but MGA. might form TRI, like 28 at HOD"
57,"SVT LOY, W 37 48, FF 55 L2, OOD MGA, 54 H BSB MGA, AIBRE4, but CC BRB, B2, LOY MGB"
58,"2BR, AIBRE, but tail, just below MA, B2. L1, LOY MGB, but BLB, FF REVU, NS, PP BB and below LOY"
59,"COH, CC BLB after W bottom, PP AIL, but just below MA and at top of FF, NS, might form DT and TR"
60,"LH at MA, LH DT 55, but W bottom so PP 2LSU, NS"
61,"H1, but DD, just below MA and top of TR, NS. BBSB 57 so might dip below 57 H. BR want BO below 57 L NL DT 55, and then BO below LOY to trigger daily S signal"
62,"HL, OOD MGA, but DD, just below MA, NS"
66,"DT 60 at MA, but BLB, OOD MGA, still on 59 B for FF REVU and W bottom, NS. BR want BO LOY, but more likely will close in middle of day's range"
67,"OD, but tail, PP AIL, OOD MGA, S2"
