BAR NUMBER,DESCRIPTION
1,"YBX.. Y W 17 53 81, H was just below OOM. BLD in Y TR 53, PS TRO. MGA OOM, HOY, May 7 H, GXH. MGB 60ma, 72 L, 44 L, start of BL CH at 21 L, 4200 BRN, GXL."
3,"H1 but DD, PS TRO, B2"
4,"L1 but BLB, TTR, LOM, S2. MGB and MGA so might test both at some point today."
5,"BR BO but tail. Just above GXL. still TTR, TRO"
7,"DB GXL, MW 76 2, ET 64 72, COH, PL, but small bar, just below MA, NS."
8,"C above MA, but tail, DT"
9,"H1, still AIS from Y, 4 BLB, 15 min OO, MGA, but NS"
12,"H1, 7 CC BLB, OOM and HOY MGA, but weak rally, NS. PS W 8 10 11, ET 68 81"
14,"H1, BO OOM and HOY, 8 CC BLB, but tails, OL, PS ET53 65 81 7, NS, PP PB soon. less likely, strong BL BO"
15,"ET, BRB, but 9 CC BLB, GXH MGA, PP BB, S2"
16,"BO, C above 15, PS MG, but need FT. GXH just above"
17,"BLB so FT, but tail, increased chance of PB within a few bars. should get BO GXH soon"
18,"still BTC, GXH MGA, but BX so PS PB soon"
20,"BO, should get above GXH and reach MMTA"
21,"CCBLB, still BTC, but exttreme BX, PW 15 18, BBLL, PP PTG and PB soon, not strong BTC, B PB"
22,"PW, BX, BBRBC, AIBLE, PH, COL, but PP MRV, NWS, S2. should get PB here or soon. still MMTA, but TR likelly soon"
23,"H1, MMTA, but DBL 22, BBLL 21, PP only 2-3 more bars left before PB and TR"
24,"BX, MDT, AIBLE4, but still AIL, 9 BBLMC, MMTA, PS BB, S2"
26,"H2 but BRB, 20 BXL MGB, TR likely here or soon, B2"
28,"L1, SPBR, MGA are MA and 20 BXL, but more likely BRTR and not BRT, NS"
30,"W 32 27, but CC BRB, TC, room to MA and 20 L, PS MBO and SA, PS TR, NS."
31,"W, BBLB, but BBSB 30, PS STC, PP MBO and TR, NS, B2"
32,"LH, DT 28, MGB, but AIL, SBU 31, MGA, S2"
35,"H1 from 31 SBU, but far above MA. BR hope 34 is start of deeper PB. middle of TR, AIL, TGTA, should try to go HR, but might need to test SP below 1st. most should wait"
38,"BL IB, F BO 37, AIL, but middle of TR and MA MGB, NWS"
41,"DT LH MTR, TRI 22 36, PH, but PP MRV, NS. PP BB at MA or 30 L, MMTA"
43,TRI
45,"LHMTR, FBO DT and TRI, but PP MBO and more TR, NS"
46,"SBD, C below MA, but tail, 20GBB, AIL, PP MRV. BL want BRTP llike 30 37"
47,"20GBB, MMTA, but middle of TTR, NS"
52,"COH, AIL, above MA, MMTA, ledge 48, but apex of TRI, small bars and small moves UD, NS"
55,"3 BRB, but tail, C above MA. TTR, BOM, ledge and MMTA and mostly above MA so slightly more likely to get BLBO. still on LH MTR S 51 and 53"
57,"MDB 55, HL 46, COH and C above MA, ledge MGN just above. BOM, but TTR, NS"
59,"BO of ledge. BL want TRESU. BR want F BO and LH DT 45, LH MTR, but need strong S SB"
60,"W 36 45, DT MTR, OD, but MMTA, most C above MA, DD, AIBLE4, NS, S2"
63,"FF 56 TRI, HH MTR, BX, PH, AIBLE, but SBU 62, might get 2LU, NS"
64,"CC BRBC, PH, apex of TRI and MA MGB, but still AIL. H1 but CC BRBC, B2"
65,"OU, AIL, holding above MA, but TR, better to wait for breakout or 2nd signal. Low probability, bad for stop entries."">BBBR, PP not much HR since EG 62, PS PTR at 62 C, NS"
66,"L2 63, but BLB, S2. AIBLE4"
68,"BO, SBU"
