BAR NUMBER,DESCRIPTION
1,"Y was pause after 2 strong BL days. GU to new ATH. BGU from COY. since might get strong rally over next couple weeks, increased chance of T1B. If so, up is more likely. BR want 4 day BX to DT with June 14 H."
2,"H1, PL, but 2 DD, PS TRO, B2. F BO HOY but 2 DD, S2. LOM."
4,"BL IB, H1, AIL, PL, PS SPBL, but NS since small bars and all have tails so TRO more likely until CCBLBC"
5,"F BO HOY, PH, but tail, 5 BBLMC, S2"
7,"DB, PL, PS T1BU, but TTR, tails, far above MA, LOM, B2"
8,"DT 5, F BO HOY, L2 top, PH, but TTR, NS, PS BB for DB PB 2 7. TRO, BOM"
9,"DB PB, AIL, still on 7 B, but BRD, TTR, LP, NS"
11,"BO, CCBLBC, but not big BLB, tail, not strong BTC, NS, PS FF TTR 9"
12,"BL IB, H!, T1BU, 3 CC BLB, PP BB, BLE4, FF 9 but 3 BLB, S2"
14,"H1, IOI, SPBL, but BRD, NS. FF 9, L2 12, BLE4, but DD, S2."
15,"FF, MDT but BLD, S2"
16,"SBD, PH, FF 9 MGB, 9 H BBSB MGB"
17,"SBD, CC BLB, 2LSD likely. at 10 BX L and apex of FF 9 and below 9 H so PS bounce to 13 L and 3 H"
18,"IB, L1 but just above MA, NS. DB 10, H2 14, MGA 13 L and 15 L of BBSB, but BRB, 2LSD likely, PS SA, B2"
20,"L1, 2LSD likely, but 2 BLB just above MA, PS BB, NS. Still TRO"
22,"20GBB but BRB, CC BRB, PS AIS, B2"
25,"L1, SPBRT, HOY MGB"
26,"C below MA, might get BO and MMD. BL want W 17 23 and DB 1"
27,"W 17 23, LL DB 1, test of ATH and HOY, PL, BRE4, but TR, better to wait for breakout or 2nd signal. Low probability, bad for stop entries."">BBBR, 3 BRB, B2"
29,"OD, AIS, but PS BB for HL after W, NS, S2"
31,"H1 after W, COH, PL, BRE4, but SPBR, NS. oscillating around OOD, PS will remain TRD"
33,"9t, LH DT 25, but 3 BLB, S2. still on 31 B with stop below 31, which is about a point below a BLB 33. tail, PP still TRD"
34,"H1, CC C above MA, PP AIL, but PS DT 20, NS"
35,"DT 20, AIBLE4, but 5 BLB, BBLBC, S2"
37,"HL SPBL, but BRD and BBRB36, middle of TRD and at OOD MGN. NS, B2. DTBF 20 but 5 BLB, AIL, S2"
41,"H1, AIL, HOD MGA, but TR, better to wait for breakout or 2nd signal. Low probability, bad for stop entries."">BBBR, TRD, 3LU 35, PS SA, NS"
46,"HH DT MTR, ET 3 13, OO, top of TRD, W 35 39, BLE4. but middle of TRD, OSC around OOD"
47,"SVT OOD, but SBD, B2"
49,"MDB, test OOD, but big enough SBD for more 2LSD, NS, B2. still on 48 L1, but middle of TRD, NS, more likely BB and below 47"
51,"L2 just below MA, but middle of TRD, NS"
53,"W 41 47 at OOD, HL DB 30, OU, but TR, better to wait for breakout or 2nd signal. Low probability, bad for stop entries."">BBBR, middle of TRD"
58,"H1 at MA, 5 BLB, but near top of TRD, NS"
62,"DT 46, L2 57, but 10 BWBRB, PS BB, BLE4, but S2"
63,"H1 but BRD at top of TRD, NS, PS SA for MDT 62"
64,"OD, MDT, top of TRD, but 10 BWBRB, PP MRV"
66,"H1 at MA, BL IB, AIL, but NWS since might get 2nd or 3rd leg down like after 16 and 46. L1 but 2 BLB at MA after 10 BWBRB, NS, S2"
67,"BR BO, BR want test OOD, but PS BRTP. BR need FT"
