BAR NUMBER,DESCRIPTION
1,"LDM. LDQ. 8 day bull micro channel so PB likely today or soon. LOY MGB. DL DB LOY, but TR, better to wait for breakout or 2nd signal. Low probability, bad for stop entries."">BBBR, big tail and middle of TR so LP, PS SA. B2"
2,"CCBLB1C, but TR, better to wait for breakout or 2nd signal. Low probability, bad for stop entries."">BBBR, middle of TR so LP, B2"
3,"3 BLB, AIL, but TR, better to wait for breakout or 2nd signal. Low probability, bad for stop entries."">BBBR. LH DT 81, but 3 BLB, BB around 1 H and 50P, S2"
6,"DB HL, DB 63 1 PB, but 3 BRB, LOM, B2. still on 3 S for DT PB 56 81 DT. BOM, LOM, TRO, HPW"
8,"H2 6, PL, GX H and ATH MGA, but middle of TR, lots of tails, NS, B2, might get LH and then BO LOY for 1st PB on daily chart in 8 days"
9,"TRI 81 3, but 3 BLB, AIL 2, S2. BOM"
10,"DT 3, but DD, only 3 BRB today, AIL, S2"
11,"H1, but top of TR Y 28, PS PW 7 9 10, NS, HPW. AIBLE4"
13,"BO above TR Y 28, PS MG, but need FT. BR want BRB for F BO, like Y 14"
14,"F BO, COL, AIBLE, PH, but 9 BBLMC, S2"
16,"F BO TR 2ES, but BLB, GXH MGA, BL4, S2"
17,"BR IB, W 3 14, F BO TR 2ES, PH, but GXH MGA, PS BB, S2. H1, but BRB, W, GXH MGA, PP MBO, but should go at least 1t above GX H before swing down"
19,"OO, W 13 16, ledge, PH, but NS since GXH MGA and should get there so PP BB, NS"
22,"H1 but 4 BWBLB, PP SA. CC C below MA, but tails, 50P, GXH MGA, S2"
24,"H2 at MA, 50P, but DD, only 1 BLB in 6 bars, PS SA, NS"
25,"L1, but middle of TRD, PP will get above GXH, TTR, PS BB, NS"
28,"III, 50P, should get above GXH today, but C BRB, middle of TRD, B2. L2 after SBD 21 22, but TTR, 50P, NS"
30,"L2 25, BR want 2LSD after SBD, but DD just above MA, still on 299 III B, NS, S2"
34,"W LH 26 30, but TTR, still above MA and on 29 III B, BLB, S2. Still on 25 B. TTR, BOM, slightly HRP for BL BO"
37,"OU, FBO, SBU, H2 22, GXH MGA, but top of TTR, NS"
39,"F BO, but 3 BLB, BB"
41,"H1, OO, AIL, NS"
42,"OOO, more likely PB from 37 SBU than LH MTR. GXH MGA, NS"
43,"H1, still on 37 B, but NS since top of TTR. LH MTR, MDT 40 42, but LP, S2, like below 42 OOO, but still LP so NS"
48,"HL, II, but middle of TR 22, BOM, L1 after 42 LH MTR"
55,"IB, SPBR, but still above 37 L, NS. odds still favor BO of GX range, but might come in final hour since often get big move in final hour of quarter"
57,"test 6 BBSB H, ET 22 37, COH, BRE, but TC, NS"
59,"L1, SPBR, GXL MGB but PP too far. CCBLBC, ET, SX, PP BB, GX H MGA, S2"
60,"H2, COH, GXH MGA, but middle of TTR 22, NS"
63,"MP of 41 B and 57 B so PS some SBL will exit here, esp since W 58 61, but BLB and should reach GXH by EOD, PP BB. less likely, GXL, which is much further away. PS big move UD in final hour or after 12:30"
64,"W 58 61, BR IB, LH in BRC, BLE or BLE4, but TC 57 and GX H MGA, PS BB, NS"
65,SBD but PS BRTP so PS BTC. S2.
66,"BLB so BRTP 65, but tail, SA 65, PS more TTR, like since 22. Better than 50% chance of BOUD before EOD since EOQ and GXH and GXL are MGN"
67,"H1 and L1, BOM, but more likely to go up to GXH"
