BAR NUMBER,DESCRIPTION
1,"LDW. ODW. BL want week to close above MP and PS above HLW. BR want week to close below LLW. GU. Y is H1 BSB on daily, but big tail so LRP B setup. BLB but big tail, B2. MGA H last week, open of week, ATH, H of this week This week was OD and now BL want it to become OU"
2,"CCBLB1C, IB, H1 but not big bar and at RS of HLW."
3,"BO above HLW so now OUW after ODW. BL want week to C above HLW, OOW, and ATH and BR want C below HLW"
4,"F BO HLW, AIBLE4, but 3 BLB, tail, S2. MGB HOY, 60ma, ma, 4200 BRN"
5,"CCBRB, COL, PH, but TRO, LOM, BL might BTC. H1, but CC BRB, LOM, PS SA. PP LOM so B2, S2."
6,"H1, AIL, but CCBBRB, PS SA, NS"
7,"BLB but tail, C below 4 H, not strong BTC, B2. L2 3 but 2 BBLBC, S2"
8,"H1, but BRD and 3LU so PS SA for W top, NS"
10,"OD, MDT 7, L2 4, but PS SPBL and might get 3LU. PH, but weak S so NS, S2"
13,"H1, SPBL, MGA, but TTR 8, 3LU, LOM, B2"
15,"W 4 7, PH, AIBLE, but TTR 8, LPS, might go SW for many bars before going down so only S if can be patient, else wait. Still on 13 B, but AIBLE"
16,"BO W 4 8 15, still AIL, still on 13 H1 B, but C below 15 H so not strong BTC."
17,"H1, SPBL, but weak rally, PS BLTR, PS SA, NS. W 4 7, but BLB, LPS"
18,"II, BOM, H1, but weak rally, NS. W but SPBL, NS. 50% chance BOUD will reverse so NS. BT 10 H so PS MMU 1 L and 10 H, which is OOW"
19,"BO above II, COH, BTC, SPBL, MGA, but weak BLT so far so PP will reverse or enter TR before reaching TGTA"
20,"weak BLT, but 10 BBLMC, 5 BWBRB, MGA so might get strong BL BO at any time. .BR want W 7 16 but need BRB"
22,"H1, 13 BBLMC, II, MGA, but weak rally, NS. OOW and ATH MGA"
25,"IOI, BRB, W 16 20, PH, AIBLE, but TTR 17, SPBL, NS"
26,"3 CC BRB, should go to at least MA"
27,"L1, but BLB, just above MA, PP BB around MA, NS"
30,"20GBB, W 24 26, but 7 BBRMC, W top, MRV, PP SA and 2LSD, BL NWS"
32,"H2 at MA, 20GBB, but PP MRV and LH and 2LSD after W top, NS, PP NWS"
35,"H1, AIL, II, but PP TR. PP LH and 2LSD, NS"
40,"H1, AIL, but TR more likely than BLT, NS, PS SA for W 33 38"
43,"HH MTR, W 33 38, but 4 BWBRB, S2. AIBLE4"
44,"H1, AIL, SPBL 32, MGA, but top of TR, NS"
45,"HH MTR, W 33 38, AIBLE4, but SPBL, TC, small SSB, NS, PS BB"
50,"H1, SPBL, but DD, top of TR, NS. MGA OOW, HOW, ATH"
53,"II, but PS CC W 33 38 43 and 51 55. II so PS FF, NS. SPBL, MGA, but weak rally. OOW is MMU from 32 L to 45 W top"
57,"FF 53 II, but PP BB. MM is exactly at OOW, which is a magnet on a Fri so should get there. S2. TC, still BTC, 12 bar BL MC"
58,"H1, MMTA, but often get reversal around 11:30, NS, NWS. PS 3LU in CC W 51 57 after W at 45"
59,"CC W, AIBLE4, but TC, MGA, MRV"
61,"BO but tail and exactly at OOW and MMT, and CC W, so PS PTG here or soon. Still BTC, but BTW, else NWS. TCH, BR need strong BRB before S. ATH and HOW MGA"
62,"BTC, COH, but at OOW and BX so PS PT soon so NWS. most should wait for PB at this point. AIBLE4"
64,"CC W, f BO BL CH and OOW, PH, but TC, PP MRV, NS, S2. AIBLE. BX so might get 2LSD to MA."
65,"H1 but CC BRB at MMT and OOW, PS SA, B2"
67,"H1 but 4 CC BRB, PS SA, B2. still on 64 S, but PP MRV, not STC"
