BAR NUMBER,DESCRIPTION
1,"top of 8 week TR, just below ATH. BL want BO and 180 pt MMU and BR want DT with May 5 H. Y BX. BLD in middle of 20 bar TR, PS TRO. HLY and ATH MGA. BR want LH MTR."
2,"LH, PH, but only 1 bar up, small BRB, PP MRV, in TR 60, tails, OL, LOM, S2"
3,"3rd CC DD, LOM. MDB1, still on 2 LH S, HPW"
4,"4 DD, middle of TR, HPW. H1 and still on 2 S."
5,"SBD, but tail, need FT for MMD to 32 HL and 60 MA and LOY MGB. BL want F BO and H2 81"
6,"L1, but BLB, NS, PS BB"
7,"another SBD, but need FT, else PS PW 3 5 at 50P"
8,"L1 but BLB, PS PW 5 7, PS BB, NS. might get back above 80 L by end of hour since that is L of last 60 min bar and S SB on 60m"
11,"PW 5 7, PL, AIBRE, but TC, OU but C nor above 10, NS, PP MRV"
12,"L2, AIS, but PW, PS BB and below 11 LLH, NS, S2"
13,"MDB, 50P, PL but CC BRB, TC, PS SA, B2. 60ma MGB"
15,"LGB. 60ma and LOY MGB, AIS, but NS, PS BB"
17,"FBO PW and LGB, BLB, PL, AIBRE, NS, but TC and SPBR, PP MRV. GXL MGB, but PP BB GXL since not strong BRT"
19,"L1 near MA, DTBF 12, SPBR, GXL and 60MA MGB, BLE. slightly more likely will get 2LSU after SX, but PP will get below GXL at some point today"
20,"HL, still on 16 PW B, but small BLB just below MA, AIS, MGB, NS"
22,"L2 at MA, AIS, MGB are GXL and 60ma and LOY, but 3 BLB, NS. BLE4"
24,"CCBBRC, MGB, should go LR, but not strong STC, TR likely soon"
26,"DB 16, PL, AIBRE, but 3 CCBRBC, MGB, MRV, B2"
27,"LLMTR,, ET 11 16, PL, AIBRE4, but DD, 3 BBRB, GXL MGB, B2"
29,"H2 27, ET, LLMTR, PL, but GXL and 60MA MGA, B2"
32,"BO above MA, 4 CC BLB, PS AIL, but not big bars, GXL MGB. 90% chance of BO above GXH or below GXL today"
33,"CCBLBC, CC BO, but small bodies, still in TR 11, not strong BTC. BR want DT 21, but 7 BBLMC, S2. BLE4"
34,"DT 21, COL, AIBLE, but PP AIL, 8 BBLMC, S2"
38,"II. L1, 3 CC BRB, GXL MGB, but 50P, middle of TR, S2. HL MTR, PP AIL, but 3 BRB, tail, NS, B2"
43,"TRI 21 33, AIBLE4, but AIL, 5 BLB, S2"
45,"H2 36, HLMTR, but 4 BRB, GXL MGB, BR want TRSD, PS SA, BL want DB36 and TREVU. BOM. odds favor BO GXL since BL failing to get MTR"
46,"H2, but 4 BRB, middle of TR, BOM, NS, B2, PS SA for test GXL below LOD"
49,"L2 below MA, GXL and 60ma and LOY MGB, but BLB, apex of TRI, NS"
52,"F BO TRI 21 33 41 and LOD, W 16 27, W 36 45, but did not quite reach GXL and should get there today, 3 BRB, B2 or NWS, PP SA for BO GXL before EOD"
53,"L1, but BLB. GXL MGB so should go LR"
55,"DB 52, W 36 45 52, bur tail, GXL MGB, PP MRV, NS, B2"
57,"FT after SBU56. W, HLMTR, but still below MA and GXL MGB, PS STC, B2"
58,"L1 in BRCH, GXL MGB, but bottom half of TR, NS. BL want HL and 2LU from W"
60,"HL, but GXL MGB, 2LU from W, PS WBRF 53 56, so PS SA, NS"
63,"W 53 58, DT 47, BR CH 21, GXL MGB, but 4 C above MA, PS AIL, BR need BR SSB for test below GXL"
65,"BO, COH, SBU, BL want MMU to above 21 MLH, then above GXH. BR want BLTP and REVD to below GXL"
66,"BO but tail, C below 21 top of TR, B2. F BO, RB, but BLB, TC, AIBLE4, S2"
67,"BLB, C above 33, top of TR, GXH MGA, but might be too far above to get there. PS BTC, but still might get F BO. AIBLE4."
