BAR NUMBER,DESCRIPTION
1,"GU on daily and weekly, but tail, test May 16 major LH, PS DT daily, BTW"
3,"DT May 16, MW, F BO HOY and HLW, but BLB, BB, TRO,SS2"
4,"Big OD, PH, but PP 3, TRO, SS2"
5,"DB, should get above 3 L, but BRB, TRO"
6,SBU
8,"COH but no CC BLB, not strong BTC"
10,"L2 4, W 6 8, but BLB, SS2"
13,"LH after L2, but doji, AIL, BB"
16,"W 4 10, PH, but BLB, 2900 MGA, SPBL, SS2"
18,"COL, PH, HPW since 16 is bad SSB"
20,"OU, SPBL, 2900 MGA"
23,"H1, SPBL, but BRB"
27,SBU
30,"2LU, COL, weak rally so REVD likely here or soon, PH, but TC so PP MRV"
32,"3 CC BRB after BX at RS, PH, 2LSD likely, AIS"
35,"BBRB and 6th bar in STC so BTC BL will scalp and BR will take profits. 20 GBB, but AIS, MRV"
38,"20GBB, PW 32 35, COH, MAG, but 8 BRB, BB2"
39,"L1 but BLB, SX at MA, PP BB"
42,"DB 38, might test 34 SX H, but TRR just below MA, AIS"
44,"HH DT at MA, AIS, OOD MGB but SBD 43 so SWU"
51,"SDB, but PS FF 50. OOD MGN for rest of day since today is S SB on daily"
55,"SBD, BBRB20"
56,"L1, PS MG 55, HOY MGB, but BLB"
58,"FF 56, test HLW and HOY, EG 55, OOD MGA, AIBRE, PL but BRB"
59,"SBU, PL, should test 55 SX H and MA, and might test 43 H at top of CH and top of 18B"
62,"H1, 5 BBLMC, but doji, at TGT, OOD will PP remain magnet, PP DD"
69,"BBRB, but 11 BBLMC, PP BTC and EBRT"
