BAR NUMBER,DESCRIPTION
1,"GU, but small, PP will C soon. PL, but tail, not big bar, PS SA, btw"
2,"SBD, F BO HOY, AIS, but tail so PS SW. 1 was bad SSB so BB will test 1 L"
3,"BL ioi, but AIS, tail, SA"
5,"ioi BLF, but tail, still AIS 2, BTW"
7,"BL ioi but AIS, TTR, PS SA, BB2"
8,"big OD, AIS, but tail, just above MA, weak BR so far. Y was small day so PS OD today"
10,"H2 3 at MA, 50% PB, PL, AIBRE, should test 7 L and maybe 8 SX H, but small bar, HPW to B"
13,"OD, COL, L1, AIS, PS OD day, but 3 BLB, PS W 2 9"
15,SBD
17,"W 2 9, AIBRE, PL, but doji, 5 BRB, MRV"
18,"L1 but BLB after W, PP BB"
21,"L2 at MA, AIL, but after W and HL LOY so PS BL CH and PS LOD, NS"
22,"F L2 but just below MA, PS OD day, btw"
23,WBRF at MA but BLB
24,SBD
25,"STC, should get 18BO and PS OD"
27,"HL, F 18BO, PL, but doji, 3 BBRB, BB2"
30,"L1, PP OD day"
31,"STC, but PP not much more down before another bounce since BRC and LBLM"
34,"f BO LOY, OD, MW, but BRB, BB2"
36,"f BO LOY 2eb but BRB, BTW, PS SA"
38,"L2 but doji so LRP, TTR so PS FF"
40,"COL, STC, 60ma MGB, but PS FF 38 TTR"
43,"FF, COH, should test MA and 38 TTR, but MRV"
46,"DT 37 at MA, but doji, FF bottom, SS2, PP 2LSU. If new L, then W at MA so PP BB LOD"
49,OU
51,"4 CC BLB, C above MA, PP AIL, might get BO soon for MMU"
53,"BO, BTC, need FT for MMU"
56,"2LT but tail, 3 BLB, BB, SS2"
57,"H1, AIL, room to May 16 H above, but doji after BRB 56, PS DBL 55"
58,"2LT 2es, AIBLE, but PP MRV"
61,"BO, STC, 4 BRB, PP AIS"
62,"SBD, but SP below at LOD and 60ma"
65,"ioi, BOM, but bad B SB, SB. Bottom of TR 32 so PP BB"
68,"ET 63 66, BBLB, but top of TTR at MA, NS, btw"
69,"ET, BRB at MA, AIS, but PP BB since bottom of TR and BBLB 68"
