BAR NUMBER,DESCRIPTION
1,big doji in 4 hour TR. PP will dip below 60ma today or TM
2,"BL IB, DB HL MTR, PL, but TR, better to wait for breakout or 2nd signal. Low probability, bad for stop entries."">BBBR, PS TRO after big doji"
3,"Tri, LH, MDT, 60ma MGB, but CC BLB, LOM, btw"
6,"HL, PL, but apex of Tri, HPW"
8,"SBD, odds favor BO below LOY to trigger S signal after Y OD, and below 60ma"
11,"OD, MGB"
13,"f BO LOY and 60ma, LL MTR but 4 BRB, BB2"
14,SBY
17,"LH in BR CH, still AIS, LBR S for test 13 H since bad B SB"
19,"HL, COH, PL, but BRCH just below MA, BB2"
21,"L1 but at 60ma and bottom of CH, SS2"
23,"WWLF 19 21, but just below MA, AIS, BR CH, HPW"
25,DTBF at MA 20 but BLB
26,"SBD, 18BO, but bottom of BR CH"
28,"ii, L1, AIS, but bottom of CH, PS FF"
30,"FF ii 28, new L in BR CH, W 1 13, PL, but doji, GX L 1t below LOD so MGB, BB2"
32,"L1 but BLB, bottom of CH, PP BB"
34,"W 1 13 2eb, PL, AIBRE, but tail, just below MA. PP TRD and C around OOD"
36,"BO and BL FT, closed BGD 21, AIL, but tail, not C far above MA, might test 32 H NL of MDB"
39,"H1, BT 32, AIL, OOD MGA since middle of TRD, but doji, weak rally"
41,"DT 25, W 32 37, COL, test of OOD in TRD, AIBLE, but TC, legs usually last longer, SS2"
43,"H1 but 3 BRB just below OOD, SA"
44,"W 2es, but MRV"
46,"H2 at MA, AIL, but 5 BRB, BB2, TTR, SA"
50,BR BO but TTR so BTC
51,"F BO, H3 so W, AIL, but TTR, MRV"
55,"DTBF 48, OD, COL, but middle of TTR"
56,"cc BRB, SBD"
57,"DB 50, but PP SA for 2LD. 34 was bad B SB so MGB. BRTR, LOM"
59,"nested H2 50, 57, HL MTR, HSB 13 34, W 38 50, OOD MGA since TRD, but doji, TC"
60,"L1 but CC BLB, on 59 B, BB. Might test OOD"
61,"OU, should test near OOD since TRD and OOD is in middle 3rd"
64,"CC BLB COH, BTC, but testing 41 H and OOD, PS DT, BTW"
65,"DT 41, COL, but TC, room to OOD, SS2"
68,"H1 but TR, better to wait for breakout or 2nd signal. Low probability, bad for stop entries."">BBBR, 2 BRB, BB2"
