BAR NUMBER,DESCRIPTION
1,"GU but BRB, LOM"
2,"BLB, AIL, but tail, PP SA for test 1 H"
3,"CC BLB COU, AIL, but PP SA since LBR 1 H"
4,"BX, F BO HOY, PH, but 4 BBLMC, SS2"
6,"MDT, F BO HOY 2es or below 5"
7,"SBD, AIS"
8,"BBRB, but at MA, 50% PB"
9,"DB 1 at MA, 50% PB, 2LT 5, PL, but PP MRV"
14,"LH MTR, MDT 13, but 7 BBLMC, SS2"
16,"CC BRB, AIS, but TRO"
19,"L1, PP 18BO so ok S but TRD and PS BB around 60ma"
21,"L1, but BLB, W 1 8, BB"
22,"W 1 8, but 7 8 strong enough so that it might lead to 2 more legs down"
25,"L2, COL, but still on W B, PS SPBL, PS BB, SS2"
29,"W 21 25, but 1t doji, 3 BLB, SPBL. PP BLTR, but might test 15 H. SS2"
30,"H1, OU 26, SPBL, PP at least 1 more leg up, but small bars, PP BLTR"
33,"CC top, L4, LH in BR CH, but TC, MRV"
36,SBD but in TRD so PS BTC instead of STC
40,"SBU and FT, PP BB"
43,"LH, L2 32, PW 38 40, AIBLE, should dip below 32 H for LBR, but TTR likely"
46,"H1 but BX, SA"
49,"LH but MRV, TTR, just above MA, BB"
52,"H2 at MA but TTR, BX 43, BTW"
57,"W but TC, BB2, might be SA for BO below WBLF"
59,"F BO, EBRT, highest P of past 4 B signals, but still leg in TRD"
60,"L1, 26 L SP so MGB, but BLB, PP will get to 57 H and maybe 52 H even if BO below 58"
62,"H2 after H3 W, F BO26 37 DB, TGTA"
64,"DTBF, COL, but PP BB for 2LU to 57 H or 52 H"
66,"DTBF 2es, but middle of TRD, PS HL 62"
68,"cc BBRB, but tail, just above LOD and 60ma, PP need 1 more bar and BO below LOD and 60ma for STC"
