BAR NUMBER,DESCRIPTION
1,"BBRB, but only small BO below LOY and 60ma, 4 day TR, btw"
2,"BLD so weak FT. AIS, but BR need FT since only small BO. BTW"
3,"f BO LOY, MDB, but BRB, SA"
6,"F BO LOY 2eb, COL, PL, AIBRE, but BBRB 1 and 5 so PS SA and 3LD. Y had small range so PS OU today. MGA are LLW and OOW"
9,"DTBF at MA but tail, AIL 8"
12,"L2 below MA, COL, AIBLE, PH, but more TRO likely"
15,"HL MTR, but 3 BRB, just below MA, 6 BBRMC"
16,"CC BLB COH, AIL, but need FT after BO above 5 9 DT."
18,"F BO DT so W top, L2 9, 2LT, DT LH 1, 18B REVD, PH, 3 bar ledge top 11 MGB, but PS BB 11 H at MA after 3 BBLB"
20,"SBD, AIS"
22,"HL DB 6, HL MTR, BBLB COH, PL, AIBRE, but 4 BBRB, PP MRV"
23,"cc BLB, BTC for test HOD"
27,"DT LH, PH, but MRV, still AIL. PS Tri 1 17, LOM"
28,"H1 but tail, BBRB 27, PS SA"
29,"MDT, DT, but doji, just above MA, AIL, SS2"
32,"H2, HL, AIL, but MRV, need stop below 22"
42,"W 33 37 but TTR, BTW"
48,"F BO above W, but TTR, LOM, BTW"
55,"OO, HL in Tri, still AIL, might test OOW"
60,"ii, AIL, should test OOW MGA, but top of TR, BBRB 59, PS FF"
67,"SBU to OOW, 18BO, BL want MG and BO HOY for OU day, but top of TRD, BBLL, BR want F BO and EG"
68,"H1, BL want MMU to HOY for OU, but BRD at TGT, PS 1BFF, OOW might be MGN for rest of day"
