BAR NUMBER,DESCRIPTION
1,"BRD in Y UTR, LOM"
3,"DB PB 78 1, AIL from Y, but top of 5 day TR, BLD, LOM, BTW"
4,"C above 3 so PS MG, CC BLB, AIL, but top of 5 day TR, 3 doji so bad BSB, TBW"
6,"L2 2 but doji and 3 BLB, BB"
7,"H1 but top of TR, doji, LOM, BB2"
8,"ST HOY, W 1 6 but 2 BLD, AIL, SS2"
10,"DB 7 at ma, AIL, but BRB"
12,"BO HOY, CC BLB, PS SPBL and BTC"
14,"doji in BTC, DBL"
15,"HH MTR, W 1 8, PH, AIBLE, but tail, TC, SS2"
16,"still SPBL, BGU 8, but weak rally, PS BLTR"
17,"H1, AIL, but 2 BRB, W"
19,"DT with W, but 3 BLB, BB, LOM"
21,"H1 above MA, but CC BRB, LOM"
23,"Tri 15 19, BOM. DT PB, but C above MA, SS2"
26,"BDU above 8 now closed so TR or BR leg, but small bars, TRD so far"
27,"H2 21 but 4 BWBLB, SA"
28,"L1 but BLB, BRTR, PP BB and below 27. Might test 10 HL"
34,"L1, iii, 10 L and LOD and 60ma MGB, PP AIS, but PS FF many small bars, PS FF and BB, BTW"
38,"SBU 37 38, AIL, but still TRD"
42,"H1 but middle of TRD, SA 41"
45,"ii, AIL, but TTR, middle of TRD, should test 36 H for LBR"
47,"LH MTR, HST 74 15, but middle of TRD and in TTR, SS2"
49,"OU, DB, and a measured move up"">DBBF 42, still AIL, but top of TTR39"
50,"CC BLB, not much OL, PS BTC, but middle of TRD, BTW"
52,"F BO, doji, BB, PP BTC, but TTR all day, small bars, near top of TR"
55,BBLR late in BL so STC
57,"H1 but BBRB 55, LH MTR 55, SA, should test OOD"
59,"LH, might test OOD, but 3 dojis"
60,"SBD but TRD, PS 2LT, PP BTC"
61,"H2 but doji, OOD MGB, BB2"
67,"W 57 60, nut MRV, OOD in middle 3rd so MGB. 4 BRB, LBR SA"
69,"LH, should test 67 H, but BB for 2LSU after W"
