BAR NUMBER,DESCRIPTION
1,"BGU. BRB, tails, PP LOM, btw"
2,"SBU, PS DFU"
3,"cc BBLB, DFU"
5,"BX, but 4 BBLMC, BB"
8,"BX 2es, AIBLE, PH, but TTR so LRP, TR, better to wait for breakout or 2nd signal. Low probability, bad for stop entries."">BBBR"
12,"WBLF 6 8, AIL, PL, AIBRE, but TTR"
15,"DT PB but doji, 4 BLB, BB"
16,"OU, new HOD, but need FT"
19,"F 18BO, PH, MDT, COL 18, AIBLE, but PP MRV"
22,"H1 but doji, SBD 21, BB2"
23,SBD
24,"LL DB 12, 20GBB, 2LT 22, COH, but BDUC, BB2"
28,"cc BRB, BBRB, but tail"
29,"cc BRB C below 12 23 DB, AIS, but tails, PP BRLR. Since 1 was bad B SB, might test 1 H"
31,"F BO DB, W 21 23, shrinking BRB, PP BRTR, 50% PB, iii MGA, but 4 BRB, BB2"
33,"L1 at MA, AIS, 1 H MGB for SBR, but weak BR, PP BRTR, 26 H MGA"
35,"W 23 30, BL IB, iii FF and 26 H MGA, AIBRE, but TC, PP MRV"
39,"DTBF 33, but 2LSU likely after W, iii MGA, 4 CC BLB, BB"
41,"BR IB, COL, AIS, PS test 1H, but TTR 30, PS BB 34 W"
43,"BBRB COL, SBD"
44,"W 11 34, F BO W 23 30 34, AIBRE, but BLD, MRV"
47,"L1, AIS, 1 H MGB, but tails, SX 44, LBLM, 26 H MGA, PP BB"
50,"L2 46, but BLB, SX 44, PP BB for test 41 H and maybe 26 H"
54,"COH, MGA, PP AIL, BTC"
58,"H1, room to 26 H, but BRB, PPSA"
62,"oo S, might test 46 H BOP, AIBLE, but TC, MRV"
66,"H1, testing 46 H BOP and 34 L, but 4 CC BRB, COL, AIS, BB2"
68,"BR ioi, 49 bottom of BL CH MGB, but middle of TR, PS IOI FF"
