BAR NUMBER,DESCRIPTION
1,"FOMC announcement at 11 am PST today. Day traders should exit positions before the report and wait until at least 10 minutes after the report before trading again to allow for a trend to begin."">FOMCD. BRD in Y TR, LOM"
3,"Tri 44 78, PL, but 3 BRB, LOM, BB2, PP SA"
5,"CC BLB, COH, AIL, but still in apex of Tri"
6,"3 cc BLB in Tri, BB, but DT 1, BOM"
10,"BO but small, tail, apex of Tri"
11,"FT, more down, but BOM"
14,"L1, 8 BBRMC, but BLB, bottom of TR, BB"
15,"DB 3 but 9 BBRMC, doji, BB2"
17,"L2 but BLB, LPS"
18,"F L2, DB 2eb, PL, but doji, just below MA, HPW since bad BSB and might get Nested tri"
20,"L2 14 16 BRF below MA, PH, PS MMD below LOD, but bottom of TRD"
22,"f L2, PS SPBL, BL will B above 22 or BLB 21, but very tight range and small bars, LP and small reward, not strong setup, still in BOM"
24,"WBRF 17 20 at MA, PH, but still in BOM, and AIL after cc BL COH 24, PS BB, SPBL"
26,"H1 in SPBL, but CC BRB, very tight range, BRB"
28,"FT after 27 BO, still AIL and SPBL, might get new HOD. F BO above W, but doji, PP BB, SS2"
30,"BR IOI DT 10 SX, AIBLE, but still SPBL, SS2"
33,"L1 but BLB, LOM"
36,"L2 but very TTR, PS BTW for FOMC"
38,"H2 33, DB 20, but very TTR, BTW"
46,"BO and FT but small bars, bottom of TR, PS more BRS than SRS, wait for 11 am report"
47,"f 18BO, but TTR day, report 11 am, btw"
55,"huge bar on FOMC report, DFU. but wait for at least 2 bars before trading since usually get reversals on 1st 1 – 2 bars"
57,"H1 but tail and after BBRB, PS SA, BB2"
58,"MDT, but 2 BLB, AIL, PP BB around 50P"
60,"H2 at MA and 50P, AIL, but still BUDC, PP DBL around 55 H"
61,"BBLB but tail, DBL 55, many BL will S to take profits, thinking TR instead of BLT"
62,"DT 56, but TR, better to wait for breakout or 2nd signal. Low probability, bad for stop entries."">BBBR, bottom of TR, PP still AIL and BB"
63,"H2 60, ET 57 69, but tail, 3 big BRB, PP MRV up"
68,"FT after 67 BO, PS MG"
69,"COL, 3 BLB, AIL, BTC, but just below HOD, many reversals, LPB, NS"
