BAR NUMBER,DESCRIPTION
1,"BGU. New ATH. Now cc outside months on monthly chart. If July goes above June H, then probably up for several more months. BBRB, f BO ATH, PH, but HPW"
2,"H1, PL, but small BLB after BBRB, still on 1 S, BB2"
3,"L2, but tail, BTW"
4,"MDB, PS T1BU, but far above MA, PP TRO"
5,"CC BL, COH, AIL, BTC, but TRO likely"
8,"Tri, BOM, many Fd stop entries, LOM, BTW"
9,"OD, CC BRB, but TTR, BOM"
10,"BO, STC"
11,"F BO, H2, AIBRE, but doji after BBRB, far above MA, PP SA"
12,"L1, room to MA, AIS, but big doji 11, PS W 2 11, LBLM 2 L"
13,"COL, room to MA, STC"
14,"W 2 11, PW 7 11, just above MA, COH, PL, AIBRE, but TC, SPBR, AIS, PS MRV"
19,"L1 but doji, 2 BLB, LBLM, PP BB 14 and at MA"
20,"L1, AIS, but cc BLB at MA, LBLM, PS BB 20 and 19. BR want BO below 19 to trap LBL"
23,"another GB, still SPBR, SBD, but PS EG, AIBRE"
24,"OD, SPRB, but PS only 2LD 22, SS2"
26,"EG 2eb, AIBRE, but MRV"
30,"DTBF 20, but PP MRV after SX. 40% chance of MMD below 26"
31,"CC BBRB, might be AIS"
32,"3 CC BBRB, AIS"
33,"huge BRB, might C GU, but SX, PP PTG soon"
35,"SX, 50% PB from LOY, test HOY, SBU, PS LOD, might C GD below 26 and test 30 SX H"
37,"BX at MA and 26 L, AIBLE, but AIL, PP MRV, BB around 34 H and 50P for 2LSU. PP TR"
38,"H1 but CC BRB just below MA, BB2, PS SA and TR for next 2 hours. Top of TR might be 30 SX H"
42,"OO BLF, should test 30 SX H, and PS HOD, but PS FF"
46,"COH, 30 H MGA, SPBL, but top of BL CH so PS TR soon"
48,SBU
49,"BX, F BO 30 H, AIBLE, but SPBL, MRV, might test 46 BX L, PP 2LSD"
54,"oo at MA, AIL, but TTR"
55,"ooo BLF, BL want rally to continue to HOD, PS MG 44 H, but TTR, PP BLTR, MP of day will PP be MGN for rest of day"
59,"F BO, MP MGB, but tail, 5 BBL MC, might get 1 more leg up to W 49 58. Less likely, rally to HOD"
60,"H1, SPBL, HOD MGA, but BRB"
66,"W 49 58 but SPBL 55, BLB, TC, SS2"
68,"H1 but CC BRB after W, BB2, PS SA for test of MP of day, around 55 W L"
69,"BBL, COH, still AIL, H1, but top of W, 50% chance F BO"
