BAR NUMBER,DESCRIPTION
1,"BO below Y BL TL, but TC, MRV. BRD, LOM"
2,"H2 80, May H and COY MGA, but 2 dojis, PP TRO, BB2"
3,"MDT below MA, but 3 dojis, LOM, BTW"
5,"H2, COH, PL, but many dojis since 79, TC 78, PS MRV"
6,"L1 at MA, but doji, CC BLB, PS AIL, LOM"
9,"L2 but doji, AIL, still on 5 B, May H and COY MGA, BB"
12,"cc C above MA, H1, should test May H"
13,"SBU, PS MG, BB"
14,"H1, AIL, TGTA, but BRB, PP BLTR"
17,"PW 11 13 17 18, at MMT and May H and COY, COL, AIBLE, test of HOY, PS ID, PH but TC, SS2"
19,SBU
20,"CC BBLB, but tail, CBX 11 13 15 and each one getting bigger so PS EG and HOD"
21,"PW 11 13 15, PH, AIBLE, PH, might get DD, like Y so might get COD around OOD. 18 H MGB since bad BSB"
22,"H1 but BRD after BUD and BBRB and PW, SA"
23,"PW 2es, PH, but TR more likely"
24,"H2 but 2 BRB, PP SA, PP AIS, might test 18 H for SBR and 19 BX L, and PS OOD for DD"
26,"OD, should test 19 L"
27,STC
29,"still STC, but tail, DB 18 bottom of 19 BX, test of 3 H BOP, PP bounce soon"
30,"BL IB, AIBRE, BB2 since 4 BRB"
32,"L1, MMTB, but 2 BLB, PP BRTR, PS FF"
35,"PW 24 29, BLB so AIBRE, test OOD, but doji, 3 BBRB, BB2"
37,"L1 but PW, test OOD, SS2, PP BB for test 32 SX H and May H"
39,"ioi, MDB 34 38, BRTR, but BRD just below MA, BB2"
41,"W at MA, but doji"
45,"MDT 43, below MA, no BLB in t5 bars, AIS, but TTR"
48,"DB 34, COH, 60 min ii, Tri, BOM, but near top of TTR, 7 BWBLB"
55,"L2 40, but TTR, 8 BWBRB, MRV"
60,"DB PB, should try to close the week at new ATH, but doji OD just below MA, middle of TTR 30"
65,"LH, L2, COL, but HOY ATH MGA, May ATH MGA, PP BB"
69,"BO and FT, but at tgts and LBR might get PB below 55 H, not strong BTC, more TR likely"
