BAR NUMBER,DESCRIPTION
1,"BLD just below MA, 2 day TR, LOM. Y was SSB on daily so might test below LOY at some point today."
2,"H1 in reversal up, but BRB just below MA, TRO"
3,"L2 below MA, COL, PH, MGB are LOY, 60ma, GX L"
6,"HL MTR, H2, but 2 BRB, BB2"
8,"CC BLB, AIL, but tail, not BBLB, still in TR"
10,"f BO HOD, DT 1, AOBLE, PH but tail, SS2"
12,"OU but PS W 1 9 at Sept/May DT RS, BB2"
13,"W 1 9 at MA, MGB, PH, AIBLE, but tail, TRO, SS2"
15,"DB 12 but doji, CC BRB, MGB, PP SA"
16,"OD, SSB for test LOY"
18,"HL MTR, W 12 15, BT 6, PL, AIBRE or 4t above, but doji, 2 BRB, BB2"
21,"DT 16, still on S below 16 OD, but BLB, SS2"
23,"F BO W 18, HL MTR, test 6 bad BSB S for SBR, but TR, better to wait for breakout or 2nd signal. Low probability, bad for stop entries."">BBBR 22, LOM, MGB"
27,"DTBF 22, but ledge 20, 2 BLB, BB"
33,"HL, W 28 30, COH, but middle of TTR day, LOM"
35,OD but bottom of TR. 60ma MGB
40,"HL 23, bottom of TR, but LOM, 60ma MGB, TTR"
49,"DB 23 but TC, BB2"
50,"BBLB, BO TC, but PP STC, like 12 19 24 33 35. BB2"
51,"OD, EBLT 50, should test LOD and PS LOY and 60ma"
52,"cc BRB, STC"
53,bigger BRB so might get PTG
54,"F BO, EBRT, AIBLE, but BB2"
57,"L1, MGB, but 5 BBLMC, PP BB around 53 L"
60,"LL DB 53, PL, but BRB 60, still BRCH, 60ma MGB, BB2"
64,"Tri 53 60, just above LOY and 60ma MGB, buy TRD so OOD and 51 SX MGA. but BL need more BLB and COH to flip to AIL"
66,"DT 62 at MA, but 3 cc BLB, PS BB and below LOD and at 60ma"
69,"oo, TRD, BL want test OOD and 51 SX H. Br still want to trigger daily S by going below LOY"
