BAR NUMBER,DESCRIPTION
1,"Y triggered S signal on daily chart. BRB below MA, PS HOD, BR CH, AIS, but CH, SS2"
2,"SBD, cc BRB, but PS SX"
3,"f BO LOY, COH, PL, F BO LOY, SX, but small compared to 2, BB2. L1 but BLB, BB"
6,"L1, AIS, but BBLB, BLB 3, SS2"
7,"cc BRB, COL, AIS, STC, but still deciding whether 6 is L1 or 7 is PB from 5"
9,"OD, did not trigger B above 8, SBD"
11,"F BO LOY 2eb, PL, AIBRE, but doji, 6 BBRMC, MRV, BB2"
13,"L1, COL, PP new LOD, but PS W bottom and PP BB 11"
15,"L1, AIS, but far below MA, BLB, LBLM, PS W 4 11 and BB"
18,"W 4 11, PL, MDB 14, AIBRE, but 2t tail and only 2t body, HPW. Small BSB so 50% chance of BO below and then 2nd B SB"
21,"f BO, 2eb, PL, but doji, TTR, many BL will wait to B above bigger BL body"
24,"DTBF 13, 20GBS, but 2nd LSU likely after W, MRV"
26,"HL MTR but 3 BRB, BB2"
29,"HL MTR, ii, but 2 BRB, apex of Tri 20 26 29, BB2, SS2"
31,"HL MTR 2eb, AIL, but just below MA, apex of TRI so BOM"
34,"Tri 13 23, but 33 bad SSB, LOM"
36,"F BO 26, LL DB HL MTR, but BRB, LOM"
38,SBD. Tri PS FF above
40,"F BO, EG 38, FF 36 Tri, but 39 BRB so bad BSB, BB2. DBR so BB around 39 C, SS2"
41,"L1 but DBR 40, tail, Tri MGA, might be BB around 39 C"
44,"huge RB 43, 2LD, AIBRE, PL, Tri 36 MGA, but TR, better to wait for breakout or 2nd signal. Low probability, bad for stop entries."">BBBR"
45,"DTBF 42, but PP AIL, SS2. PP BB and around 50% down at 44 L for test 37 H at apex of tri"
46,"HL, AIL, MGA, but doji"
49,"CC BLB COH, AIL, PS MG"
51,"H1, AIL, but CC BRB, BB2, PP SA"
53,SBD
54,"CC BRB, AIS, but PP MRV in TR, 43 will PP remain LOD"
56,"HL MTR but 6 BRB, MRV, BB2"
58,"L1, AIS, but PS BB 56. Still more likely 43 will remain LOD"
59,SBD
60,"CC BRB, STC but just above LOD"
64,"PW SX, OU, W 18 43, PL, AIBRE above BLB or 4 – 8t above BRB, but 5 BRB, bear ib 63 so bad BSB, MRV"
65,"CC BLB COH, more up"
68,"MA in BR CH so BR will S, might test 63 H, but 5 BLB so PP HL around 63 H"
