BAR NUMBER,DESCRIPTION
1,"Y was BR CH so BLF and today PP TR. BO above BRCH but doji, LOM"
2,"CC BLB, but 4t tail, far above MA, BB2"
3,"BBRB COL, BX 2, PH, but PP BB around MA, BUDC, PP TRO"
4,"CC BRB, AIS, T1BD, but near MA and 50% PB, TR"
5,"H1 at MA, 50% PB, but BRD and 2 BBRB, BB2, SA, but still PP TRO. Might get 1 more leg down and then W with 1 and 5"
7,"ioi but 3 dojis in TTR, PP BB and SA, btw"
8,"BO, PS MG 1 L and 6 H, COY and LOY MGB, but PS W bottom and test of LOY"
9,still STC but PS W bottom around LOY
12,"HL MTR, W 1 6, PL, PS ID, but 5 BRB, PP SA 11, BB2"
14,"DT BR 6, SBR 11 H expect test 11 H, but doji, CC BBLB after W HL MTR, AIL"
17,"F BO DT 6 14, AIBLE, but TR, better to wait for breakout or 2nd signal. Low probability, bad for stop entries."">BBBR, at MA in middle of TR so LP, LOM, SS2"
18,"DB, and a measured move up"">DBBF 15 at MA, AIL, but BBRB 17, top of TTR, TR, better to wait for breakout or 2nd signal. Low probability, bad for stop entries."">BBBR, BB2"
20,"W 13 16, 50% PB, AIBLE, but tail"
22,"FT after SBD, but bottom of TRD. HL MTR but doji, BB2"
23,"HL MTR, PL, AIBRE, but SBD 21"
27,"W HL 18 22 but 3 BRB, BB2"
28,"L1 but BLB, bottom of TTR and TRD, mostly LOM"
30,"DB 23 HL MTR, but top of TTR 22"
32,"H1, need BO above 31 for MMU, else W 28 30"
33,"WBRF 28 30, 24 31, top of TTR, but only 1t BRB, MRV"
36,"DB PB 27 29, apex of Tri 9 27, BOM"
39,"BO NL DB 29 35, but TRD, LOM, small bar, tail, LBR S 33 H"
40,"F BO Tri and 33 H, W 24 33, but 4 CC BLB, SS2"
41,"HL in BL CH 29, AIL 30, but top of TR, LOM"
45,"DB 35 but 3 BRB, BB2. BOM 29 L and 39 H"
48,"big BO bar, PS MG"
49,"FT, more down"
54,"MDB just above LOY, 29 L BOP MGA for SBL"
57,"L2 at MA but BLB, PS BB, SS2"
58,"BRB, just below MA, but tail"
60,"HL DB 52, COH, PL, but TR, better to wait for breakout or 2nd signal. Low probability, bad for stop entries."">BBBR, LOY MGB"
62,"CC BBRB, BO, STC, L1=2 and TR MMTB and LOY MGB"
64,"L1 but BLB at SP, PP BB"
65,"ET Y 62 78, W 11 52, MDB, MMD, PL"
67,"L1 at MA, PP still AIS, but CC BLB, W bottom, PP BB for 2LSU, SS2"
68,"H1, test LOY, PP 2LSU"
