BAR NUMBER,DESCRIPTION
1,"GU above Y BR CH. since 2nd day with BR CH, Hr P of SU today. After 4 BR days, today will P C above OOD"
3,"ii BLF, but TR, better to wait for breakout or 2nd signal. Low probability, bad for stop entries."">BBBR, just below 60ma and 19 top of Y BR CH. PL, but NS, HPW for BO above RS"
6,"F BO ii, 60ma, test HOY, PH, COL, but 6 BBLMC so PP SBL below, NS"
10,"DB HL 1 at MA, PL, but doji, 4 BRB, SA, TRO"
13,"LH MTR, LH DT 6, PH, but just above MA, middle of TR with DT and DB, BOM"
17,"BR ioi in BRCH, but C above MA, still in BOM, SS2"
18,"H2 10, MDB, COH, AIL, PL, but middle of BOM"
21,"OD, but tail, still on 18 B"
22,"SBD but big tail. AIS, btw"
24,"L2 but BL ii, tail 22, lots of TR PA today, PP BB"
25,"MDB 23 after tail 22, but BRD, MRV"
27,"L2 but 2 BLB, LOM"
28,"H1 but at MA, PS W"
29,"W 24 27 at MA, but LOM, BRD, 50% chance BB and BO above W for test 60ma and HOD"
31,"F W, PS MMU"
32,"COH, BO, BTC"
35,"2LT at 60ma and HOD, ii, but tail, odds favor TRD or BLT, SS2, might get BO above 60ma"
36,"H1 but 2 BRB at 60ma and H of TRD, PP SA"
39,"OD, DT 6, L2, but 2 BLB, just above MA, TTR likely"
44,"DT 39, OOD MGB since TRD, but BLB, TTR, SS2"
48,"H1 after oo, AI, but BL need strong BO since OOD still MGB"
50,"FF Tri 35 43 46, but doji, TC"
53,"small OO, FF 2es, but small SSB 52 so 50% chance 1 more new H and then 2nd S signal. BR want test of OOD, but FF is MGB and PP will not get down to OOD"
56,"H1 at MA, ledge MGA 52 H, but small bars, PS SA 52 for W 39 49"
60,"H1, ledge H MGA, GX and HOY MGA, but TTR, PS W"
62,"DT 52, truncated W 39 49, OOD MGB"
66,"BO but TRD, DB 36, PP more BTC than STC. 5 CC BBR, PP SA, BB2"
71,"ioi, bottom of UTR, but doji. Oo S, OOD MGB, but bottom of UTR, and day will PP C above OOD. Btw"
