BAR NUMBER,DESCRIPTION
1,"GU, but doji, HOY was ledge 52 so increased chance of PB below top of ledge and HOY. LOM. Today is Fri so MP of week might be magnet if week cannot get up to HOW or down to LOW"
2,"cc doji, LOM"
3,"ii, F BO HOY, Y ledge top MGB"
4,"SBD, should dip below HOY"
5,"test of HOY, ma, 60ma, 50% PB, 3 L ii MGA, but 5 BBRMC, PP SA, BB2"
6,"L1 but BLB just above MA, B"
9,"L2 but 2 BLB just above MA, TTR"
10,"OD, AIS, might get 2LD 4, but tail, TTR just above MA, PP BRTR, might get W 1 5, btw"
13,"HL DB 5 at MA, PL, but tail, TTR, MGB 60ma and COY, BB2"
16,"DT, but doji, 3 BLB, no C below MA, SS2"
20,"HL above MA, but TRO, tail"
24,"SBU. Tail so weaker BO, but AIL"
26,"F BO, COL, W 9 18, LH DT 1, PH, but SS 2 since 24 25 SBU"
27,"H1 but weak rally, tail 24, BB COL 26 so PS more SD, stop below 20. Might oscillate around MP of week, but BL want C above OOW"
29,"H1, TC, AIL, but lots of TR PA so PS BLTR"
33,"H1, but BRB. Do not S above since should get 18BO. Also, SPBL, only 1t PB in 13 bars"
35,"SBU, but since 18BO, 2LU more likely than EG. BX at MMU from LOD to MP of week so PP PTG soon, but SS2"
36,"F 18BO, COL, AIBLE, MMT, PS EG 35, but SBO, BO, SS2"
39,"H1, but 3 dojis, BX, far above MA, BB2"
44,"BR BO and FT, TGT 34 BX L, OOD, MP of week, but just above MA"
48,"H2 39 at MA, 20 GB B, BLB, but 9 BBRMC, MGB, PP SA, BB2"
52,"BR BO and FT, might test 27 L since bottom of CH in SCT"
58,"H2 at SP of OOD and MP of week, but doji, TC, might have to test 27 L"
60,"H3 in TTR so Tri, PL, 51 SX H MGA, but just below MA and still might have to test 27 L, BB2"
61,"f BO tri, 27 L MGB, but 2 BBLB, BOM"
63,"Tri 55 61, cc BRB, MDT, BOM, but PP FF. 51 H MGA"
67,"FF 62 Tri, but doji"
68,"small BL OU, but weak B SB 67, LOD and 60ma MGB, BB2"
70,"FF 2eb, OOD MGA, but 6 BTTR, many dojis"
