BAR NUMBER,DESCRIPTION
1,"opened just above Fri L, which was May L. May was big OD so June might be IB on monthly chart. Some bulls will B the open, betting on early L of month. Also PW on daily so bounce likely this week. SBU, but TR, better to wait for breakout or 2nd signal. Low probability, bad for stop entries."">BBBR, LLM MGB, BB2"
2,"F BO, LLM and LOY MGB, but might be BB around MA and 50% PB. odds favor BO below LLM at some point today since May is S SB and its L is close enough to be magnet"
3,"f BO, BR CH, COL, PH, LLM MGB"
4,"SBD, triggered monthly S, but TR, better to wait for breakout or 2nd signal. Low probability, bad for stop entries."">BBBR, SS2"
5,"IB so L1 but TR, better to wait for breakout or 2nd signal. Low probability, bad for stop entries."">BBBR"
8,"f BO LOY, SX, ET 74 80, PL, but 6 cc BRB, SA, and TR, better to wait for breakout or 2nd signal. Low probability, bad for stop entries."">BBBR, BB2"
9,"L1 but BBLB 8, CC BLB, BB"
10,"OU, PS MG, AIL, PP 7 is LOD"
15,"doji, 8 bars into BTC so PP PTG soon. AILBE 6 – 8t below. But, LBL below. Might get deep PB to LOY. SS2."
16,"SBD, ET 76 2, but MRV since 8 BLB. Rally is DFU"
17,"H1, PP OU day, but doji after BX and SBD, WSS. Should go at least 1t above 15 L for SBL"
19,"DT 15, LOY MGB, but 3 BLB, SS2, PP will be OD day so HOY MGA"
21,"CC BBRB, PB AIS, might test LOY and 7 H for SBR"
23,"H2 at ma, OU, AIL, but 3 BRB, BB2"
25,"LH in BR CH 15, might test LOY, but dojis, LOM"
28,"CC BBRB, COL, STC, but just above LOY. Might test 7 H since not good B SB"
29,"COL, CC BRB, TGTB, STC"
32,BBRB after 5 STC bars so PP PTG soon
38,"ET 80 7, oo, PB to below bottom of 7 rally, PL"
39,"L1 but BB, should trigger oo B 38"
41,"L2, MW, DBL, might get out BE. Tail, not strong S, PS FF"
42,"COL, L2, AIS, but PS FF and BB 38"
43,"LL DB 38, TRD 2eb, W 7 38, PL, but TC 37 so PP MRV, might reach LLM"
46,"L2, but 3 BLB, PP BB for test OOM"
48,"F BO OOM, W 40 46, but BLB, SS2"
49,"SBD but bottom of TRD, SS2"
50,"ET 37 43 but BRB, BB2"
53,"H1, LLM MGA, but 2 dojis, LOM, BTW. LLM might be MGN all day"
56,"LH, test LLM, but 3 BLB, SS2"
63,"HL MTR, H2 58, but 3 BRB, LOM, btw"
64,"OD, AIS 62, but bottom 3rd of TR"
68,"BR IB, BP S, but most bars have prominent tails, and many reversals so TR PA. AIS but NS, HPW"
