BAR NUMBER,DESCRIPTION
1,"reversing up from bottom of CH on 60 min. should test top of CH and May 13 L BOP within week. GU, BO above 60ma, 2 day island bottom, COH, PL, but small bar and small GU, BB2"
2,"f BO HOY and 60ma, OD, PH, but just above SP, SS2"
3,"H2 1, BT HOY and 60ma, PL, but only BLD, PP SA, BB2"
4,"MDT, but 2 dojis, still above HOY, SS2"
5,"W 1 3, test HOY and 60ma, PL, AIL, but BRB, SA, LOM, still on 2 S, BB2"
8,"F BO HOY 2es, still on 2 S, but doji, LOM, HPW"
9,"BP from 6 BO above W, PL"
10,"CC BLB COH, BTC, but PS FF 8 TTR"
13,"FF 8, MDT, but 5 BLB, SS2, PS BB"
16,"H1, AIL, weak SPBL, but BRB, PS SA HOD for W top"
18,"COH, AIL, BTC, but PS W 2 12"
21,"W 2 12, F 18BO, PH, but 4 BLB, small S SB, SPBL, HPW"
22,"H1, SPBL, BTC, but far above MA, PS SW"
26,"H1, but BRB. SPBL, do not S"
30,"NW, W 2 12, PW 21 26, might test 22 L bottom of PW and MA, but SPBL. AIBLE, SS2"
31,BBRB in SPBL so BTC. PP TTR
34,"MDB 32, but doji, 5 BBRMC, room to MA, WSS"
38,"f BO 37, 20GB B, AIL, but TC 38, PP more TR"
39,"SBU, BTC"
42,"BX, AIBLE, SS2"
44,"2es, MRV, might test MA"
47,"20 GB B, but 99.5% chance of at least 3 bars today falling at least 3t below MA at some point"
50,"SBD, W, but BLB 49"
51,"H1, 2800 BRN and May 13 L MGA, but W 30 42, 99.5% chance of 3 bars falling below MA at some point today"
55,"W 42 49, MA TGTB, AIBLE, but tail"
57,"3 CC BRB after W top, MA MGB, PS STC for 2LSD to 47 HL"
59,"DB 50 but 4 BRB and W so SA and 2LSD, BB2"
60,"LH, 2LSD likely, but doji bar after BLB"
62,"H2, 2800 MGA, but only small PB below MA after many bear bars, PS LH and bigger 2LD. No C below MA all day despite half of past 30 bars being bear bars so PP more SD"
64,"L2 LH, but doji, TTR, still on 59 B, AIL, SS2"
67,"DB PB from 59, AIL, PS BTC for test 2800, but TR, better to wait for breakout or 2nd signal. Low probability, bad for stop entries."">BBBR, TTR"
68,"CC BLB, AIL, 2800 MGA, BTC, but top of TR 54 so LRP"
