BAR NUMBER,DESCRIPTION
1,"BGU. BBRB, COL, PH"
2,"doji, no BL body, AIS, ST0C"
4,"2 bars with tails, test HOY, but 5 BBRMC, SA, stop above 1 or 2. TR, better to wait for breakout or 2nd signal. Low probability, bad for stop entries."">BBBR"
6,"SBU but SA 5 so MRV, TRO"
7,"LH DT, but TR, better to wait for breakout or 2nd signal. Low probability, bad for stop entries."">BBBR, TRO"
8,"DB but doji, LOM, only 1 BLB today"
9,"Tri, but doji, BTW"
10,"H3 5 8, PL, but small body, AIS, Tri, LOM, BOM, BTW"
12,"BO, COL, more down"
14,"H2, COH, PL, but 3 BRB, TC, might get 1 more leg down to W bottom"
15,"L1, AIS, but PP BB 13 for W bottom"
17,"W 5 13, test May 13 L and COY, PL for 2LDU and BLTR"
19,"3 BLB COH, AIL, 2LSU likely"
22,"ii, H1, AIL, but middle of TRD"
23,"BO, PS MG, BTC"
24,"CC BBLB COH but top half of TRD, expect DBL soon"
25,DT 7 but BB
26,"5t 24, MDT, OD, but BLB, AIL, PP BB"
29,"H1 bu5 many dojis, top of TRD, SA and above 26"
32,"W 15 20 26, DT 7, LH MTR, but tails, TTR 25, LOM, PP MRV, SS2"
34,"LL DB 29 at MA, AIL, but tail"
36,"ET 26 31, DT 7, but 3 BLB, SS2"
37,SBD but HL 34 so PS BRT
38,"BL IB, PS BTR, AIL, MMT and HOD TGTA, but top of TTR, TR, better to wait for breakout or 2nd signal. Low probability, bad for stop entries."">BBBR"
45,"f BO HOD and MMT, COL, AIBLE, but 9 BBLMC, SS2"
46,"H1 but at TGTs, far above MA, BB2"
47,"F BO HOD 2es but doji TC, LP, PS TTR"
49,"H2, AIL, SPBL, but many tails and BRB, PP BLTR, PS SA and more TTR"
52,"W 45 48, COL, PH, should test MA, but TC 34, TTR 44, MRV"
54,"H1 but TR, better to wait for breakout or 2nd signal. Low probability, bad for stop entries."">BBBR, TTR, PP SA 52"
57,"ET 47 52, CC ET 36, PH, but TC 34, TTR 44, PS MRV to MA"
59,"HL, H1 at MA, but still on S 57, odds favor PB since BL CH is BRF"
62,"ET top 2es 57, but TTR, PP MRV"
66,"ET 48 54, H2 59, AIBRE, EBRT, but doji, BB2"
68,"L1 but tail, 2 BLB, PP LOM, SS2"
69,"OU, MDB 65, PP still AIL, but middle of TTR 44, LOM, BTW"
