BAR NUMBER,DESCRIPTION
1,"I leave at noon today. F BO HOY, but tail, BTW. BL want BO above HLW to make this week an OU week on weekly chart. Y had weak rally so PP BLTR so odds favor at least 2 hours SD at some point today."
2,"BLBL, still AIL from Y, but top of weak CH, 1 was BRB, BTW"
3,"F BO HOY, but tail, LOM"
4,"MDB, AIL, but CC BRB, TRO"
7,"HL DB 1 at MA but tail, 4 BRB, BB2"
10,"Tri, but doji, LPS, SS2"
12,"BO below Tri, ok swing S but 50% chance will reverse up"
13,"F BO below Tri, H2 6, W 1 6 even tho 6 L is above 1 L"
14,"cc BLB, COH, BTC"
16,"H1 but BRB, tail 15, PS SA"
17,"MDT, W 8 15, LH MTR, but BLB, SS2, PP MRV, BB"
20,SBU
26,"HH MTR, F 18BO, PJ"
27,"CC BBRB, AIS, but TC 25, PP MRV and TR"
29,"L1, AIS, but BLB in middle of TRD, BB"
30,"BRT, MDB, but BRD, AIS, BB2"
35,"W LH MTR but 4 BLB, PS MG 34, now PP AIL, middle of TRD, tail, SS2"
38,"W LH MTC, COL and below MA, but TTR, HPW"
39,"ii, AIL"
41,"2LT 38 but BDU, SS2, PS MMU and test HLW"
42,"H1, BP B, but weak rally, near top of TRD, weak B"
46,"DT 40, LH MTR, but TTR, TC, AIL, BTW, BOM for either test HLY or 28 L"
48,"DB 42, AIL, above MA, but TTR, BTW"
54,"DT 49, BR ii, but TTR, BTW"
55,"BRT, AIL, but doji, top of TTR, LP"
61,"SBU, BO HLW so this week is now OU week"
62,"H1, AIL, but BBRB, LRP, PS SA and SW, BB2"
64,"F BO HLW, MDT, but 4 BTTR so LP for stop entries, TR, better to wait for breakout or 2nd signal. Low probability, bad for stop entries."">BBBR, BTW"
