BAR NUMBER,DESCRIPTION
1,"GU, COH, AIL, BTC, but Y had 2 BX so PS W top soon. BL want test of May 16 H 2894.00, but PP too far above"
3,"W 61 73, F BO HOY, BX, COL, PH, but might need L2 since strong rally from Y"
4,"H1 but tail, BX, BB2. DBR might exit"
6,"BO, COH, BTC"
8,"SCT, PW 4 5 8, AIBLE, PH, but HPWBR"
11,"ii, H1"
12,"COH, BTC, but 3LU"
13,"SBU, but BX, near MMT, PS W 3 8"
15,"BTC, T1BL, but CBX so TR likely at some point"
18,"SBU, but 7th bar in BTC, not good BTC, PTG soon"
19,"f 18BO, PW 13 15 18, AIBLE, PH, TR likely"
22,"H1 but 3 BBRB, AIS, SA for 2LSD"
27,"H2 22 at MA and 14 BL CH L, W 21 24, COH, but TC, MRV, BB2"
29,"OD but TTR just above MA, LOM, SS2, LOM, BB"
32,"W 22 25, 20GB B, F BO 31, AIBRE, PP MRV, TR likely"
37,"DT 29, but 7 BBLMC, BLB, BB"
39,"H1 but middle of TR, PS W 29 39, PP LH"
44,"LH MTR, W 29 39, but TC, MRV, BB around MA and 28 L"
48,"F BO, but SBD 47, doji, SA, LOM, BB2"
52,"Tri 19 43, BOM"
55,"MDT 52, C below MA, but apex of Tri, SS2"
56,"H2, AIL, but doji, apex of Tri, BTW"
58,"another BRB with C on L and below MA, but TTR, BTW"
63,"COL, still on S below 52, but PP will not get big move up or down after long TTR"
64,"SBD, but PS EBRT"
65,"BLD after BRBO, weak FT, not STC"
66,"DB 31, MDB, F BO, EBRT, but BRB, BB2"
68,"MDT 65 but doji, TTR 65, BTW"
