BAR NUMBER,DESCRIPTION
1,"bull doji in middle of Y range so LP and H risk. AIL, but prob SA and more SW. Y was BLCH so today prob TRD, esp since middle of month long TR"
2,"cc BLB so still AIL, but top of TTR"
4,"LH, bear IB, but doji in middle of 4 hour TTR, AIL, LOM, LPS"
6,"cc BRB, but still above 1 L so LBL, AIL. BTC for test above 4 L, and DB for PL. most should wait"
10,"BP B, AIL, C near H, ok swing B for LOD, but top of 4 hour TTR so not HP"
13,"F BO HOY, DT 3, PH, but doji, to of TTR"
14,"DB, and a measured move up"">DBBF 10, AIL, BL and BR TL above HOY"
21,"HH MR, W, 18t above 10, but BR TL MGA"
25,"H1, BRTL MGA, AIL, but 3 cc BRB, poss SA, and prob SA BR TL"
32,"HH MTR at 5 day BR TL, PH, f BO HOY 2es, but SPBL, 9 BBLMC, AIL. Ok S but prob more SU. Since weak rally and LBR made money above 21, SA 32"
39,"H2 at MA, COH, AIBRE. SPBL, but weak rally, BL prefer to B further below HOD since prob SA HOD. Not strong B. still prob BLTR and TR soon"
44,"W 20 32, but doji, AIL, LOM, better to SA"
52,"H2 at MA, good B SB, but weak rally, W top, LOM. TTR, only 9t, ok to wait"
55,"f BO W, ok S for test 26 L at bottom of W, but 9t range, ok to wait"
72,"F BO, poss TRES, AIL, ok swing B but prob SA HOD"
