BAR NUMBER,DESCRIPTION
1,"BRB, 7 cc BRB, but tail. AIS, SYC, but prob BB around LOY"
2,"CC BRB, but bottom of 3 day TR, risk is big, LP BTC, prob bounce soon. bulls want ORV up from LOY, but TC so MRV. In TTR from 2 days ago, SX, at SP, prob TRO"
4,"ORV up from LOY, MDB 3, but 10 BBRMC, MRV and TR more likely"
6,"L1, MDT, but SX at RS so LrP, NS. Still AIS"
7,"MDB, ORV LOY 2eb, PL, but doji, TTR, LOM. Bulls want endless PB then BL BO above BRF for LOD"
10,"BL BO BRF, cc BLB, AIL, PL, but prob MRV and TR"
12,"H1, AIL, but 50% PB, prob MRV up and TR soon"
15,"PW 6 10, 50% PB, but AIL, BB. Might get deep PB. range too big for BOM"
16,"H1, AIL, but top of weak rally and TTR. Prob weak BL trend or TRD so deep PBs likely. Prob ID"
20,"DT 14, W LH, but TTR, doji, swing only"
21,"big BRB, more down"
22,"cc big BRB, AIS, STC, prob BR TD, but need strong BO below LOD, else a lot of TR PA"
23,new L so 90% chance 20 will remain HOD. Either bear TR or TRD
24,"big tail, big SX, MMD from Y range, PL, STC BR exit above"
26,"50% PB but huge reversal, BDUC. AIL, SU"
28,"ii, AIL, but prob BL take profit around 3 L and MA, then PB"
30,"H1 but at MA, 3 L, 2LU 29, BRB, SA, then TR. 70% chance 20 will remain HOD and 24 will remain LOD. Prob mostly SW for 2 hours. AIL. Should test 25 H or L for LBR to exit"
36,"HL MTR, AIL, but TR likely, so stop below 24"
42,"HH, COL, prob test down, but AIL so BB, around 39 BO L"
50,"W 42 45, DB HL 36, AIL, should test Hr since RD, but big bar in TTR so might be SA and then PB a little more before rally"
53,"doji FT, prob small 2LU. Might be dd and C near OOD"
56,"2LT, MDT, F BO HOD, but AIL, SS2"
59,H2 but big BRB 56 so SW likely
65,"W 56 58, AIL, ok B but TTR so might test below 42 H for LBR"
68,"F BO below W BLF, AIL, ok BTC or above 68, but prob will stay around OOD for DD"
70,DT 55 but strong enough 68 69 so BB for 2LU
