BAR NUMBER,DESCRIPTION
1,"GU, BO above 3 week BRCH, big BLB, BTC. OOD is LOD so odds favor dip below LOD at some point"
2,"FT, BTC. Prob rally for 5 – 10 bars, then TTR. Less likely PW top."
6,"BP B, t1b BL, BB, but poss PW 1 3, OOD at LOD so magnet below, prob limitied up before PB or TTR"
9,"H2 but TTR, prob SA HOD"
12,"L2, weak rally, but doji, AIL, LPS, better to only S with Lim orders at new H. Better to exit below BRB"
13,"BRB, MA MGB, AIBLE"
15,"3 CC BRB, but big tail. Sill AIL, but prob SA and then SD to MA"
19,"20GB B, good BLB, but BUDC, BB2"
21,"20GB B, 2eb, AIL, ok B but TC, LOD MGB, NS"
24,DT 16 LH but NEBM
27,"BP B at MA, AIL, but TTR, LOM"
30,"H2 above MA, AIL"
32,"LH MTR but 3 BLB, AIL, LPS"
33,"big BRB so prob more down, but BTC BL will BTC for bounce"
37,"LH, STC BR will S more, should dip a little down, but still AIL"
44,"DT LH MTR, ok swing but more TTR more likely"
48,"BLB at MA, AIL, BOOM, but top of TTR"
52,"W 38 43 but TC, BB around MA"
55,"W but TC, BB 56 BP B but doji, BRB, did not reach MA, BB"
59,"BP B but BR, prob SA. Weak rally so odds favor move at least 3t below MA before EOD"
64,"H2 59 at MA, AIL, but weak rally so SA for PB below MA. LP B"
67,"BL IB above MA, AIL, but weak bull and PB below MA likely before EOD"
70,"DT HH MTR but tc and TTR, eod, not strong S, even tho odds favor BO below MA"
