BAR NUMBER,DESCRIPTION
1,big bull doji within Y TTR
2,"CC BLB, magnet of ATH just 8 points above, but tails, TR PA"
4,"f BO HOY, MDT 2, LBL made money above 1, PH. PL. H1, ii, but 2 weak BLB"
6,"F BO HOY, PH, but 6 BBLMC, small bars, no energy, SS2. 6 BBRLM so usually BB, but no strong BLB today so wait to B"
9,"OD, 2FBO HOY, PH, ok S"
11,"3 cc BRB, AIS, might get OD"
13,"ORV up, DB LL 81, strong BLB, PL, LBL made money below 81, but AIS so SA, stop above 9. Prob will bounce and BR will S HR, around HOY"
15,"F BO LOD 2eb, BOM, AIS, but prob will bounce to test 8 L and HOY"
18,"LH, but strong BLB 13 17, room to 8 L and HOY, SS2"
20,"W LH MTR but cc BLB, TC, LP S"
26,"DT MTR, good BLB, but TC, AIL, MRV, BB for BO to new HOD"
27,"CC BRB but AIL, should get BO above 8, BTC"
30,"f BO DT, but AIL, strong enough BO for BB. Might test ATH"
32,"BP B but BRB, SA 29"
36,"W 25 29, F BO DT 2es, but TC, AIL, BB around MA"
42,"DT but TC and TTR, LOM, AIL, LP S"
52,"F BO 40 but cc BRB, OOD MGB in TRD, SA, but BB 40 and 53"
58,"W 47 52 but room to 28 bottom of BO and to OOD, LOM, LPB unless WSS"
65,"DT 52, L2 60. but AIL, 10 BLB, BB"
67,"DT 52 2es but AIL, BLB, BB"
71,"MDB above MA, AIL, but top of TTR, prob mostly SW"
