BAR NUMBER,DESCRIPTION
1,"big bull doji within Y TTR, 2 day weak BLCH, but magnet of ATH just above so do not SA"
2,"big BLB, COH, AIL, more up"
5,"f BO HOY and BLCH, COL, PH, but t1b BL so MRV, SS2"
7,"3 cc BRB, LBR from 1 H prob will make money. BTC 4 then deep PB usually is BUDC"
9,"ORV at MA but tail, 4 cc BRB, MRV, SA"
11,"LH but MRV, SW"
18,"HH MTR, f BO HOY 2es, ok swing S, PH"
20,"HL at MA, still AIL, but ok to hold short with stop above 18 for PH"
23,"MA PB, AIL, COH, but top of TTR and still on 18 S. BOM, poss TTRD"
37,"BO and FT, BTC, poss MG, but weak BO, prob not going far, maybe TTRD"
38,"big BO, but poss EG. Prob at least small 2LU"
39,"f BO, but doji, BB, AIL, but prob bears will being to SA soon, expecting UTR and TTRD"
42,"PW 36 38, COL, AIBLE, but MRV, SPBL since 23"
43,"H1, SPBL, BLB, G 40H, but PW, big BRB 42, prob UTR soon so only B if WSS, NS"
48,"H1 but small W 42 44, MMT, far above MA, poss SA for test 42 L. SPBL, bulls will B near MA, too early to S"
51,"H1, SPBL, ok B if stop below 43"
60,"BX, SPBL, bear ioi, should get PB 50% bigger than biggest PB of 6t, should get at least 9t PB before EOD, but if S, WSS. BL should wait to B 9 – 12t PB near MA"
66,"H1, AIL, SPBL, but only 6t PB, 9t BRMC, SA"
67,"G 49, PB near MA, BLB, but 9 BBRMC, room to ma, only 6t PB. prob FF and SA HOD, but strong BL so only B or wait"
75,"BTC, but started too early. AIBLE below BRB or 4t below BLB. FF, prob will get 9t PB before EOD, but strong SPBL so better to not S"
