BAR NUMBER,DESCRIPTION
1,"BR doji in Y 4 bar TTR. Y was BUDC so TR likely. Might be ID. Should test HOY and dow, but don’t yet know which is 1st"
2,"H2 but 1t doji just below MA. PL, but LP"
3,"OU after OD, prob more up"
5,"F BO TTR, but strong enough up so BB, AIL"
6,"LH MTR but BLB, MRV, BB"
12,"LH MTR, PH, ok swing but TTR, quiet day, TRD likely"
14,"BR BO but big tail, still AIL. BR prob need DT 11 LH MTR"
18,"BO, AIL, 3 will prob remain LOD, but bulls need FT, else TRD"
19,"BLB, but small, weak BO, might be top of TR instead of bottom of BL BO"
20,"LH MTR, FBO, OD but tail, bad S SB 19, should get 17t above 2 H since reasonable B stop entry"
24,"LH MTR, F BO above iii, F BO 11, test HOY, F BO 11 2es, PH, but TTR"
27,"f BO, but big enough bear BO and good enough context so AIS, SA around 21 L or 20 H for 2nd leg down in TRD"
34,"BP B, 4 cc BLB so poss AIL, but top of TR, prob AIS. Either B L or wait for BO above 20 LH"
46,"LH MTR, but TC, prob WSS. Prob near top of BLTR. Might test OOD"
58,"F BO, W 48 53, 56 SX H is MGA, but room to 17t move below 46 and to OOD and 26 L, AIS, SA, BB2"
60,"L1 S but bottom of TRD, test OOD, BB"
63,"L2 but just above OOD and 14 L, TRD, NS, prob BB at OOD and LOD"
72,"F BO 14 L and OOD, LOM, prob will C near OOD for DD and ID"
