BAR NUMBER,DESCRIPTION
1,"big bar bar, COL, 25% chance HOD"
2,"ORV up from 60ma but tail. PL, but early TR likely. Will try to get above LOY"
3,"weak FT, but BLB, AIL"
5,"DT 1 at 60ma, but 3 cc BLB, LPS. TRO, deciding on direction of 1st swing, prob TRD"
8,"H1, AIL, but c BRB, Lr P"
10,"PW 1 5, PH, AIBLE, but TC, MRV, TRO"
12,"PW at ma 2es, PH, but doji, TTR"
14,STC
15,"big bar so SX at MMT, btw"
16,"f BO LOY 2eb, PL, but prob SA. Since C near H, wait to S"
17,"cc big BLB bars, prob AIL, don’t S. BOM 9 H and 16 L"
20,"LH, poss BBRCH, SBR will S to avoid loss from S at 15 C and 16 H. AIL, BB, but poss deep PB so stop below 16"
21,"H1, AIL, but 3 cc BR, stop below 16"
27,"H1, ii, AIL, G 29 H, but LBR making money so ok to wait to B deeper PB. F BO, but AIL, BB"
31,"BP B, but prob BLTR, still on 5t from 24 H, LP B, early TTR and LOM, BB around 27 L and 22 L"
34,"BP B, AIL, but tail, 34 poss GUBR, top of TTR, HOD is MMU from LOD to OOD so OOD is MGB, prob SA"
36,"DT LH so Tri, COL, AIBLE, ok swing but prob TR down to 60ma and 22 L"
40,"W 27 34, AIL, but tail, room to 60ma MGB, LPB. SBR from 15 C who sold more below 30 will B back around, 2451, to avoid loss so SP. 90% chance no new LOD"
44,"W 33 39, 60ma, DB HL 22, AIL, ok B but might test 2451"
48,"BP B, AIL, but top of TRD, poss SA so stop below 43. Better to B PB or after strong BO52 W 9 25 but 10 BBLMC, AIL, BB. BR will S new H, but not with stops. SPBL. BL B with lim orders below bars"
64,"NW 9 25, 51 55, but doji, SPBL, BB"
72,"F BO but SPBL, prob BB, don’t S"
