BAR NUMBER,DESCRIPTION
1,"GU to new ATH, BLB, AIL, PL"
2,"CC BLB, but small bodies, big tail, similar to past 5 days so prob 1-2 hour TR soon"
5,"H1, t1b BL, poss SPBL, but weak rally, top of 60 min BLCH"
8,"FF 4, BX, PH, but 8 BBLMC so MRV. Prob BB but BX, BRB, btw to B"
11,"BP B, AIL, but 3 BRB, BUDC, BB2, prob LOM and SA"
14,"H2 at MA, AIL, DB 1, f BO, ok B for LOD, but LOM so far so poss more SW"
22,"LH MTR, but NEBM, 7 BLB"
24,"BP B at MA, AIL, but TR so BOM"
28,"W 13 21, HH BTR, but TC, 1t BRB, BB. Weak rally, but no top yet"
35,"HH MTR, NW 13 22 28 and 28 32, but SPBL, MRV, prob TTR soon and LOM"
37,"3 CC BRB but small, SPBL, only B. Poss 2LD to MA and 29 L, still AIL, BB bars for MMU"
49,"W 7 34 but SPBL no BRB in 9 bars, BB"
58,"top of 5 min and 60 min CH, MMT, odds are there will be 50% bigger pb before the EOD, so should get 9 – 12t PB, but BR need 4 – 5 pt stop and scale in Hr. BL will wait to B around MA or after 9 – 12t PB"
61,"top of ch, SPBL has 75% chance of bigger PB before EOD, but can only S if can manage correctly, which means WSS. BL Bg below bars all day, but now getting BRB, and in window when BR get bigger PB. AIL, but prob btw for 9t PB before looking to B again"
63,"TTR MDT, BRB, 75% chance of 9t PB, ok s if can manage correctly with WSS. BL should wait for 9t PB before Bg again"
69,"AIL, TTR above MA, but 75% chance of 9t PB before EOD so only B if can make quick decisions to exit"
