BAR NUMBER,DESCRIPTION
1,"Y ended with LH MTR. GD, but doji, 60ma, LOM"
4,"MDT 1, 25% chance HOD, but more likely BB LOD"
5,"f BO LOY 2eb but BRB, AIS, btw"
6,f H2 but weak BR so prob BRTR and BB and below 5
8,"W ORV 60ma and LOY, PL, but TRO so prob TR so BL will scalp at least part"
16,"LH at MA, AIS, BOM, but bull body, wait for BO below 7"
20,"HL MTR, but small pattern. PL, ok B"
22,"DT 12 but 3 BLB, BB"
24,"BP B, ok swing B"
27,"DT 3, but 3 BLB, BB, AIL, BOM 7 L and 3 H"
29,"BP B, ok B, odds favor BO, but prob LBR will make money Sg 1 – 2 pts above 3. Prob weak BL trend"
37,"BP B, AIL, W 31 34, but top of weak rally, prob SA 32"
41,"f BO W 22 27 32, prob BLTR, but TC so only S with lim orders at new H"
46,"W 32 41, but TC, better to S with lim order"
48,"3 CC BRB in weak rally, prob AIS for TBTL SD, but TRD so BB 42, 36, etc, and SA HOD"
50,"DB 42, but 4 BRB, AIS, SA, but might test 45 L. SA HOD. Should test OOD and 12 BOP"
58,"WBLF 42 50, test 12 H, but TC, room to OOD, LPB unless WSS"
64,"LH, DT 61, still AIS, OOD and LOY MGB, but TTR, prob LOM until EOD and DD"
73,"H2 58, test OOD and LOY, bull ioi, but TTR, prob SW until EOD"
