BAR NUMBER,DESCRIPTION
1,doji bar in Fri’s TR. Fri is good B SB on daily so prob will test above Fri H today.
4,"ORV from below 4 hour TR, ET 58 72, PL, but 2 strong BRB so prob SA and TR"
8,"MDT at MA, still AIS, but TR PA so weak BRCH in prob TRD"
17,BP S at MA but LBL Bg at L
24,"SCB just above LOY, ID, W 4 13 21, BLB, Br 24 often ends 1st swing in TRD, PL so ok swing, but prob weak rally and BL TRD"
28,"DT 16, but now AIL, BB. SA 16 H since LOM"
37,"L 28, F BO 9, but SPBL, AIL, BB. RD, but prob not strong BL"
54,"Tri, AIL BLB, ok B"
65,"L2 60 but SPBL, BB"
73,"BP B but BRB at HOY, prob SA and SW"
75,"W 36 64, but doji, SPBL, wft"
