BAR NUMBER,DESCRIPTION
1,"GU but big BRB, AIS, PH, ok S"
2,"CC BRB, AIS, but prob bounce at ATH"
3,"ORV up from ATH, PL, but AIS, SA, MRV, poss TR for 1 hour until closer to MA"
5,"H2, but AIS, SA. MDT, L1, but 4 cc BLB, poss BB. TR likely soon"
9,"H2 at MA, PL, AIBRE, ok swing B but BUDC"
12,"DTBL, LH MTR, but strong enough 10 so BB and at least more small leg up"
17,"LH MTR 2es, but TTR, middle of TRD, strong reversal up 10"
18,H2 but middle of TTR. BOM
24,"W LH MTR, ph, ok swing S, but 4BLB 22, prob AIL and BB"
26,"BP B but top of TRD so SA HOD for MRV. BLCH could continue all day, but prob not strong BL day. AIL, stop below 9, maybe 18"
32,"HH MTR, W 11 22, but SPBL, SS2, prob MRV to ma"
44,"H3 above ma, AIL, but need stop below 18 since poss 2LD from 33"
51,"LH MTR but TTR, sw more likely, and prob BB around 26 and 18 L"
63,"BP S but 2 BLB, TRD, LP S, BB 26 and 18 unless BR can get stronger BO"
64,"H2 34, AIL, but TC and TTR, better for lim order B"
68,"L2 BRF, but TTR, weak selloff, maybe 80% chance will stay above LOD"
72,F BO but strong enough 71 so BB2. Too early for STC to make it to eod
