BAR NUMBER,DESCRIPTION
1,"test HOY, BRB, but tail, just above MA, middle of Y TR, LOM, BB"
3,"ORV at MA, AIL, but 1t body, top of TTR, LOM"
5,"DT 1 at HOY, but AIL, LOM"
11,"DT 1, DT 50 LH MTR, test Hoy, PH, but TTR so LrP"
20,"W 8 12, PL, but very TTR, btw"
22,"LH, but 4 BLB, WBLF, BB.TTR, ok to wait"
40,"HST BRF, COL, below MA. Should test COY, but TTR and ok to wait for FOMC"
55,"OU on FOMC report, but wait since 50% of FOMC BO F in 1st 2 bars"
57,"DT 33, COL, but prob BB. BL wait to B"
61,"DT 57, 2nd Fd bull reversal. Ok swing S but more tr likely"
67,"DB HL at MA and LOD, good B SB, ok swing but TTR so more SW likely. Since risk is 8t, not good enough for 1pt scalp"
70,"DB 55, MDB 67, BOM, but below MA, TTR day, NS. Bears might get L2 S 72"
72,"L2, but bottom of TRD, btw to see if STC"
