BAR NUMBER,DESCRIPTION
1,"f BO HOY, C bear L, room to MA, STC"
3,"ORV but not quite to MA. Cc BRB, AIS, SA and above HOD. BP S, room to MA, but BLB so prob BB around MA and L of 2"
6,"H2 at MA but 6 BBRMC so LP B, MRV. 50% chance today will be OD"
10,"5 bars with Hr C, poss ORV. Need BO above 5 for AIL"
12,"AIL, either BLTR or early BL trend. Since most days have been TRD, odds favor TR or weak bull trend"
14,"LH, but 10 BBLMC. Top of TRD so not strong BB"
17,"LH, MDT, but AIL, MRV, MM around MA and 6 H, poss TTR, LOM"
24,"W 15 20, BT 6, but BRB, LOM"
32,"DT LH, prob SA HOD, still in BOH, ok swing S for new LOD"
37,"big BRB, AIS for new LOD, but prob BB LOD and at COY and 60ma. Poss OD day"
38,"new LOD, 90% chance will not get back above 36 H so BR will S rallies. LBL 6 L will prob make money, and LBL 24 L might also. Odds against strong bear day"
43,"f BO LOY, OD, MDB, good BLB, but AIS, BB2. AIBRE"
44,"BP S, BRB, AIBR S again"
51,"big BLB, Cd G on daily, prob AIL for TBTL to MA"
52,"L1 but AIL, BB"
54,H1 but 2 BRB. Ok B if stop below 50
58,"L2 52 at MA, MDT, but AIL so scalp"
60,"f L2, AIL, but doji just below MA, so only B if stop below 50. Might get PB to 54 L"
64,"DB HL MTR, W 60 61, but TC 57 so prob MRV"
70,"L2 66 at ma, but apex of tri, AIL, might test LOY, ns"
