BAR NUMBER,DESCRIPTION
1,"Tested OOW, which will prob be magnet all day. After Y RD, TRD likely"
3,"MDT, ORV down from MA, but CC BLB, middle of Y late rally, AIL, TRO"
6,"f BO LOD but CC big BRB, prob LOM"
9,"f BO DB 1 6, but TC, just below MA. PL but BB2. Still in BRCH so pss SA. LOM, BB 8"
14,"W 1 8 but 2t tail, TC, BB2, LOM. SA but BB, prob BRTR so prob BLR soon for LOD"
19,L2 but cc BLB. BR want BO below 13 since 18 bar range
20,"f BO below L of 1st 18 bars, PL, AIL, but still odds now against new HOD"
25,"BP B, AIL, but top of TR, poss SA 22"
29,"BP, AIL, OOW and HOD TGTA, but LOM so SA"
36,"H1 but top of weak ch, LOM, stop below 221"
37,"DT, but MRV. Might test 21 L before OOW"
39,"h2 but TTR, weak rally in TRD so need stop below 21. LOM, BB 40 and 39, SA 31 and HOD"
52,"DT LH MTR, TTR. Ok swing S, but BOM, TGTA, HPW for BO"
58,"H2 at MA, room to OOW and HOD, AIL"
67,"DT HOD at OOD, f BO DT 51 61 but TC, MRV, AIL"
72,"BP B, AIL, but 6 BRB in weak rally, LPB. Might get BTC or STC"
