BAR NUMBER,DESCRIPTION
1,GU but big tail. AIL but SW to MA likely
2,"H1, AIL but BRB, SA"
6,"t1b BL, BB, but weak rally so TTR likely soon. H1 but cc BRB, SA. AIL"
8,"BO, 8 BBLMC, poss MMU from BO above W 1 4 7, but should pullback soon below 2 H for LBR"
10,"F BO above W 1 4 7, but 10 BBLMC so SW likely"
12,"3 CC BRB, BUDC, AIS, but should test 9 L and near 9 C"
13,"ORV DB near MA, but more likely BTC BL 9 will S around BE so TR likely"
17,"DT, test 9 C, but 4 BLB, prob BB and one more test 9C, but poss 1t Lr H since BL now more eager to exit"
24,"Tri above MA, but TTRNS, btw. Poss TTRD so poss BO for 2 – 3 bars, then another TR"
31,"BO, poss TTRD, ok S, 50% chance MMD"
32,"CC big BRB, room to 60ma and MMD, STC, poss LTR in TRD around 60ma"
34,"H2 12, MMD from HOD to OOD so should test OOD, esp since at 60ma. AIS< SA"
41,L2 but BLB
