BAR NUMBER,DESCRIPTION
1,"GU, but not big, top of 9 day TTR, LP B or S, poss LOM"
3,"bear ioi so 2nd F BO HOY, ok swing S, ph"
7,"big BRB so SX at around 50% PB, 60ma, COY. 4 pt bears will take some profits."
9,"ORV 60ma, 50% PB, MDB, good BLB, but AIS, BB2"
10,"L1 but 3 BLB, 50% PB, prob TR soon, BB 7 around 47 L"
16,"L1 but prob BB Y 47 and above Y 24 L, then TR"
18,"W good B SB, PL, ok B but MRV"
24,"7 bars without BRB, AIL, but weak rally so prob TR from 18 L to above 10 H. poss BLCH for rest of day, but test down likely to form MTR and 2LU"
30,"DT 10 2es, 60ma, but TC, BLB. TR likely, BB, but might test 6 BSB H"
33,"HL MTR, H2 29, AIL, but only 6 bar PB so poss more SD before 2LU from 18 W"
39,"F BO, iii, but TC, prob BB. Might test 33 L for DB HL MTR"
46,"F BO, AIL, but poss SA for test 33 L"
47,"CC BLB COH, prob f BR BO"
51,"DB HL MTR, AIL, but doji, TTR, need stop below 23 or LOD. BOM, btw"
57,"Tri 46 51, apex of TTR, AIL, hpw"
60,"DT 48, poss 2LD 45 give up bar, but TTR, LPS"
67,"DB 33, AIL, W 56 62, ok B, but might test below 23 so stop below 18 LOD"
72,"BTC but small bars, prob not much higher"
