BAR NUMBER,DESCRIPTION
1,"GU but BRB at ma, PH, but doji, LPS"
2,"CC BRB, AIS, STC, but prob BB around LOY"
5,"BP S, AIS, t1b BR, but just above LOY"
8,"F BO LOY, BLB, 8 BBRMC, PL, but tail, MRV, AIBRE"
9,"L1, AIS, but just above Fri L, Cd G below 6, prob TR soon"
10,"F BO LOY 2eb, PL, but AIS, BRB, TGTB, prob SA"
11,"L2 but BLB, just above Fri L, poss BB, btw"
12,"OU, PL, still AIS but should try to test 7 H since final SX. TR likely, but PL"
14,"4 cc BLB with COH, AIL, but TR likely soon since tight BRCH 10"
16,"DT LH 1 at ma, but AIL, BB. H1 but BRB at 60ma, prob SA. Odds favor TR soon"
22,"DT LH 1 but 11 BBLMC, MRV. TR likely soon. better to SA bars, like 20"
23,"H1 but BRB, TR likely soon, SA"
24,"DT 1, 2es, but BOB, TBLC, MRV"
26,"H1 but TTR. AIL, BB"
28,H2 but BRB. Ok B is stop below 14. Better to B below 25 or 28
29,"WBLF, ok B if stop 2t below 15. TTR, but AIL"
35,"F BO, butstrong enough BO so prob BB"
49,"H1, AIL, ii, but top of weak rally, better to B Lr."
50,"F BO, but TC, AIL, prob BB around MA, report 11 am"
54,"H2 at MA but 5 BRB, LPB. Prob TR with BB 32 and SA 47"
57,"ioi but big bars top of TTR, LOM, btw"
63,"W, top of TR, might test OOD, but 7 BBLMC, AIBLE. BB around 60ma nad 56 L"
69,"DB 56, bull ii, but 7 BBRMC, prob SA near 63 L, prob will stay around OOD for DD"
