BAR NUMBER,DESCRIPTION
1,"ORV up from above LOY, PL, but 2t tail, and 6 LOY MGB, LP P"
2,"big OD, still AIS"
5,"PW 1 3 but 5t tail, t1b BR, LPB. BP S, AIL, 2400 BRN MGB, but big BLB, CSX so bounce likely soon"
8,"CSX, AIBRE, but MRV, 8 BBRMC and t1b BR so SA. Might get 5 – 10 bars SU to MA"
11,"BRB with C near L, AIS, AIBR SB, but prob BB 9 and LOD, then TR. Bulls want to test LOY and MA"
13,"DB 10 but 4 BBRMC, AIS, TR likely, poss LOM"
15,"L2, AIS, but TTR after CSX so LOM"
18,"HL, f L2, should test MA and maybe LOY, ok B for test up"
20,"test of MA, bad FT, BR will S for scalp down below 15 H. still AIS, but prob TR"
23,"HL, DB 19 BX, AIL, but 3 BRB, prob SA 20, BLCH and TR"
27,"W 9 15 20, F BO above LOY, but 3 BLB, AIL, poss BB, need stop above 2, HPW SS2"
28,"H1, AIL, but 2 BR, top of CH, at LOY, prob SA and BLTR"
32,"SC W 20 27, BLTR, ok S for test 22 L. less likely, BL trend. Bad FT all day UD so TRD likely"
40,"LH MTR but AIL, 3 CC BL B, SS2"
44,"LH 2es but 2 dojis, AIL, TTR, MGA, BB"
45,"H2 above MA, AIL, hod and 60ma MGA. But, prob SA HO and at 60ma"
47,"F BO, should test below 44 H, but still AIL, TGTA"
49,"3 cc BRB, SA"
50,"big BRB, 4 cc BRB, AIS, should test 36 L and maybe 23 L"
51,SX at 23 bottom of ch so bounce soon. AIS
53,"BP S, AIS, room to LOD, ok S if stop above 48. Prob TRD so prob BLTR"
60,"BP S but 2 BLB, test LOD, 15 BBRMC so SX, poss FF in TRD, prob BB and below LOD"
63,"PW 51 58, BLB, 18 BBRMC so SX, AIBLE, MRV"
67,"DTBF 60, BRB, ok swing S but prob FF after SX. If daily chart becoming BR, then could get STC down to 2400"
