BAR NUMBER,DESCRIPTION
1,"bull doji in middle of Y range. Y was BRCH so today prob TRD. After 5 bear bars on daily chart, which is in TR, today will prob C above the open. BB SA"
3,"bear ioi, f BO above Y BRCH, PH, but 3 BRTTR in prob TRD so LP, poss LOM"
4,"H2 ORV near MA, PL, good B for test 60ma and HOY. But, TRD likely"
7,"F BO, but AIL, BB, poss BLCH"
9,"H1, AIL, TGTA are HOY, 60ma, 17t above 4. but cc BRB, top of TR, BOM 6 H and 4 L, poss more SW"
11,"DB HL 4, AIL, but cc BRB, middle of TR"
16,"DT 6, W 9 13, PH, but AIL, doji"
19,"MA PB, AIL, but only 60% chance new HOD. Still 40% chance new LOD"
22,"another MA test, 4 cc BLB, AIL,"
24,"BO, poss MG, poss TTRD"
25,"BTC, room to MMTA"
28,"BP B but 2 dojis, prob SA 1 pt above 27, then UTR or weak BLCH"
35,"H1 but BX 33, TTR 32, prob TTR here or soon, and LOM"
42,"LH MTR, DT 36 in TTR, but only 10 bars so prob BB and more SU. Prob limited UD for next 1 – 2 hours"
49,"F BO, BRRB, but SPBL, more TTR"
58,"DT 55 LH, COL, TGTB, but middle of TTR. Bears want test of 33 BX L and 60ma"
62,"BP B at ma but 5 BRB, SA"
65,"LH but AIL, BLBR"
66,"BR BO but need 1 more BBR so BL BTC, DB 33 BX L"
68,"DB HL 33, f BR BO, WBLF 52 62, MAG, AIL, but TTR and TBRCH, ok B for poss BTC EOD, but more likely mostly SW"
