BAR NUMBER,DESCRIPTION
1,"2 day tight trading range. should test 50M at around 4425 this week, but might dip down to 4350 and test 100M 1st. SGD. F BO LOY, but tail."
2,"IOI, COH, PL"
3,"SBU, BO above GXH so PP will not fall below GXL, so today should be either BLTD or TRD"
4,"CCBBLB1C. BTC, but need BO above 61 H since NL of 47 1 DB, else, will get TR"
5,"3 CCBLB1C, should BO above 61 NL of DB. PP will become OU day. BR hope for TRD since BRTD unlikely"
6,"C above 61 NL, still BTC, should get above HOY at some point today and PP above 50M and HLW by Wed. Near HOY where there were many reversals on Fri so might get PB, but 70% chance 1 will remain LOD"
7,"BLB but tail. might pause around HOY but should get OUD. F BO 61 and 4400 BRN, but 7 BBLMC, BB. S2. BLE4"
8,"H1, 8 BWBRB, HOY MGA, but might get PB from above HOY"
9,"OUD. streak of 9 CCBWBRB, BB. streak is type of BX so PP PTG and PB soon. getting tails so PP PB soon, but PP minor. no BRB, so only B"
11,"PH, F BO HOY, but 11 BBLMC, BB"
12,"H1, but PW 7 9, PS SA, NWS"
13,"MDT, C BO HOY, PH, BLE, but only 1 BRB today, might test 61 H, MA, and 8 L at start of PW, but PP MRV, N2, S2"
14,"H2 but SBSB. L2 top, PH, but PP MRV, might test MA and 61 H and 7 L"
15,"SBD, but PP MRV"
16,"H2 but DD after SBD, PP MBO. PS TTR and SWD to MA. PP LOM"
17,"LH, but BLB, SBUM 3 4 5 6, PP BB around MA"
19,"MDB 15, BLB, but TTR, MGB, SBSB, NWS"
21,"OD, but PP MRV"
22,"SBD, CCBRBC, but PP MRV"
24,"II, F BO, 20GBB, 19 H MGA, but might get 1 more leg down after 22 SBD, NWS"
27,"LH MTR, but 3 BLB, SBU, AIL, PP MRV, PP BB, S2. PS TRI 11 22"
30,"SBD 28, 3 BRB, PP SA, but PP MRV in TR 7"
31,"SBD, BO 22 NL of LH DT, PS AIS, but PP need 1 more bar"
32,"50P, H2 22, F BO, but 5 CCBRB, B2, PP SA. PP AIS since BRFT after 31 SBD below MA and BO 22, but TR more likely than BRT so not strong STC. 3 4 5 6 is SBUM so this selloff is more likely BRTR than TRVD. If new LOD, PP not much below 1. Sometimes OU then goes OD"
34,"H2 24, 50P, MMD below 22 NL of LH DT, BRE, but DD after 6 big BRB, PP MRV, B2 or NWS"
35,"L1 but SX, BLBC, just above 60MA, at 50P and MMD, PP MBO and BB around 60ma, S2"
39,"4 BWBLB, but PP BB around 60MA and LTR. If get new LOD, PP BB LOD since BRTD unlikely"
40,"L1 but BLB, PP BB around 60MA, NS. H2 34 but DD and 4 BWBLB. PP forming LTR, but might go below LOD for ODD after OUD"
43,"SBD, PP will go below LOY for ODD after OUD, but PP not far below. Small chance of huge BRTD"
44,"SX, PW 34 41, W 22 34, F BO LOY, HL DB 1, BRE, PL, but BRD after BBRBC, PP MRV, NS"
46,"L1, LOD MGB, but DD after BLB, PS BB or below LOD after SX, NS. PS MG 43"
47,"SBD, SX, TR, better to wait for breakout or 2nd signal. Low probability, bad for stop entries."">BBBR, PP TR soon"
49,"PW 34 44, BRE4, PL, but PP MRV"
53,"LL DB, F BO LOD and LOY, PW 44 49, PL, but TC, PS MRV. L1, but BLB, LL DB, SX, PP BB, S2"
54,"L1, but DD, PS W 49 52, still on 53 B, S2"
55,"H1, small TRI, still on 53 B, COH. MGA 51 H, MA, 1 L, 47 SX H, 60ma, OOD"
58,"OD at MA and OOD and LOY so PS PTG, but should get 2LSU after extreme SX, H2 bottom. S2, or NS"
59,"SBD, but PP 2LSU after SX so PS BRTP and then attempt at HL MTR. might stay around OOD for rest of day, forming DDD"
60,"HL MTR but DD, NWS, B2"
62,"HL MTR, H2 60, but BRB, 4 BTTR, just below MA, TR 49, PS LOM, NS. OOD might be MGN for rest of day so might stay in TR 49"
63,"HL MTR, still on 53 B, OU, but tail, TTR 60 just below MA, B2"
64,"L2 but 2 BLB, still on 53 B, S2. TR, PP LOM and BB and below 52"
66,"BLB but C below MA and 64 H, top of TR 49, B2. ET 51 64, but BLB, S2. LOM."
67,"W and ET 61 64, at MA, but CC BLB, still on 53 B, S2"
