BAR NUMBER,DESCRIPTION
1,"After 3 big bear days, today should not be big bear day. Y was PP FF in 3 day selloff. DD in middle of Y TR and just below 60MA. LOM. BO GXH."
2,"BBLB but at Aug L and top of Y TR, PH. BLB, S2. might test MA and 50P."
3,"BBRB, MA and 50P MGB, but 2 is BLB and 1 is DD so LBL 2 L PP will make money. S2"
4,"CCBRB1C, CCBBRB, LOY MGB, but TR, better to wait for breakout or 2nd signal. Low probability, bad for stop entries."">BBBR, NS."
6,"SX, BLB but tail. BRE, but B2. still STC but BLB just above LOY, S2. PS SX and early LOD, but need better BSB or MDB"
7,"DD IB, MDB, SX test COY and LOY, PL, but DD, B2. L1 but 2 BLB at SP in SX, PS BB, S2. odds favor REVU. Less likely SCBR"
9,"BO LOY and GXL, BBRB, but PS PW 1 6 so PS BTC"
10,"BBLBC, PW 1 6, 7 II FF MGA, BRE, but 9 BBRMC, PS one more leg down so PS SA. If B, B small. PP BB1 or not far below for PS PW 6 9."
11,"L1, PS 1 more leg down to W, but tail, still on 10 B, PP BB 9 and PS below 11, NS"
12,"H2, F BO LOY 2EB, test OOM, SX, PW, PL, but BRB, NS"
14,"L2 at MA, LH DT 6, but PS SPBL, and PS BB, still on 10 B but DBL. Unclear, but SX in 4 day BRT so PP not much lower, so PP TR so REVU at some point"
15,"OU, need FT, but PS SPBL for rest of day. BR want DT 6 and TR or BRF"
16,"BRB COL and below MA, W 10 13, DT 6, BLE. TC so PP MRV, NS"
18,"H1, PS SPBL, but 3 CCBRB, PP 2LSD from W, still AIS, B2"
19,"BLBC, PS BO above W 16 and MMU to HOD"
20,"DT 16, but SPBL, PP TR or BLTRV, S2"
21,"H1, SPBL, but just below 16 W top, PP better to B above 16 or wait for BO and then B. BRE 16"
22,"TRI 16 20, but BLD just above MA, S2. still on 16 S but TTR, HPW"
23,"BRB at MA, still on 16 S, but TTR so PS BTC. NS. PS TR so might test 12 L, LOD, OOM"
26,"HL MTR, W 21 24, COH, BRE, but TC, MGB 12 L, LOD, OOM, 5 BBRMC, PS SA, NS"
27,"CCBLBC, BO MA, PP will BO above 16 W, then PS MMU to HOD. Remember, today will PP not be BBRBD and might be BLB after 3 BBRBD"
30,"II, 2LTP 18, but stop above 28. more likely BB around 16 H and then 2LSU after SBU 26 27 28"
31,"H1, F BO II, but BRB, NWS"
33,"LH, F BO 16 2ES, but TTR, BLB, SBU, PP MRV, PP BB around MA and 16 H, NS"
35,"H2 31, but TTR, NS, PS SA"
37,"LH MTR, but TTR, still PP PB from 28 so PP MRV, NS"
38,"H1, but TTR, NS"
39,"LH MTR, W 33 36, but SPBL, TTR, PS BB, NS. PP MRV and more TR"
42,"DB 35, BL CH 9, but TTR 29, NS. PS MG 28 for test HOD"
45,"LH DT 28, TW 16 28, but 4 BLB, AIL, BLCH, PP BB, MRV, S2"
46,"H1, HOD MGA"
49,"tail, but still BTC, BB. test 60ma and 2 HOD, almost to MM from 28 MG"
51,"H1, but BRB, at 60MA, HOD and MMT, PP will not go far above so MBO. W 16 28, DT 2, BLE, but 9 BWBRB, PP MRV, S2"
53,"H1, MGA, but NWS since BX at RS so might get more PB"
54,"OO, BX, but PP BB around 28 H BOP and MA, NS"
55,"FOMC minutes, BO above OO. OOO, but big doji at TGTS of HOD 2, 60ma, ,MM, Aug L, HOY. PS F BO HOD and DT HOY, and 60ma, W 28 50, BX. PP SD for at least a few bars, PS HOD. OOO, BLE, but TR, better to wait for breakout or 2nd signal. Low probability, bad for stop entries."">BBBR, just above MA, S2"
56,"H1 but 2 big dojis, PP LOM, NS"
57,"BBLBC, but PP LH 55 and more TR, NS"
58,"BR IB, H1, LH DT, but TR, better to wait for breakout or 2nd signal. Low probability, bad for stop entries."">BBBR, TTR, PP LOM. still AIL, but TR, better to wait for breakout or 2nd signal. Low probability, bad for stop entries."">BBBR, LOM, PS SA, NS"
59,"II, but big bars in middle of TTR 50 and at MA and 60MA, LOM"
62,"L1, COL, but bottom of TR, NS, PP BB 56"
63,"BO, but tail, PP LOM, might stay around OOD for rest of day. other MGN there are the 2 MA and the Aug L"
64,"H2 56, weak selloff, but DD, 8 BBRMC, might get one more leg down so NWS. L1 but BLB at bottom of weak BR CH and OOD MGA, PP BB"
66,"L1 but 3 CCBLB, PP will stay around OOD, TTR so LOM, PP BB and below 63 for W 56 63"
67,"BRB, but bottom of TR, OOD MGB, PP BB and below 63"
