BAR NUMBER,DESCRIPTION
1,"YBX. LDW. BBRBC, PH, but TR, better to wait for breakout or 2nd signal. Low probability, bad for stop entries."">BBBR. Sept 23 LH MGA"
3,"II PH. If BL BO, II late in BLT so PP FF and SA and above Sept 23 H. B2 or NS"
4,"BLD, weak EB for BO II, B2. stop below II 2 or below 1, which is just slightly lower. PP FF but if BL get CCBBLBC, could become BTC. should get above GX H since just below MGA of Sept 23 H, but PP not far above"
6,"BO HOD, GXH, Sept 23 H, BBLBC, COH, but BL need FT since II is PS FF. 6 BBLMC, S2"
7,"BRB, BLE4, but 7 BBLMC, PP BB. PS PW 1 7. 25% chance of 2nd CC SPBL so PP PB and TR soon"
8,"SBU, but 3LU so PS PW, 8 BBLMC so BR will PP need MDT. still BTC but only 25% chance of SPBL so PP PB soon. might test 3 II for PS FF"
9,"BR IB, COL, PW 1 6, BLE. PH but 9 BBLMC so PS one more leg up. PB or TR likely here of soon"
10,"CC BRB, PH, but NS. 9 BBLMC so PP BB and BR will PP need MDT or 3 or more CC BRB"
17,"LH, PS TRI, but 6 BBLMC, strong 13 14 16, PS BB for one more leg up to W"
18,"LH MTR, W 14 16, BRB, but either TR or BLT, TC, LP, NS. PS SPBL, 8 C MGA for DBTCBL. Unclear so PP TR. If BLT today, then PP BL CH or TTRD"
19,"PW 14 16, LH DT 8, LH MTR, but 4 BTTR, 8 C MGA, AIL, BTW. BLE"
20,"H1 but DD at top of TR, still on 19 S, B2"
23,"DB, and a measured move up"">DBBF 20, AIL, 8 C MGA, but TTR at top of TRO, NS, still on 21 S, NS, B2"
27,"CCBBRBC, but 20GBB. B2 since might test 12 C for DSTCBR. still might form TRI. BR want BO below TR and MMD to HOY to close GU. but TR more likely"
29,"TRI 1 12, W 23 27, BRE4, but 9 BBRMC, BRD, NS, B2, still might test 12 C, still on LH MTRS 21"
34,"test 25 L for LBL. LH in TRI, but DD, 6 BBRMC, apex of TRI. HPW"
36,"TRI, and II on 60m, BOM. if B, NS since 50% chance F BO"
37,"F BO but tail, still on 36 B, S2"
38,"Tri, 2EB, but TR, better to wait for breakout or 2nd signal. Low probability, bad for stop entries."">BBBR"
39,"BO TRI, COH and far above MA, SBU. BR want 2LT 34, but PP 2LSU"
41,"H1 but top of TR, weak FT 34, NS, PS SA, and now bigger TRI 8 19. 2LT 34 but BLB. PP BB around MA, NS"
42,"LH in bigger TRI, 2LT 34 but 3 DD, PP BB after 39 SBU, S2. Still BOM, PS TTRD, now early in BL BO, but need FT for MMU and TTRD"
49,"BO, BL want 3 - 5 bar BO and then TTRD, BR want W 34 44 and DT 19. BL need FT for BTC"
50,"no BR body so FT, increased chance of BL BO, but top of TR, NS. W and DT, but need BR SB"
53,"DT 8, DBL8 can exit, W 34 44, W 47 49, BLE. PH but only DD and 5 BWBRB, S2. BL still want MMU, but so far, weak rally so PP not MMU"
54,"H1 but BRB, DT, NW, NS, PS SA and above 8"
55,"SBU, MMTA, but weak rally so PS STC for scalpers"
57,"BX, PW 49 52, BLE4 but DD, room to MMTA, S2 or NWS, PP BB. Since PP TTRD, should soon get PB and start to form UTR. BR want COD to be below OOD, BL want COD to be at HOD"
58,"H1, but PP MBO and then PB and TR, NS. PW 49 52, but PP MRV. 2 small bars late in BLT and in BX just below MMT so PS FF. BLE below"
60,"FF 58, PW 49 52 55, at MMT, TTRD likely, PH, but PP MRV and then UTR in TTRD. Ledge so 80% chance BO below 60 and then eventual PB above 60 L either today or Monday"
62,"H1, SPBL, but PP UTR in TTRD, DD after 2 BRB, apex of TRI MGB 37, room to MA and 8 H BOP, B2"
64,"MW 62 63 at MA and 8 BOP, UTR likely, should get above bottom of ledge at some point, but 3 BRB, PP MRVU and then UTR, BRE4, BL NWS"
67,"LH, BLTP, but PP UTR and not TRVD, LPS. Apex of TRI 37 and OOD are MGB but BR need CCBBRBC if it is going to get there. UTR more likely"
