BAR NUMBER,DESCRIPTION
1,"Y was OU and 2nd CC C above Sept 23 LH so should test next RS, which is ATH. BGU, YBX. After 4 CC BLB, OB, since 4 month TR, might get DBL, which increases chance of closing the GU. DD, PS TRO"
2,"H1 COH, but small body and 2 DD, far above MA, B2. GXH and 4500 BRN MGA. HOY and MA MGB. PS TRO"
3,"F BO HOY, COL, HOY and GXL MGB, PB but 3 BTTR, S2, LOM, PS BB and below 2. H1, MGA are 4500 BRN and GXH and ATH, but DD, 4 BTTR, LOM, B2"
5,"H1, COH, AIL, MGA, but TTR above MA so PS SA. also, still on S below 3. HPW"
6,"OD, but TRO, TTR, BTW. still on S below 2 and B above 5, but BTW"
7,"COH, MGA, AIL, but top of TTR, NS"
8,"CCBLBC, CCBLB1C, testing 4500 BRN, BTC, GXH MGA, but TTR so PP FF"
9,"BLB FT, GXH MGA. tail so BC instead of stop B above"
10,"F BO 4500, MDT, but 4 BLB, GXH MGA, PP BB, S2"
11,"H1, G above 3, BL want SPBL, GXH MGA, but BRB, PS W 3 10, PS FF 7 TTR, PS SA and above GXH, NS"
12,"MDT, FF 7, but BLB, AIL, GXH MGA, S2, PP BB around 3 H and 6 H BOP"
13,"OD, closed G above 3 H BOP so PP not SPBL. should get above GX H, but PP BLTR"
14,"H2, test 6 H BOP, GXH MGA, but CC BRB, closed the gaps above 3 and 6, PP BLTR, PP SA GX and PS SA 14. might go W before reaching GXH. BR want SPBR, but more likely will go a little HR before swing down"
16,"H2 14, should get above GXH, but then PS W 3 10 and transition into TR. BL need strong BO and FT to convert into strong BLT"
18,"CCBLB, GXH MGA, but PP BLTR"
19,"BO GXH. BR want W 3 10, but 7 8 might be strong enough to restart the count. so might be one more new H after a PB. BL want SPBL to last all day, but so far, breakouts are not big and rally is more likely BLTR"
20,"W 3 10, F 18BO, PH, but small BRB, 3 BLB, PP 1 more leg up to W 10 19, S2. H1 but PP and PP W 10 19, NS. BL want SPBL to last all day, but need at least one more strong BO. more likely will convert into TR soon"
22,"F BO GXH, MMU 4 3, W 10 19, PH, BLE4, but 9 BBLMC, SPBL, and only DD, S2 or NWS"
24,"H1, SPBL, but W, still on 22 S, PS TR for 2 hours, PS SA, NS, B2"
26,"H2, AIL, SPBL, G above 10, but DD, W, PS SA 22 for bigger W 10 22, NS. TTR, but TR likely so PP will get BO below 26 bottom of TTR and MMD, PS to OOD by EOD. still SPBL so OK to be long, but more likely will convert into TR"
30,"W 10 22, but BLB, SPBL, S2"
32,"H1, SPBL, but TTR 19, W 10 22, NS. PP will go SD to MA soon"
34,"W 22 30, COL, PH, PP TR here or soon, MGB are MA and 26 L at start of W. BLE"
35,"CC BRB, but tail, SPBL. PP 2SLD. H1 but CC BRB, MGB, W, B2"
36,"H1, but DD, CC BRB, W top, PP SA for 2LSD, NWS. should get PB to MA and maybe 26 L. B2"
38,"LH, PS 2LSD to MA, still on 34 S, but CC BLB, TTR 29, S2"
40,"LH DT, ps 40R. Still SPBL, NS"
41,"H1, SPBL but BRB, PP SA 40 and HOD, NS. BL want new ATH, but so far, rally is not strong enouh to get there"
42,"SBU, BO above 40R, PS MMU to ATH, but need FT"
43,"F BO 34 W, 2BR, PH, BLE, but SPBL, tail, just above MA and PS 20GB BR at MA, NS. BR want 41R, but not COL and just above MA, S2"
44,"H1, SPBL, but SBD 43, CCBRB, NWS, PS SA and above 42, NS, B2. F BO 34 W, but weak SSB 43 and PS BB at MA for 20GBB, S2"
45,"20GBG, but when a SPBL gets 20GBB before 50, increased chance of REV. NS"
47,"LH 45 but BLB, SPBL. SCBL from 17 18 spike so might test 26 L at start of W CH, and 10 H BOP, but bad SSB, S2 or NWS. PB to MA is before 50 so increased chance of RVD."
48,"SBD but at MA, SPBL, PS BTC, NS. should get test 25 L at some point today. B2 want H2 at MA and MMU."
49,"H2 at MA, COH, but TTR 40 and SCBL so 26 L MGB, NS, PS SPBR 43"
50,"DTBF 47, but at MA, BSSB 42 47 50, S2, TTR, still on 49 H2 B"
52,"TRI 45 49, II, BOM, but late in BLT so PS FF. No C below MA today, AIL, SPBL so slightly HR P for BL BO"
56,"MDT, LH MTR, LH DT BRF 47, F BO TRI, but TTR just above MA, BRD, NS. TTR, HPW. BLE, still on 52 TRI B"
59,"SBD, 1st close below MA all day so PS BTC. BR want REV down to 26 L, but need FT"
60,"CCBRB1C, Bar completely below MA, PP AIS, should test G above 10. less likely, will get back below OOD"
61,"SBD, but tail. AIS"
62,"L1, 4500 and OOD and 50P MGB, but DD, MDB, NS. 2LT 45, but BRB, B2"
63,"II after SX, PL, but SBD and MGB, PP SA and 2LSD, B2"
67,"BO, 7 BBLMC, PS AIL, but PP will not get much above HOD. more likely will get TR. L1 but 7 BBLMC, PP BB."
