BAR NUMBER,DESCRIPTION
1,"60m chart OB. PS SW for a few days at ATH as traders decide between BO and DT. on 5m, Y was PS DT LH MTR. BRD, in middle of Y TR, HPW"
2,"CC BRB but both with tails and near bottom of Y TR. TRO. MGB are LOY and GXL. MGA are HOY, ATH, GXH"
3,"HL DB 47, PL, but not big, 5 CC BRB, NS"
4,"CCBLBC, but not big, just below MA, middle of Y TR. PL, but PS BR CH and LH, NS"
5,"BO above MA but C in middle, not strong BTC. L1 in BRCH Y 13 79, but 3 BLB, PP BB, S2"
6,"H1 but tail, tail on 5, at MA, middle of Y TR, PS TRO, LOM. still AIL, GXH and ATH MGA.L1 at MA, LH in BRCH, but DD and 3 BLB, NS, PS BB"
9,"H1, just below GXH MGA but BRB, PS W 5 8, NS"
11,"H1, GXH MGA, AIL, but BRB, TTR, PS MW 8 10 or 5 10, PS SA, NS, B2 and S2. LOM, but AIL and just above MA so slightly more bullish"
12,"BLBC, BO above 10 and GXH, PS MMU to ATH, but need FT, else F BO and LH 79"
13,"H1, SPBL, PS MG 12, ATH MGA, but lots of OL,top of Y TR, NS"
17,"F BO HOY, F BO W 5 10 14, PH, but no scalp, still SPBL, PS MRV"
18,"CCBBRBC, PH, but more likely MRV after tight BL CH, NS"
23,"HL, 50P, PW 18 20, but 8 BBRMC, NS, trade small, B2"
24,"SBD, PS MG, might form ODD. BR need FT for MMD. BL need BLB COH for F BO"
25,"DD so FT, increased chance of MMD, but not BBRBC, near bottom of TR,, NS, better to S PB. F BO, H2, HL DB 2, BRE4, but DD after SBD, LOY MGB, B2"
26,"COH, H2 22, SX, BRE, PL, HL DB 2, 24 SX H MGA, still in Y TR"
28,BO. PP will get to MP of 16 C and 26 H to allow BTC BL 16 to avoid loss
31,"W 26 28, 50P, but CC BLB, MGB, S2, PP BB"
33,"H1, should reach MP of 16 and 26 B, might reach 16 C, but TR, better to wait for breakout or 2nd signal. Low probability, bad for stop entries."">BBBR, NS"
34,"L2 30, but TR, better to wait for breakout or 2nd signal. Low probability, bad for stop entries."">BBBR, tail, SPBL, and MP MGA, S2"
35,"L2 31, reached SBLMP but should go at least 1t above, BLB, NS, S2"
38,"H1, SBLMP MGA, but DD, TTR, middle of TRD, NWS. Still on 37 S for 50P and W 31 33, but TTR, middle of TRD, LOM, BTW"
39,"L2, but BLD in TTR. after 6 CC BLD, today might be BRD, which means OOD might be MGN for rest of day"
41,"TRI 32 38, SBLMP MGA, but TTR in middle of TRD, NS."
44,"DT, but 4 BLB, TTR, NS, S2"
48,"BO above SBLMP, but tail. BL want test 16 C and BO to new ATH, but after 6 BLDD and at prior H, increased chance of BRDD today so OOD might be MGN at EOD."
50,"II, 16 C and ATH MGB, 4 CC BLB, but NS. OOD MGB"
51,"F BO DT so W, OD, COL, OOD MGB, but middle of TRD, NS"
53,"SBD, but at OOD MGN. today PP will have bear body on daily so OOD PP will be MGN for rest of day"
54,"BRTP but tail, OOD MGN, B2. TRI 2 25 54"
56,"LH in TRI, but 3 CC BLB, NWS 51 H, PP MRV"
57,"H1, HL, but BRB, apex of TRI, NS"
58,"SBU, but still in TRI. BOM, LOM"
61,"HH DT 51, ET 44 51, W 56 58 OOD MGB, but DD, TC, NS, PS BB, S2"
63,"H1, but top of TR so LP, B2, If B, NS since top of TR"
65,"H1, but NS. BL want BO ATH, BR want FBO at top of TRD"
67,"BO, but need FT since might be BVT of 16 C to allow the 16 BTC BL to exit BE and for the 26 H BL to exit with profit. Only BTC if NS since PS BLTP. HPWB2"
68,"BLFT after 67 BO, new HOD, ATH just above, but tail, just below RS of ATH, not strong BTC. HH DT 16 but BLB, 6 BWBRB, S2, PS BB. BLE4"
