BAR NUMBER,DESCRIPTION
1,"GU. 8 CC BLD. COH but small body, PL, B2. Y TTR is PS FF"
2,"CCBLBC, but neither is big. AIL, but not HP BTC, B2"
3,"3 CC BLB but DD, B2. PS F BO HOY, MGB is HOY and COY, but need BRB, S2"
4,"BRB, PH, but tail, 3 CC BLB, PS BB 3, S2. BLE4. if BL do not get strong BO, might get H2 or PW top and then swing down to HOY"
5,"H1 but DD and far above MA, B2"
6,"MDT 4, PH, but tail, SPBL, S2"
7,"OO, MDT 4, and MDB 4, but TTR"
8,"BO above OO and TTR, AIL, but BRB, still TTR, LOM, BTW"
9,"SBU, PS MG, COH, BTC, but need FT since PS F BO"
10,"CCBBLBC, SBU"
11,"L2 3, BX, PH, BLE4, but 2LSU likely, PS BB, S2"
12,"BRB but tail, PS BTC. BLE, but still PP 2LSU after 9 10. if new H, then PS PW 3 11. BR need MDT or SBD"
13,"H1, but DD. PS SA 11 for PW 3 11. BL want SPBL to continue"
14,"MDT 11, L2 11, many DBTCBL 10 exited"
15,SBD but PS BOT 3 so might be more BTC than STC. BL want H2 13 for BT 3
16,"H2, AIL, BOT 3, but TR, better to wait for breakout or 2nd signal. Low probability, bad for stop entries."">BBBR, TTR, tail, NS. PS SA since TTR and weak B, but S2"
17,"LH DT 11, but AIL, CC BLB, TTR, PP BB, S2"
18,"COL, LH DT, but TTR, CCBLB 17, S2"
19,"CCBRBC, but still above 16 L. 50% chance SPBL and 50% chance of REVD to 7 L, then TR or BRT"
20,"H1 17, BL hope this is PB from 16 17 BOT. BR hope 20 is PB from BRT that began with 18. AIL, but TTR, weak BLT, 50% chance of REVD to 7 L. If new HOD, BR will try for W 3 11"
21,"H1, but DD, TTR. BR want TRI 11 17"
23,"TRI top 11 17 but 4 BLB, AIL, still on B above 21, S2. BL want BO 17 and more SPBL. BOM, but slightly more bullish"
25,"SBDM, PP HOD, OO, TRI 1 17. still in TR so PS DB 7 and PS BTC"
26,"DB 7, PB, but SBDM 25 so PP MRVU. TR more likely than BLT. BR want BRT, but BDUC"
27,"L1, AIS after SBDM 25, but BDUC, TR, PS BB, NS"
29,"H1 but still SBDM 25 so PP BRT or TR for rest of day, BRD, B2"
30,BO 26 but need FT for BO LOD and MMD. BL want F BO and TRD so 31 is important
31,"CCBBRBC, BO LOD, HOY MGB, STC but TR, better to wait for breakout or 2nd signal. Low probability, bad for stop entries."">BBBR"
32,"FT, HOY MGB, but SX, BRE4"
33,"SBU, PS LTR in TTRD. BR want BO below HOY. PP MRV, B2"
34,"L1 but SX, SBU, CCBLB, PS BB and below 32, NS, S2"
36,"SBD, PP TTRD, but HOY MGB"
38,"bear BO, HOY and MM TGB, but PS W 26 32, NS"
41,"still STC, but at SP of MMD, HOY, GXL and COY, S2. PS PW 26 32. MRV and PS TR likely soon. BRE4. PS 41R"
42,"PW 26 32, BLB, BRE, PL, but PP MRV, NS, NWS, B2. L1 but PW, BLB, PP BB, S2"
44,"BO above 32 L PP TR, B PB. PB to MA in BRCH but after W bottom at SP so PP 2LSU, S2, PS BB and PP BB 40"
45,"H1, but BRB just below MA, PS SA, B1. TR more likely than BRCH for next hour"
46,L2 but PP MBO and LTR in TTRD
48,"HL MTR but just below MA, TR, better to wait for breakout or 2nd signal. Low probability, bad for stop entries."">BBBR, NS, PP MRV. PS SA and TR"
49,"BO above MA, PS AIL, OOD MGA, BL want 9th CC BLDD"
50,"L2 44, MAGB, but PP AIL and PP TR, PP MRV, S2. OOD MGA. MA PS SP"
51,"SBD, but PS BTC since TR likely. S2. OOD might be MGN for rest of day"
54,"HL in BLCH, OOD MGA, but PS LTR in TTRD, NS"
56,"DT 50, DT 34, Truncated W 44 50, but tail, OOD MGA, NS, PS BB"
57,"H1, OOD MGA, but top of LTR 34, NS, PS SA for DT 34 and W 44 50. If rally is BLTR, might get leg down to 48 HL"
58,"BO, but need FT. might enter TR around OOD. BL want test of HOD and BR want test of LOD, but most likely will start to OSC around OOD"
61,"H1, but BRB, W 60 58, test OOD, PP SA, B2. PP 2LSD, maybe to 54 L or 48 L, but PP will try to end the day around OOD so PP MRV"
63,"CCBRB, PP SA for 2LSD, but still AIL. PP BRTR"
64,"DB 57 but CC BRB after W, PS SA, NS> BL want BO OOD and test 26 H but PP will close the day around OOD"
67,"BO 61 W and OOD, 26 H MGA, but LBRM selling above prior H, might form TR around OOD, NS"
