BAR NUMBER,DESCRIPTION
1,"YSX. Y tested OOW. BR want 3 CC BRB on daily, and for week to have BRB. BL want month to close near the ATH and far above Sept H, and BR want Oct to close below Sept H. OOW and HLM MGB. Y is H1 but CC BRB, PP SA HOY. Emini should test 60ma above and the OOW below. Increased chance of TR day after collapse to support in BLT. BBLBC, C far above Y BRCH and above both MA, but now in Y TR. BL need FT, else might gett stuck in Y TR"
2,"BRB so DBL. H1, but BRB and in Y TR, B2. BX, PH but tail, S2. PS TRO"
3,"II, BOM. BL want BO HOY and BR want test OOW. strong enought REVU to expect HR"
4,"BO but tail, and not BBLBC. AIL, but just below HOY and so far not strong rally. PS II FF, but 8 BBLMC, S2"
5,"H1, AIL, HOY MGA, but BRD, PS SA, PS PW 1 4, NS."
6,"PW but 10BBLMC, PP BB, S2. still SPBL and MGA HOY and ATH. weak rally to near top of Y TR, but no credible top"
7,"MW 4 6, PW 1 4, PH, test HOY, but 7 BLMC, PP BB, S2."
8,"H1, SPBL, but 5 BTTR just below top of Y TR, NS."
9,"SBD but tail, still BDG 1, still AIL. TTR, LOM"
10,"IB, H1, AIL, MGA, but 7 BTTR, NS. L1 but BLB, just above MA, tail 9, S2"
12,"BO above W 7, ATH MGA, but Y was BRD so PS SA HOY, NS. BL want MMU to ATH but need FT, and BR want FBO and HOD"
13,"CCBLBC, BTC, BL want MMU to ATH. BR want FBO but PP need MDT"
15,"H1, ATH MGA, but BRB, PS SA. BLE4"
16,"BO but tail. still BTC, MGA, but PS PW 7 14. 8 BBLMC, S2"
17,"IB, H1, but BX 16, NS. BX, but BLB, S2. BLE4"
18,"BRBC, PL, BLE, but PP MRV, S2"
19,"H1, but SBSB, NWS"
20,"COH, SPBL, OK swing B"
21,"LH DT 17, PH, but only BRD, S2. also, SPBL so PP MRV"
23,"LH DT 16, COL, PH, but still SPBL and still above 19 HL. PH, but TTR in SPBL so MRV more likely, NS, S2"
25,"H2, COL, HL DB 19 AIL, but TTR so NS. HOY and MA MGB"
26,"BLBC, but did not yet BO above 22 H where bears have their stops"
27,"BO 22 NL of DB, and a measured move up"">DBBF, AIL, but need BO 16 HOD. TGT are MM and ATH. BR want F BO and HH MTR, but need good SSB"
28,"SBD, OD, BO below 19 NL of DT 16 28. HH MTR, PH, but BR need FT. PS 20GBB and BRTP but BL need strong BLB 29"
29,"BLD so no FT. BRTP, 20GBB, but only BLD, PP 2LSD after 28 SBD, B2"
30,"20GBB, MDB, still BDG 6 H, but BRB, SBD 28, PP SA, B2. might get TR so might test 27 L, but PP will not be big BLTD after 28. Y was bad BSB on daily. BR want BRT, but need FT. PS TR"
32,"L1 but CCBLB, 4 BBLMC, PP BB, S2. might test 27 L or HOD, but TR more likely than BLT"
33,"3 CCBLBC, PS BTC, but TR more likely than BLT, NS"
34,"LH MTR, but 4 BLB, PS BB, S2"
36,"BBRB but at MA, PS TRI, PS BTC, S2"
38,"HL DB 29, PS TRI, but BRB, room to 30 L, NWS, B2"
39,"HL DB 29, BBLBC, but middle of TR 14, NS, PP will be TRI 27 29 34 38"
42,"SBD, 60ma and OOD MGB. BL want FBO, H2 29, W 18 29, but need BLBC 43"
43,"F BO, H2, but TR, better to wait for breakout or 2nd signal. Low probability, bad for stop entries."">BBBR, NS, B2"
44,"L1 but after BDUC, PP BB, S2"
47,"HL DB 42, H1 from 43, but 4 BWBLB, PP MRV, NS"
49,"CCBLBC, BO MA and HOY, SBU, but middle of TR 14, PS DT 40 and L2 42. should get 2LSU"
52,"H1 but BRB, top of TR, PS SA, NS"
56,"H1 but top of TR, NS. W 44 51, but SPBL 42, PP 1 more leg up after 48 49 50 BO. NWS"
57,"H1, SPBL, HOD and ATH MGA, but BRB, PS W 50 56, PS SA, NS"
61,"IOI, SPBL, ATH MGA. W 50 56, 60, but SPBL and BRD S SB, S2. BLE4 since PS W rally to DT 28"
64,"H1, COH, but top of TTR at top of TRD, NS. Not good TE since PP will not get big reward to offset low P. Still on 62 S, but that was weak S setup. HPW"
65,"OD, still on 62 S for W and DT, MGB 54 L at start of W, then 47 L, 42, L and 60ma. but C just above MA, TTR, LP, S2 or NS. BL want H2 64 and then new ATH."
66,"H2, W, but CC BRB, still on 62 S, B2"
67,"BO, C below 66, but PS DB 54 at HOY, NS, PS BTC in middle of TR. bad TE for stop order traders"
