BAR NUMBER,DESCRIPTION
1,"YBX. H2 76, but TC, tail, PP BRTR. OOM MGB. PS MMD below 78"
2,"L1, SPBR, OOM MGB, but tail, PP BRTR, PS LOM, S2"
3,"CCBRB1C, but PP BRTR, NS"
4,"H2 78, but 3 CC BRB, MGB are MMD, OOM, and GXL. PP SA, B2. PS LOM and TRO"
6,"L1, AIS 3, MGB, but CCBL, NS"
7,"BBRB, OD, SBD, MGB OOM and MM and GXL. since LOM, PS BTC, but PP will go LR, B2"
8,"SX, SVT of SP. W 1 4, bad FT, PL, BRE, but MGN, tail, B2"
9,"L1, MGB, but CCBLB, NS. PP BRTR so should get REVU before BO LOY"
11,"CCBRBC, SBD, BO, but PS PW 4 8 at OOM and GXL. PP will hold above LOY since Y was SPBL and there was no clear MTR"
12,"3 CCBRB, still STC, but PP will not fall below LOY"
14,"5 CC BRB, but PS SVT LOY, BRE4, PS LOD soon"
15,"HL DB LOY, SVT LOY, PL, BRE, but TR, better to wait for breakout or 2nd signal. Low probability, bad for stop entries."">BBBR."
16,"L1 but BLB 15, SX at LOY, NS, PB BB around 14 C for DBR and below LOY"
18,"MDB 14, PL, BR"
19,"L1 but PP BB for PW 14 17. IB, MDB, LL DB 14, F BO LOY, BRE, PL, but BBRB. PP SU for at least a couple hours here or soon"
20,"BLB but tail. mkt deciding between TR and TRVU, but PP 1st REVU will be minor. since TR or REVU likely, PP BB LOD. too many big BRB so PP ESX"
23,"BBRBC, but TR likely so PP BTC, S2"
24,"HL MTR, but PS TR instead of BLT. still on S belo w22 or 23, but PP BB LOD, NS"
25,"OD, DT 22 16, PS MMD, but TR likely so NS, PP BB"
26,"CCBBRBC, BO NL DTBF, but PP BB around MMT, PP TR since 14, PS BTC, NS"
27,"F BO 18, PL, BRE, but CCBBRBC, MMTB, NWS, NS"
28,"L1, still on DTBF S, MMTB, but CCBLB, PP BB, PP BB around MMT, NS. still on 27 B but NWS"
31,"20 GBS, but W 14 17 27, 3 day ET, 4 BLB, PP AIL, PP BB, S2. H1 but BRB at MA and 22 H, PS SA, NWS, B2"
33,"MDT at MA, DT 22, but PP top of TR so MRV, NS"
35,"SBD, but PP TR so PS BTC, S2"
36,"HL MTR, but DD and SBD 35, NWS, B2. still on DT S 33, but TR or HL MTR likely, NS, BRE4"
37,"HL MTR, COH, but just below MA, NS. L1 but BLB, middle of TR 14, PP BB and below 27, NS"
38,"L1, below MA, but PP TR 14, NS. PP BB 27 bottom of TR"
40,"W 31 36, DB 27, HL MTR, PL, BRE"
42,"L1 at MA, DT 37, but still on 40B for W selloff to DB. ok to exit. PS SPBL, NS, S2"
43,"BO below W but PP bottom of TR, LP STC, PS BTC"
44,"OU, F BO B, HL MTR, but at MA, NS"
45,"LH in BRCH at MA, but CCBLB, still on HLMTR, PP BB, S2"
46,"H1, SPBL, but BRB at MA, PS SA, NS. LH in BRCH but CCBLBC after HLMTR, PP BB, S2"
49,"TRI 27 44, BOM, NS"
50,"apex of TRI, BOM, LOM"
57,TTR
58,"COH, BRTP 57, above MA, PS TRSU, but TTR, NS"
59,"W 52 56, 21 tick trap for 5 pt bulls, but BLB, CC BLB, TTR, PP BB, S2. BL want SPBL. DBL 58 might exit around BE"
62,"OU, but TTR, LOM, B2, S2"
67,"BO, but need FT, else BLTP and FBO above TR"
