BAR NUMBER,DESCRIPTION
1,"60m DT and DB so BOM. BGD, at 4300 BRN, in middle of 5 day, 100 point TR. BL want DBPB, BR want BO below Monday's low. BBLBC, F BO LOY, 30% chance LOD"
2,"BLB but tail middle of 5 day TR, at OOM. CCBLB1C. L1 but CCBLB, PP BB, S2"
3,"H1 but 2 small bars, NS, NWS. BLE4"
4,"big OD, MDT 2, PH, but 3 BLB far below MA, S2, PS BRTP, PS BTC"
6,"BO LOD, 3 CCBRB, CCRBR1C, GXL and Oct L MGB"
8,"LL DB 1, PL, but tail, 4 BRB, GX MGB, PP MRV. should get above 1 L since BRTD unlikely after 3 BLB and at bottom of 5 day TR"
10,"L1, COL, GXL MGB, but CCBBLC, LBLM below 1, PP BB 8 and at GXL, NS. still on B above 8, but PP MRV. H1, PL, H2 8 1, but TR, better to wait for breakout or 2nd signal. Low probability, bad for stop entries."">BBBR, GXL MGB, NS"
11,"SBU, almost SBUM, PP AIL, PP 8 will remain LOD, but BL need BO MA, else might form TR instead of BLT"
12,"BRB so bad FT. DT 2 but SBU, S2"
13,"f BO HOD and 60MA, but BLB, SBU 11, PP AIL, PP BB, S2"
14,"H1 but at MA and DT, NWS since might test 10 H"
15,"L2 12, DT 2 at MA, PH, but more likely PB and HL for CUPU"
16,"CUPU, H1, but just below MA and at top of TTR so LRP, NS"
17,"small BLB, not BO far above MA so DBL might exit BE"
18,"H1 but BRD at MA. Still on 16 B but top of TTR and DT at MA so LRP. L2 13, DT 2, but DD, SBU 11, S2. might get CHU and SCBL. BR want REVD, but PP will get TR and not BRT"
20,"DT 13, MA, DT 2, but 5 bars with tails, TTR, LOM, LPS, PS BB, NS, S2"
21,"H1, AIL, but BRB, TTR, at MA, BOM, LOM, B2, S2"
23,"SBD, BO 16 L, 4 CC BRB, but BR need FT, else PS HL MTR."
24,"F BO, but DD, B2, BRE4. L1 but BLB in middle of TR, PS BB, N2"
25,"OD, PP AIS 23, but DD, middle of TRD, HPW"
26,"H2, IOI, W 21 23, HL MTR, COH, H2 16, but just below MA, middle of TRD, LP so NS, HPW for BO above MA"
27,"BRB so bad EB, but still on 26 B. L1 but tail, bottom half of TRD, S2"
29,"SBU, BO MA, COH, PS BTC, but need FT"
30,"EMA. Higher prices likely. Always In Long and Buy The Close bull trend"">CCBBLBCM, but top of TRD, need FT. BLE4, PP BB, S2"
31,"BLTP, F BO, BLE, but SBU 29 30, S2"
32,"CCBBRBC, C far below MA, F BO above MA 30, but still above 25 HL MTR, middle of TRD, S2"
34,"TRI 8 13 25 30, BOM. OU, but tail, SBD 31 32, B2"
35,"IOI. L1, but DD, bottom of TR, NS. H2, HL DB 25, but BRB, TRI"
36,"OD but DD, HL 25, S2"
37,"IOI, HL DB 25, but TTR just below MA, NS. L1 but BLB at bottom of TR, PS BB, NS, S2"
40,"LH in TRI, but apex, tail, S2. BLE. still on 37 B"
41,"DD IB, apex of TRI, still on 37 B"
44,"3 CCBRB, but small bodies, still HL 36, still in TRI, NS, S2. BL unable to hold above MA"
45,"HL MTR, TRI, COH, but apex, at MA, NS"
47,"BO above MA, but tail, still below 30 LH, PS STC, NS. might test 30 C for DBTCBLE"
48,"3 EMA and closing near their highs so probably will go higher and possible Buy The Close"">CCBLBCMA, MGA are HOD, 60ma, COY, and GXH"
49,"CCBBLBC, GXH MGA. at 60MA, but still BTC"
51,"F BO HOD and 60MA, BLE4, but PP BB for test COY and GXH. might get pulled back to apex of TRI by end of day, but more likely will be TTRD. H1 but BRB, NWS"
52,"MDT, BX, F BO 60MA< but PP MRV and then UTR in TTRD, S2"
53,"SBD, but PP MRV, PS BTC. might test 13 H and MA and OOM. S2"
54,"H1, GXH and COY MGA, but PP MBO and UTR in TTRD"
57,"BO GXH and COY, about MMU from Triangle, so PP PTG soon, then UTR in TTRD"
58,"still BTC, but PP PTG soon"
59,"OD, BX, MMT, but MRV, S2. BLE"
60,"IOI, but PS PW 52 58, NS. PS SA 59 OD"
61,"II, but PS FF and PW, NS. BX, PH, at MMU, PP MRVD"
63,"BLB but tail .BL want OUD, but if get it, PP will not get much above HOY. UTR likely before EOD"
64,"OD, PW 52 59, PH, BLE, but PP MRV. PS BB for one more leg up to above HOY for OUD"
65,"H1, but W top so PP 2LSD, B2, PS SA and PP SA 64"
66,"SBD, 2LSD likely after W, but TR likely so PS BTC, and PP BB at MA and 52 H"
67,"LL DB 59, but 4 BRB, W top, PP SA for 2LSD"
