BAR NUMBER,DESCRIPTION
1,"LDW. HLW and 50day MA are MGA. BR want bear bar on weekly chart so OOW is MGB. Y was SSB on daily, but bull body and strong 3 day rally so PP BB, and above Wednesday's high, which is top of gap. GXL was ledge on 5 min chart so PP will go below GXL. Big OD, LOY and GXL MGB, but bottom of BLCH, <S2"
2,"F BO LOY, COH, PL, but BBRBC so BUDC, NS"
3,"L1 but DD, big bounce from 2, LOM, HPW"
5,"H2, 2nd REVU from below LOY, but BRB, TR, better to wait for breakout or 2nd signal. Low probability, bad for stop entries."">BBBR, GXL MGB, LOM, B2"
7,"BBLBC, MDB 2 5, F BO LOY, PL, but TTR, PS STC, B2. PS TRI 1 3"
8,"BFTU. BL want BO of 1 and MMU to above HOY for OUD. that is also just below 50d MA MGA. Tri but DD after BBLB, PS BB, S2"
9,"H1 but DD, top of TRI, NS, B2"
10,"TRI, MDT but 3 DD, TR, better to wait for breakout or 2nd signal. Low probability, bad for stop entries."">BBBR, LOM, HPW"
12,"H1, but 5 BWBLB, B2. LOM, BOM. GXL MGB, HOD and then 50MA and HOY MGA"
14,"7 BWBLB but C above 13 L, S2"
15,"BO, C below 14, 8 CCBRB, AIS, but tail, bottom of TRI, DB 5 so DB HL MTR, NS"
16,"F BO, DB HL MTR, still in TRI, but 8 BWBLB, BRB 15, just below MA, B2"
18,"TRI 1 10, GXL MGB, but CCBLB 17, NS"
19,"CCBBRBC, but above 5 15 DB, bottom of TRO, S2, PS BTC"
20,"OU, C above MA and 15, but TR, better to wait for breakout or 2nd signal. Low probability, bad for stop entries."">BBBR, LOM, NS, B2"
21,"CCBLBC, C above 17 NL of DB 15 20, but need FT since still in TRO"
22,"CC BL bodies above MA, BTC, but still in TR so ok to scalp out of part or longs. BLE4"
23,"BBRBC, BLE. L2 18, F BO TRI, but 3 CCBLBC, PP BB, S2"
25,"BO, C below 24, but still in TRI, BOM, LOM, S2"
26,"DBPB 2 15 DB and 16 20 DB, but DD, BBRB 25, B2. BLB so BFTD 25, HPW. still BOM. MGB GXL, MGA 50MA"
30,"BO below 16 20 DB, GXL MGB, 9 BBRMC, but tail, bottom of TRO, S2 F BO HL 15, still in TRI, but 4 BRB, 9 BBRMC, B2"
31,"OU, DB 15, PL, BRE, but tail, just below MA, 10 BBRMC, B2. might get DTBF 26 at MA and then BO below GXL"
32,"DTBF 26 at MA, but BLB, CC BLB, bottom of TR, NS, S2"
34,"L2 32 below MA, but bottom of TRO, NS"
35,"CCBRBC, BR want BO below 15 31 DB and then GXL. BL want REVU from bottom of TRO"
36,"C below LOD, but BR need FT for MMD to 60ma. just above GXL. GXL was ledge on 5 min so should break below and then PB above GXL. BL want DB GXL"
37,"F BO, DB GXL, W 20 31, but 3 BRB, NS, B2"
38,"CCBLBC, DB GXL, but just below MA, NS. PS DT 32"
39,"DT 32 at MA, PS BLTP like 7 and 22, GXL MGB, but 3 BLB, W, DB GXL, PP BB and 2LSD, S2"
41,"H1, but PS DT 32, NS"
42,"OD, MDT 39, DT 32, GXL MGB, but TR, better to wait for breakout or 2nd signal. Low probability, bad for stop entries."">BBBR, TTR 26, LOM"
45,"HL MTR, OU, but tail, GXL MGB, B2"
46,"SBD, but GXL was ledge so should get PB above GXL before EOD. BR want MG"
47,"F BO, GXL and 36 L MGA, BRE4, but SBD, DD, 60MA and MM TGB, B2"
48,"FBO, 36 L MGB, but SBD 46, 60ma MGB, PS SA, NS"
50,"L1 49, 2BR, but 60MA just below. 3 BLB, PP BB around 60ma, NS"
51,"H1, 37 L MGA, but DD, 60ma MGB and MMT MMTB, B2"
53,"L2 but DD after BBLB, NW. should get above 37 L at some point since that is ledge bottom on GX"
55,"CCBBLBC, AIL, but might test 37 L and 49 H. back in middle of range and middle of 45 TR"
56,"LH DT 39, but 6 BWBRB, PP BB, S2"
57,"H1, strong REVU from SX, CUPU, but DD"
58,"BO above 39 LH, OOD MGA, but tail, ,PS PW 49 56, middle of TRD, PS PB soon"
59,"CCBLB, but tails, middle of TRD, testing apex Tri 21, not strong BTC, PP PB soon"
60,"bigger bar, BX, PP PB soon, but 4400 BRN and 22 H MGA"
61,"PW 52 55, but PP MRV to test BOP 39P and maybe MA and 58 L bottom of BX. MRV. might get 2LSD to SP"
63,"H1 but 3 CCBRB after PW so PS SA, NWS"
66,"H1, test 29 H BOP, but 6 BBRMC, NWS"
67,"OU but tail and 6 BBRMC, 4 BTTR, back in TR 40, PS LOM. PP will not get big move down today. should test 60 H for DBL"
