BAR NUMBER,DESCRIPTION
1,"big GU but doji, O on L"
3,"F BO HOY, BX, COL, ok S for HOD but might need 2es"
4,"BP B, bull bar, bulls get long again"
6,"big BO, BTC"
8,"F BO HOY 2es but strong BO, BB, then poss PW top"
9,BP B but prob 1 more leg up to PW top
12,PW but tail
15,"DB, and a measured move up"">DBBF 9 but 4 bear bars, PW, prob MRV and more SW. bears usually need at least 10 bar TTR before bear trend so downside risk prob small for next hour. TTR likely. Bears will S 50% bounce for scalp"
19,"LH but 2 strong bull bars, AIL, SS2"
20,"big BO, poss EG, but big enough so at least 1 more leg up. BTC"
26,"MW but 12 BBLMC, LBR not making money, to early to S. good bear bars, bad FT, prob BLTR, but no top yet"
31,"big BO, biggest bull bar 31 bars into trend so prob EG, MMT, but LBR not making money yet so LPS, and might test BRN 2400"
36,"BX, 2es, MMT, just below 2400 BRN, but bull bar. Prob BB around MA and 31 L, prob TR for 1 – 2 hours"
42,"H2 but TC and far above MA, so prob LH and more SD"
50,"20GB B, Tri 42 46, AIL, but TTR, bear body, MRV"
57,"BP B, AIL, 20GB B, ok B for TRES up, but big bar at top of TTR so Lr P, poss FF"
61,"FF, f BO 2400, should fall below 34 H for LBR to make money, might fall to 56 FF. Strong BO 58 so maybe 1 more push up."
63,"BO B, AIL, but 4 bear bars, poss SA, prob SA HOD"
66,"FF 56, DT 59, truncated W where 66 did not get above 2nd push up 59, but bull bar"
70,"H2 at MA, but 2 good bear bars and poss FF top"
