BAR NUMBER,DESCRIPTION
1,"GU, big bear bar, poss HOD, but prob limited down after Y big reversal, BO above 60ma. OOW prob magnet all day since 9 cc bull bars on weekly chart is rare, and this week is deciding if will get 10"
2,"FT, but doji. Prob SP at OOW and 60ma, then TR"
4,"ORV at OOW, poss LOD, but 3 bear bars so prob TRO"
7,"DT 1, poss HOD, but doji, AIL, BB, but poss TR for 1 – 2 hours"
10,"DT, 2es, but bull body"
13,STC
15,"ORV 60ma but 5 cc bear bars, AIS, SA. Prob TR soon, but no bottom yet"
17,"BP S but bull bar, 60ma SP just below, prob TR soon"
21,"PW 9 15, W 1 15, mdb, but TC, MRV"
24,"DTBF 19 but HH, W, prob BB and TR"
28,BP B but top of TR
32,"DB, and a measured move up"">DBBF 28, but prob limited up since TR likely"
36,"Tri 24 30 34, f BO above Tri"
38,"BO and FT, more down"
42,"W 4 20 but 6 Br bars, BBs"
43,BP S but CSX and prob not much more down
45,"W 4 20, csx, L1=2, poss LOD, but TC, MRV. Bears exit"
48,"DT 42, MG 20 L, but TTR, 4 bull bars, LPS, might test apex of tri 36 and OOW, but RS at 60ma"
52,"BO, AIL, more up, but tail, not big bar, 60ma just above"
60,"W 49 55, but TC, room to OOW, LPS"
61,"BP B but bear bar, W 49, 55. Btw"
66,"DB, and a measured move up"">DBBF, OOW tgtA, but might F below. Not strong B"
72,"BO above OOW, biggest bull bar in 28 bars, prob EG. Odds still favor C below OOW. Prob SW for rest of day"
