BAR NUMBER,DESCRIPTION
1,blank
2,"f BO above TBLCH, poss HOD, but MRV, prom LBL below for scalp"
4,"ORV MA but 2 dojis, late in BL CH, still AIS from cc bear bars"
8,"ORV MA, W 1 3 6, PL, but bear bar, TC, MRV"
10,DTFB 4 but middle of TTR
12,"DB 8, poss LOD, but TTRNS"
17,"Tri 8 11, bull bar, but BOM, still AIS 2"
24,"f BO, 60ma, 5t, PL, but 16t below 2 so should fall a least 1 more tock, room to 61 bottom of ch, LPB"
25,"DB 65 at 60MA, MDB, 50% PB, 17t, ok to exit shorts. Poss LOD but TC, MRV"
28,"DT 19, but becoming AIL, BB"
29,"OU, AIL, but BLTR"
31,"LH MTR, DT10, L2 28, but AIL, TC, BB around MA, 50% PB, 19 L bottom of Tri, and 29 BX L"
37,"BP S but AIL, bull bar, BB"
44,W 37 42 LH but 9 bars without bear body
50,"H2, AIL, but TTR"
62,"DT LH 31, test of 31 C, S zone, but 3 bull bars, LOM"
67,"TR, 2es, but AIL, doji, SPBL"
69,"F BO, W 62 67, but 5 bull bars, BTC"
72,"W but TC. Small TRD. Still might get BTC or STC, but prob will C near OOD"
