BAR NUMBER,DESCRIPTION
1,GD but only 2t so prob will C. poss HOD
2,"F BO LOY, but 2t tail. Poss LOD but confusion so prob SW"
3,"BP S, F to C G, poss HOD, but doji, prob LOM"
5,"cc bear bars, AIS, pron will test Fri L"
6,"doji so bad FT, like 2. AIS, but prob BRTR. Still STC. Bears need more gaps if going to get SPBR"
13,"PW 1 7, SX 10, MDB, but tail, near daily ma and daily bull TL so might go Lr after any bounce. Poss LOD, but MRV, TGTB"
14,"DTBF but doji, poss FF"
15,"f L2, poss LOD, but doji, TC, MRV, daily MA TGTB"
18,"cc good bull bars, still MRV, but AIL, BB for test 10 SX H. bulls prob will need MTR in 10 – 20 bars"
19,"DT 14, 20GB S, AIL, BB, but BDBU so SW likely. Bulls need TR for MTR"
21,"HL for test 10 SX H, but MRV, then TR likely"
27,"W 14 18 22 24, but TC, TTR, AIL, BB"
28,"BP B but weak rally so BLTR, poss SA"
30,"BP B but top of TTR and weak bull ch, prob SA"
31,"W 12 19 22 24 29, bear bar, AIBL exit, might test 21 L for TRD"
35,"HL MTR, DB 21, but strong enough bear BO so BB2, prob SA at MA, 50P, and 28 L"
44,"Tri, bear flag, but bottom of TRD, HL MTR"
46,"f BO, 2LT, but tail BB for 2LU"
47,"H1 but doji, just below LH"
50,"W 37 46 LH in Tri, but AIL, just above MA, LPS"
54,"WBLF 49 51, AIL, but TTR, top of Tri"
63,"W 37 49, f BO Tri and 49 H, bear ii, but TTR, scalp or wait"
66,"DB 58, AIL, but TTR. If get C near 60ma, then daily MA will get pulled above LOD, and appear to trigger daily 20GB B"
72,"W 48 62, but TC, and 60ma magnet just above, MRV"
