BAR NUMBER,DESCRIPTION
1,"GU, f BO HOY, but bit bar, tail, just above 60ma, hpw"
2,"ORV up from HOY and 60ma, but tail. Poss LOD, but prob TRO"
5,"DT but 3 bull bars, GU, AIL, BB, but TTR, prob BOM, TRO"
8,"H1, AIL, but top of TTR, LP"
9,"f BO DT so W, poss HOD, but doji, TTR"
11,"BP B, AIL, ok B but poss more TRO. If get BTC, then prob TR after an hour and then TRSV after FOMC"
14,"W 1 9, 80 bars into bull so overbought, better to get out of longs below. TC so MRV, but poss HOD"
18,"BP B at MA but big tail, W top, SA. 40% chance of BO above W and then MMU"
21,"3 cc bull bars, BB"
26,"F BO W top, poss HOD, but TC 18, doji, still AIL, but 100 bar bull trend so overbought"
29,"BP B, might reach 17t above 3, and maybe HLW"
37,"BO, more up, but prob EG"
39,"BP B but just below HLW, BX, BO above bull CH so prob f BO, prob SD into FOMC. Might get PB to 37 BX L"
43,"BX just below LLW, iii, but dojis, AIL, FOMC in 1 hour, SPBL. Might test 37 BX L"
48,"DB 37 BX L but prob TTR into 11 am report, btw"
55,"big bull bar on FOMC, BO above HLW so triggered weekly B signal. Bulls need FT, bears want EG"
57,"f BO, MDT, ABL exit below 56 bear bar, aggressive bears S, HPW"
62,"H2 58, BT HLW and 42 H and MA, strong bull bar, AIL, ok B"
64,"BO, more up, but poss FF 62 H2"
65,"W 40 56, but 4 bull bars, LPS"
68,"H1, AIL, TGTA"
70,"W 56 64, bear body, ok to exit below. Aggressive bears S. still room to TGTA so poss BB"
72,"f W, BP B, AIL, TGTA, but CBX, poss only 1 more leg up so must make quick decisions"
