BAR NUMBER,DESCRIPTION
1,"bull doji above MA in middle of Y reversal, LOM"
2,"ORV but bear bar, LOM"
3,"DT LH but MRV, bull bar, BB, LOM"
8,"LH MTR, good S SB, poss HOD, but TTR"
10,"BO, FT, AIS, more down, but prob bear leg in TR, poss BB 79"
11,"H2 79, MDB, poss LOD, but 4 cc bear bars, MRV"
13,"BP S, AIS, but 2 bull bars, LPS"
14,"W 44 79, 2eb, good B SB, poss LOD, but AIS, prob more down, poss L2 soon, HPW for big bull TB. Weak bear so prob BRTR, but no clear bottom yet and 62 L TGTB"
17,"L2, AIS, 62 L TGTB, but 2t tail, 2 good bull bars, LPS"
20,"DB 62, SX, W 2 11, poss EG and LOD, but big enough bear bar so bulls prob need MDB"
21,"BP S, AIS, might test 55 BO L, but W and DB, strong 20, LPS, LBL making money all day, poss BB"
26,"f BO 62 bottom of Y bull ch so TR likely, W 19 24, poss LOD, but bear bar, TC, MRV. Bear SC today so tgt is 16 H top of ch, but prob TR 1st"
31,"DTBF 20 at MA, but prob AIL, BB, TR. Bulls prob need MTR before test 16 H top of ch"
38,"L2 31, bear ii, but 3 strong bull bars, AIL, BB, but prob not much up before TR"
40,"L3, LH, but TC, MRV. might test 34 BX L, then HL MTR"
50,"HL MTR, mdb, AIL, but bear bar, apex of Tri"
57,"Tri 17 40 53, but bull bar, AIL. TRSV"
62,"Tri, COL, ok S for TRS down"
63,"big bear bar BO, AIS"
65,"HL MTR but 4 BR bars, BB2"
67,"LL MTR, test 60ma, 2 day WBLF, but 6 cc BR bars, BB2"
71,"BP S at MA, but 4 bull bars, W bottom, LPS"
