BAR NUMBER,DESCRIPTION
1,"F BO Y TR, big bear bar, but need FT"
3,"ORV at MA, good SB, poss LOD, ok B, but big bear bar 1 so Lr P"
8,"H2, HL, poss LOD, but bear BO below 3 so still on BOM S, LP B. still BOM"
11,"W 3 8 but 3 bear bars, AIS, endless PB, might get bear BO and MMD"
20,"HSB with Y 26 67, poss LOD, but TC, doji, still AIS, BB2"
26,"2nd Fd bear BO 19 at 60ma and LOY, ok B for swing up"
27,"good EB, AIL. Prob MRV and TR"
35,"DT 9, good bear bar, but AIL, 10 BBLMC. BB, but might get 50% PB"
47,"BP B but poss W and SA. AIL, stop below 42"
50,"W 23 35 but SPBL, LP S"
52,BP B but weak rally at top of TR. Might get BO since bull flag on 60 min
56,"BO, more up"
59,"2LT, f BO above TR and BLCH, but doji 57 so prob BB. Bears want test 55 L of BX"
62,"BP B but 3 bear bars, BUBD, LP B, odds favor test 55 L"
66,"H2 but bear bar, TC, poss SA for test 42 bottom of ch"
75,"L1 but SX at 60ma, BB. Prob SW until eod"
