BAR NUMBER,DESCRIPTION
1,"big bear bar after Y SX, poss EG"
2,"bull bar, but MRV after 7 bear bars, btw"
4,"L1 but 2 bull bars, SX. Poss HOD but btw"
5,"MDB but bear bar, BTW"
6,"DTBF 3, still on 4 S, ok S for HOD, but prob FF"
11,"FF 7, bull ii, poss LOD, but 3 bear bars, still AIS, should test 9 C"
13,"DT 6, AIS, but LBL making money, tail, prob BRTR and not much more down. btw"
17,"DTBF, C on L, 10 bulls exit. Still AIS but many bull bars so prob BRTR"
18,"BO, should fall at least 17t below 4 L. poss CC bottoms, so prob 2 legs down"
22,"W, poss LOD, ok B, but BB2. 7 bear bars, prob SA and then 1 more leg down"
27,"H4, cc bottoms, bull bar, poss LOD, should test 10 H at some point, but TC, LOY and 60ma magnets below, MRV"
32,"HH DTBF 23, 20GB S, bear ii, BR scalpers will STC 30, but TTRD, prob AIL, BB for MTR and 2LU to 10 H"
36,"HL MTR but 6 BBRMC so prob MRV and more LTR. Less likely, BO below 26 NL of DTBF"
39,"Tri, bear bar at MA, ok S but prob AIL for test back up into UTR and 10 H"
42,"L2 at MA, again bad FT, but barely AIL, LP S"
47,DB 40 but TTR
49,"W 38 41 but 2 good bull bars. Bulls exit, but LP S"
53,"DB 40 but doji, TTR, TRSV, btw"
60,"big bull bar, C above H of past 20 bars, AIL, but need FT"
61,"FT, but need more, else 2LT in LTR"
62,"2LT s0 in LTR, but doji, and after 30 bar TR, BO more likely"
65,"f BO 2es, ok swing S but prob BB for 2LU to 10H"
68,"reversal, AIS, but prob SP at 60ma and LOY"
71,"BP S but bull bar, big bounce off 60ma, LP S, prob BB. F BO but 6 bear bars, BB2. STC bears exit above bull bar"
