BAR NUMBER,DESCRIPTION
1,"GD, O on H so prob will go above HOD at some point. AIS but tail, CSX so prob not much more down"
3,"f BO LOY, poss LOD, but cc bear bars, AIS, BB2"
4,"BP S, AIS, but csx, TTR, LPS, btw"
6,"MDB, F BO LOY, csx, poss LOD, but TTR, tail"
11,"BO, AIL, but more likely will get deep PB and TR after bear TC"
12,"ORV down from 60ma and 50% PB, MDT, but MRV. AIL, so either TR or bull trend likely. if TR, can get deep PB. Only 30% chance of bear trend"
14,"H1, AIL, but BUBD so SW likely, bulls need stop below 5 or 2"
17,"PW 60ma, mdt, MMU from L to OOD so poss DD and test down to OOD, but dojis, MRV, LPS"
23,"DB HL MTR, MDB, AIL, but not many bars so Lr P. Bears still want TR and deeper PB"
27,"HL MTR, DB 14, but 11 BBRMC, BB2"
30,"BP S for BO below 14, but AIL, more likely BB and BB 26"
34,big bear BO in TRD so BTC for scalp
35,"HL MTR, W 14 25, ok BTC, even for scalp, but TC so poss 1 more push down"
36,BP S in BRCH but prob BRTR and BB and below 34
38,"MDB, W 2eb, AIL, ok B"
41,"DT LH 33 in bear ch, but AIL, LPS"
48,"HL MTR, DB 34, mdb, ok swing B for TRS up, but NHS unless WSS"
53,"BP S, BO and FT so AIS, but bull bodies, bottom of TRD, 2LT. Lr P. F BO, bull ii, 2LT at TL, MMT, poss LOD, but 2 dojis, BB2"
57,"BP S, but 8 BBLMC, BB for test OOD and 50 BX H, but might get test 51 C 1st"
61,W 54 56 aat MA but TC. Prob BB around LOD and G from last week
63,"BP S, G tgt just below, more down. W 2 51 but prob more down 1st"
65,"W 2 51, bull body, hit bottom of GU from last week, AIS, but ok B for poss LOD"
69,"5 bull bars, AIL, should test62 SX H, then 34 L at bottom of UTR and maybe OOD for DD"
71,"BP B, room to OOD, but doji, BX, TRD so need stop below 65. Prob too early for BTC to last to EOD without PB. Prob BB around MA since was RS all day"
