BAR NUMBER,DESCRIPTION
1,"GU, BO above 60ma but closed G above HOY. ORV up from HOY, but not big bar, week TR, poss SA, btw"
2,"F BO HOY and 60ma, poss HOD, ok S, but BB at 60ma"
4,"big bear bar, 3 cc BR bars, AIS, but bears need BO below 60ma, else might get ORV up"
7,"big bear bar, SV test COY, AIL, prob bear TD or TRD. Prob will bounce soon, but SA around 60 ma. Poss OD day"
10,"PW 1 7 just above LOY, prob SU for 2 hours. Still AIS but bears get out above 10 because CSX"
11,"OD, might get OD below LOY"
14,"ET Y 2 65, OD, f BO LOY, CSX, MDB, but only 1t bull body. Bears exit above, poss LOD, BB2"
15,"BP S, AIS, but CSX, 3 dojis, LPS"
16,bear bar so AIBR S again below
20,CSX but doji. Bears can get out above
21,"BP S, bear bar, AIS, AIBR S again"
27,"CSX, MDB, COH bears exit, bulls can B for test 22 H and MA"
33,"20GB S, DT 21, but AIL. Prob BB but might get deep PB. bulls should exit below"
36,"HL but MRV, 3 bars down, close to MA, more SD likely before attempt at 2LU"
41,"HL MtR but TC, LPB"
48,"LL MTR but TC, just below MA, MM2"
56,"F BO LOD, big OU, AIL, prob will test 47 H and maybe 2351.00 NL of DT on daily chart, but at MA so LP, big bar so more risk"
60,"ii, AIL, should test 41 H and maybe NL"
62,"MAG S, DT 49, ok S, but prob final bear leg before MTR attempt"
65,"HL MTL, AIL for 2LU, NL magnet above, but only 3 bars down, middle of 2 hour TR, so prob MRV"
69,"tri 49 61, but apex, TTR, many dojis, BTC. Deciding between NL and and LOD"
