BAR NUMBER,DESCRIPTION
1,"W, f BO LOY, PL, but bear body, 7 dojis, prob LOM"
4,"ORV down from MA, bear ch, but 10 dojis, PH, LPS"
10,"W 1 6, bottom of 5 hour W BRCH, PL, but 7 BBRMC, doji, MRV"
12,"DTBF 7 but doji, bottom of BRCH, LPS. Searching for bottom of ch"
13,"NW, Y 26 56, then 1 6 9, F BO below ch and LOY, Poss LOD but bear body"
14,"big bull bar, AIL, should test top of ch"
15,"DT 4, BRCH, but strong enough reversal so AIL, BB"
21,"H2 16, AIL, odds favor BO above Ch and DT 4 15. Might reach NL of DT on daily at 2351"
24,"2LT in BBRCH, MMU LOD to OOD, but prob BB. BTCBL will scale in. Might get deep PB and UTR"
26,"H1, AIL, but DBTC 23 so poss DT then TR"
30,"H2, AIL, but small bar and still trapped BTC BL 23. Might fall below 22 BX L"
32,"f H2, ok S for test 22 L, but 50% chance f BO below 26"
33,"BO, give up, poss MMD to 22 BX L"
37,"OU missed 22 L by 2t, test OOD, but 5 bear bars, MRV"
40,"H2 but doji, TC, prob will fall below ww"
44,"HL MTR, f BO, but TC, MRV. Should test 23 C at some point today, but will prob be DD and C near OOD"
48,"BP B, AIL, 23 C magnet, but 2 dojis, TRD, OOD magnet"
58,"bull ii at apex of Tri, but big bar, OOD magnet, TTRNS, might get 2LD after 4 Br bars 54, LPB"
61,"Tri 43 54, but tail, TTR"
63,"F BO but doji, BB"
65,"f BO 2es but doji, TC 60"
66,"BP B but weak rally in TRD, LPB"
69,"BP B, AIL, but top of weak rally. Might test NL of daily DT at 2351"
71,"f BO HOD, W 57 65, might get back to OOD, but TC, SS2"
74,"BP B, but 3 bear bars after W top, wft"
