BAR NUMBER,DESCRIPTION
1,"HL, but 5 bear bars and doji, SA"
2,"DT 78 but strong reversal up 1 so BB, surprise bar so AIL, but TRO"
5,"BP, AIL, B but 3 dojis, bear body, LOM"
8,"DT 2 but big tail, LOM"
9,"BP B but doji at top of TTR, BTW"
11,"MDB 9, AIL, COH, ok B, but top of TTR"
14,"BO, more up to test 60ma and 2351.00 NL of DT on daily"
19,"F BO 60ma and above NL of daily DT, L1=2, good S SB, MDT, but AIL, 9 BBLMC, SS2. BP B but doji at RS, LPB"
20,"big BO, more up, but prob TTR soon."
22,"PW, but 13 BBLMC, not much SGP so SW more likely than down"
27,"PW 2es, PH, PB and TR likely, but LP S since TC up so MRV"
30,"H2 B, AIL, G 18, but TTR and might test MA"
35,"LH but MRV, AIL, LPS"
39,"BP B, AIL, but TTR, just above MA magnet, LP B, need WSS, or wait for PB to MA"
41,"20GB B, bull bar, H3, ok B, but TTR, prob SA HOD"
43,"big bear bar, C below L of past 20 bars, AIS, but need FT"
44,"FT but testing top of LTR and HOY so might bounce, maybe to bottom of UTR at 28 L"
46,"f BO, HL, but 2 dojis, AIS. Might test 28 L"
47,"BP S but 3 bull dojis in middle of day at HOY, after SX, LPS, should test up to allow 29 L LBL to avoid loss"
49,"FF 47, good BL bar, 29 L LBL will B to avoid loss so should get above average B of 2350.50"
50,"DTBF, but prob BB since LBL Bt above 49"
54,"L2 but TC, 28 L tgta, LPS"
55,"f L2, but prob SA around 28 L and above 53 H so LP B. bears want LH MTR at 50% PB, NL of daily DT, and 60ma"
59,"LH MTR, but strong rally and tgta so odds favor a little more up"
62,"H2 55, but doji, TTR, 5t to 53 H so LP. Bulls want BO above 53 and test 28 L"
64,"DT LH MTR, ok S, but LP since prob BB after 62 RV"
65,"BP B, AIL, should test 28 L"
66,"big OD, LH MTR, BT 28 L, AIS, but need FT, else more SW. bears want COD below OOD to create better S SB on daily"
68,"BP S but doji, bottom of 20 bar TR. Bears want test OOD, bulls want F BO 48. Prob will go SW around OOD for rest of day to create DD"
71,"F BO, test OOD, but TC, MRV. BP S for new LOD, but big bar at OOD SP"
74,"f BO LOD, PW 67 70, csx, prob SW around OOD and LOD for rest of day"
