BAR NUMBER,DESCRIPTION
1,GU but tail at 60ma. AIL
2,ORV down from 60ma but tail. BDBU so SW between ma and 60ma likely
5,"ORV down from 60ma, PH, but 5 BBLMC, LPS"
9,"DB 3 just above MA, PL, but TTR, btw"
12,"H2 at MA, AIL, good SB, PL, BOM, but top of TTR and at 60ma so LP"
16,"5 bull bars, AIL, more up"
18,"DT 66, W 4 13, but 7 BBLMC, BB. Poss SPBL"
20,"f BO 66, W 10 13, but TC, 1t bear body, MRV. Ok for bulls to exit. Still poss SPBL, but less likely. TR now more likely"
28,H2 at MA but BU BD 24 so SA
33,"big bear bar, more down, but poss 2LT"
35,"2LT, F BO LOD, but bear body, LP B"
38,"BP B but LH at 60ma, BDBU so top of TR, LP B"
40,"LH MTR but doji, LP S"
43,"BP S, AIS, but middle of TR, doji"
47,"f BL 1 2eb, DB HL 35, cc bull bars, prob ok scalp, but 6 bear bars"
49,"LH in BRCH, MA, but just above DB"
52,"DB HL but bear bar. BP S but bottom of bear ch, prob BB LOD"
56,"W 12 35 2eb but TC, LPB. BP S but bottom of ch, far below MA, LPS. Btw"
59,L2 but late in BRCH. Might trigger S signal on daily by falling below LOY
68,dojis in a STC bear so prob only 1 – 3 more bars down before reversal into TR or bull
71,"F BO L of week. Bears exit, bulls can B"
72,AIL for TR or bull. BB
73,"big OU, more up"
75,"doji at 60ma. AIL, but BDBU so poss SW"
