BAR NUMBER,DESCRIPTION
1,"big GD, PL, but tail, btw"
3,f BO LOY but doji. PL
4,"big bull bar, more up, AIL, but TR likely after TTR and big GD"
7,"BP B, ii, AIL, but bear bar, lots of TR PA, poss SA and deep PB to 3 H. L2 S 1, but AIL, tail, BB"
11,"BP B, good B SB, AIL, ok B, but need BO above MA and LOY"
14,"W 1 5 but 3 bull bars, room to MA and LOY, AIL, BB"
16,"f BO W, at MA, good bear bar, but TC, LPS, poss BB. Ok swing S, but HPW"
19,"W 14 16 at MA, just below LOY, but TC, doji. Prob PB to 8 L bottom of Ch but not clear top yet"
21,"DB, and a measured move up"">DBBF 17, AIL, NG 5, but big bear bar, BB2, prob TR soon"
22,"BP B, bull body, bulls B again"
24,"BO, not big, but prob at least a little more up. Poss EG since biggest bull body in 20 bars"
27,"MDT 25, prob EG 24, should trade back below LOY, f BO above blch, but TC, MRV"
30,"BT 18 H and 70 L, AIL, ok B, but prob SW soon"
34,"BP B, AIL, MMTA, but 32 is 2es, rally looks like TTRD, LBR made money above 27, btw to B near MA since poss SA"
37,"H2 at MA, SPBL, AIL, ok B but prob TTR, LOM, so poss SA, esp around MMT, and then TR"
42,"W 27 31, but strong enough BO 41 so prob BB. BT 32 in SPBL, but bear bar, MMTA. Might reach 60ma, bear TL, and COY"
44,"ff 42, CC w tops, poss HOD, but doji, spbl, LPS"
46,"DB, and a measured move up"">DBBF 42 but big bear bar 45, far above MA, CCT, LPB. Should test MA and maybe 29 bottom of upper channel"
53,"H2 but TC, middle of CH 29 – 43, SA, might test LOU and 29 L"
59,"W 42 53, DB HL 29, MAG, bottom of TR, ok B for TRS"
62,BP S but bottom of TR so BB
65,"DT LH MTR, ok swing B but prob BB and TR for rest of day. SA 56"
68,"BP B, G 65 H, but bear bar at top of TR, LP B"
70,"LH 43, bear TL, LBR from 56 H should make money, poss tri since 29, but tc"
73,H1 but top of TR just below 60ma
