BAR NUMBER,DESCRIPTION
1,"BUBD Y so TR likely. Bottom of 2 day ch is near 26 L and 60ma so magnets below. 6 bear bars, AIS, but BB and maybe BA for test MA and 71 L BOP"
2,"MDB, but TC, SA, LOM"
5,"HL 41, PL, but big bar, TTR, LOM, btw"
7,"ORV at MA, PH, but AIL, BB. LOM so might fall below 4 H so that LBRs make money"
9,"H1, AIL, but OU, TTR, at MA, LP"
11,"ORV 2es, PH, but AIL, prob BB"
12,BP B for poss BO and test 78 SX H
14,"F BO, 2LT, W 3 7, PH, but doji, room to 78 H, big enough BO for 2LU, prob BB"
15,"BP B but bear doji, just below HOY and TR likely, LP B"
17,"LH MTR after 2 day bull, W 7 14, L2 14, DT 75, but bull bar, TC, prob MRV"
18,BP B but bear bar and 5 bars with tails above so SA
20,"BT 7 H, 1t NG, H2, but BUBD so ASA, SW likely. Might test 9 L since 1st PB after BO"
27,"2LT in TRD, test TL, DB 9, but strong 26, BB2. Bears want another new LOD, but prob BB LOD for more TRD. Prob will not fall below LOD"
28,"BP S but at 11 L and bull TL, TRD, BB"
31,L2 at MA but middle of TRD and after 2LT 27 so LPS
35,"f BO 26 H, but TC and room to 21 LH and bear TL"
39,"HL but too H up in TR day, big bar, apex of Tri, LPB"
42,"H2 39, HL, AIL, but apex of Tri, LOM"
54,"test of 17 H C, but 10 bars without bear body, MRV"
57,BP B but prob scalp since top of TRD
60,"DT 17, top of TRD, but bull bar, TC, mrv, LOM"
65,"BP B but top of TRD, prob SA 60"
67,"f BO HOD, poss HD, but TC, doji, MRV. Better to SA than with stops since bull ch"
69,"bear BO, AIBL exit, might test 57 HL"
70,"F bear BO, TC, bull bar, but BUBD, BB2"
74,"LH at top of TRD but TTR, doji"
