BAR NUMBER,DESCRIPTION
1,"DB LOY but tail, TTR, TRO"
3,"DT 80 at 60ma, but 6 bull bars, LOM"
5,"big bear bar, but prob BB LOY. Bears need BO and GD, bulls want F BO LOY"
8,"f BO LOY, ioi so 2eb, poss LOD, ok B, but MRV"
10,"BP S, COL, bulls needed 1 more bull bar so still AIS, more down. Bears want COD below CW to create 1st bear bar in 10 weeks on weekly chart"
11,"BO, poss MG 7 L. tail, so prob bear leg in TR, but no bottom yet"
14,"f BO, poss LOD, but 4 bear bars, TC, MRV"
18,"LH near ma but 3 bull bars, 7 L G closed, prob early TR and BB"
19,"HL MTR, poss LOD, but NENM"
22,"DTBF, but TTR, rally soon, BB"
26,"DB HL MTR, Tri 14 19, MDB, bull bar, ok B for LOD, but just below ma, still AIS"
32,"L2 17, but 9 BBLMC, BB"
37,"BO, MG, AIL, but weak rally"
40,"DT 9, MDT, COL, bulls exit below"
42,"BT 33 H, but weak rally, 60ma RS just above BTW"
43,"big OU, AIL, but at 60ma"
45,"W 17 39 at 60ma, good bear bar, but BDBU 43, prob TR, btw"
48,"HL MTR, DB 43, AIL, but BD BU BD, 4 bear bars, BTW. Might stay around midpoint of week for rest of day"
57,"F BO 43 and 60ma, DT 43, but AIL and 8 BBLMC so MRV"
66,"W 43 57 at 60ma but TTR 52, doji, MRV"
69,"BP, AIL, but top of TTR at 60ma"
72,"BTC but small bars, DT 1 HOD, TRD so most BO F"
