BAR NUMBER,DESCRIPTION
1,"bear bar but middle of Y TR, prob more LOM and BB"
2,"W 70 78, AIL since Y, PL, but tail, at MA, prob LOM, TRO. Y was B SB on daily chart so HOY is magnet"
10,"t1b BL, 9 BBLMC, but F BO HOY, MDT. LP S but MDT so might get deeper PB"
12,"DB, and a measured move up"">DBBF, AIL"
16,"PW 4 7, cbx, so prob 10 bar bear TC soon, then TRSV"
17,"BP B, AIL, but CBX, prob TTR PB soon"
21,"DB 17 but PW, prob TTR, LOM for 10 bars or more"
24,"DB 21 but TTR, PW, LOM. Should get PB to MA and 17 L, and maybe 12 L"
25,"DT, PW, should test MA and 17 L, but MRV"
26,"cc big bear bar, more SD"
28,"20GB B but 3 big bear bars, AIS, prob SA around 21 L"
29,"BP S, AIS, but 2 bull bars at MA, LPS"
32,"W 21 27, but AIS. TR likely so should test 29 H and 21 L, but might test 12 L 1st"
37,"W 32 34, but prob BB 12, poss FF"
39,"EG 38, bull bar, poss LOD, but BB2. Bad FT for bears but prob strong enough 38 for at least small 2LD"
40,"L1, AIS, but SX, bull bar, prob BB"
42,"L2 but 4 cc bull bars after SX, BB, should test 38 SX H"
49,"BP B, but LBL will prob take profits 21 L so prob PB soon. ii, DT 36, but 10 bar BL MC so LPS"
53,"LH BTR, BT 25 L, but TC, MRV"
56,"DB 48, AIL, but at bottom of UTR 21. Might test HOD. SPBL so don’t S"
62,"LH MTR, W 36 52, but SPBL, SS2"
64,"BP B at MA, AIL, but doji and 2 BR bars, BUBD so SW likely, BB2"
66,"HL, still AIL, but big bar, and prob will not make new H"
73,"Tri 19 61, but TTR, prob LOM"
