BAR NUMBER,DESCRIPTION
1,"GD, bear bar, but just above 60ma"
2,"DB 39 at 60ma, COH, AIL, PL, ok B, but prob SA around ma and 66 L"
6,"ORV down from ma, but 6 bar t1b mc so BB"
8,"pw 2 5, test COY, but bull bar, TC, SS2"
13,"HL, AIL, but apex of 2 day Tri, BUBD, just below MA, LOM, LPB"
17,"L2 but bull bar, Ail. Prob BLTR, but LPS, poss BB"
21,"HL, bull bar, but big bar near top of TR, LPB"
28,"DT but TC, MRV"
30,prob AIL but need FT
33,"bad FT, but SA 28 since TRD and should test OOD at some point"
37,"f BO DT, MDT, but 7 bull bars, MRV"
42,"HL in bull ch, but poss SA for test OOD"
44,SBO2 so 60% chance of MMU if BO above 37. SBR above
49,"F BO, 5t, bulls will get out below 38 H because LBR will make money. Still prob BB for 2LU, but ok S for test ood"
52,"BP but LP B, might test OOD and 60ma"
54,"big bear BO, AIS, should test OOD since TRD. Also, 60ma magnet"
56,"F BO, but SA. Ok SB for test ood"
58,"PW 52 55, bull bar, test OOD and 60ma, bears exit above. Not strong B, but prob will stay within 2 – 3 pts of OOD for rest of day and be DD"
60,"BP S but 2 bull bars, PW, test OOD and 60ma, BB for test 44 L so SBL can make money"
62,"L2, good bear bar, but OOD SP just below, SW likely for rest of day"
65,"DB 61, many reversals up from OOD and 60ma, but bear bar, TTR, prob DD and C around OOD"
70,prob AIL but still TRD so prob will remain TRD
74,"2LT, wft"
