BAR NUMBER,DESCRIPTION
1,"GD, 3 day island top, but doji"
4,"F BO LOY, strong bull bar, poss LOD, but 3 bars down, ok B, BB2"
7,"DT 1, BOM, but AIL, prob BB and below LOD"
8,"BP B, AIL, but top of early TR. OK B but prob SA and more TR"
9,"W 1 6, 9t trap, but doji, AIL. Poss HOD but LP. Still TRO so might test LOD. DBR and DBL, TRO"
15,"new LOD, AIS, but weak selling and prob TRD. LL MTR. 1t above bottom of last week’s G, but 7 bear bars, MRV, BB2"
16,"BP S, bottom of G magnet below, but bull bar, weak bear, prob BB or not far below so LPS"
18,"W 4 14 at bottom of G, bull bar, poss LOD, OK B, AIBR exit above, but TC, AIS, doji, hpw"
23,"DT 16, LH in BRCH, 9t trap, but 5 bull bars after W bottom, AIL, BB. Weak rally so poss deep PB and TR"
27,"HL MTR but 5 cc bear bars, BU BD, prob more TR"
29,"BP S but AIL, BB"
32,"L2 but AIL, BB"
37,"AIL, might test LOY"
48,"BP B but bear bar, 19 bar MC so BX, just below LOY, prob SA and TR"
50,"BX after closing G, bear ioi, MMU from LOD to O, ok S for test of OOD in TRD, esp if WSS. Prob BB around MA, 9 H, and OOD, then TR"
60,"H2, 20GB B, ok B for bull trend day, but ok to wait since HOD is MMU and might fall to OOD to form DD"
65,"TTR DT LH MTR, but bull bar, LP. BOM, but above MA so bull BO slightly more likely"
66,"DB, and a measured move up"">DBBF 60 at MA, AIL, ok B for test HOD and 60ma"
71,"HH MTR at 60ma, W 9 49, but 12 bars without bear body, SS2. Prob SW for rest of day since COY might be too far"
