BAR NUMBER,DESCRIPTION
1,"GD, doji"
2,"bear bars, prob test LOY and bottom of GU from last week again"
5,"f BO LOY and bottom of GU, poss LOD, ok swing B, but 2 dojis, prob MRV"
9,"BT 5 H, ok BA, even tho bear bar. BP S, but 4 bull bars, BB"
10,"big bull bar, AIL, might be OU day since Y not big"
14,"F BO, L2, poss 2LT but not climactic enough. BB, but might get PB below 1 H. H1 but bear bar, poss PW and SA, better to B PB"
16,"PW, MMU from L to O, poss TRD, poss HOD. Big bear bar so surprise, more SD"
18,"H2 14, but surprise bar 16 so SA for 2LD"
21,"H2 but doji, prob SA for more SD. Might test below 10. If holds above LOD, then TRD likely"
25,"F BO 10 L, poss 2LT where 23 W was 1st leg. still above LOD, prob AIL, prob TRD, but BB2. Bears need strong BO below LOD, but prob BB LOD and TRD"
30,"BP B but bulls need 2t above 23 L, else neg gap and poss MMD. Poss SA. TR likely"
34,"Tri 5 25, but 1t bull body, TTRNS. TRD, mkt deciding if new L before swing up to 23 H"
45,"2LT, top of 23 SX, OOW, but doji, TRD, LPS, LPB, prob SA and TTR in middle of TRD"
47,"MDB, 2LT at RS of OOW and 23 H, but better to S with lim orders above bars"
52,"BO S but prob f BO in TRD, BB"
54,"MDB, HL, Tri, but not quite to TL below. Still AIL"
59,"L2, 5t trap, but AIL, LPS"
62,"Tri, DB 54, bull bar, AIL, ok B but might be scalp since TRD"
67,"Tri 15 46 but AIL, bear doji, TTR, LPS. Prob will be DD and C near OOD"
72,"big bear bar, but bulls have been buying big bear bars all day. Bears need FT before traders will STC"
