BAR NUMBER,DESCRIPTION
1,bear bar but poss ORV at MA
4,"ORV down from 60ma and OOD, but 3 cc bull bars, AIL. Top of TR so not strong BB. Btw"
6,"BP B but just below top of TR, 60ma, OOW RS, and after big bear bar. BOM, btw"
10,"H2, f BO LOD, DB HL MTR, TRO so should bounce above 6 L so LBL make money, but doji, middle of Y TR, MRV"
11,"HH DT 7 but AIL, prob BB around MA, and prob BB LOD. BOM. Ok swing S for HOD, but doji, 2 strong bull bars, LPS"
17,"BP B, good B SB, AIL, but middle of TRD. Ok swing for poss LOD"
19,"W LH at OOW RS, poss HOD, but doji, AIL, MRV"
24,"LH, BOM 20 L and 19 H"
26,"BO and FT, both weak, but prob MMD"
28,"HL MTR but 2 big bear bars, bull doji, BB2. Prob TTRD so limited down"
31,"W HL MTR, ok BTC, HPW"
37,"4 cc bull bars, HL MTR, AIL, BB"
45,"bull BO above bear flag, poss MG"
50,"2LT, F BO OOW, ok S, but prob BB and 1 pt down at 45 L"
55,"bulls giving up after BT 51 L so trapped bulls. Surprise bar so at least a little more down, but big bear bar in TRD so prob not much more down"
58,"still STC, might get down to LLW, but more likely Brs around LOD since TRD"
62,"F BO LOY, STC SX, bull ib, but TC, MRV. Poss LOD"
65,"3 strong bull bars, MRV up but prob AIL, BB. Prob PB around MA and 50% PB"
68,"LH, 50% PB to MA, but 9 BBLMC, AIL, LPS"
70,"H1, AIL, SBL want to exit at 55L, but doji, BDBU so poss SW"
72,"F BO LOD, W 2 28 60, but 1t bull body, LPB. Bad for STC so wft"
