BAR NUMBER,DESCRIPTION
2,"test LOY, poss LOD, but 6 day bear ch, TTR, ma, btw"
5,"DT LH 68, poss HOD, ok swing S, but 4 bull bars, AIL, BB"
6,"H1, AIL, stop below 1, but bear bar, LH. Might get deep PB and then attempt at HL MTR"
9,"PW 81 5 just below 60ma and OOW, but bull bar, AIL, LPS. Might get deep PB. less likely bear trend"
13,"4 bear bars, SA"
16,"HL MTR, BT 2, MDB, AIL, should test 9 L for SBL, but TC so MRV"
21,"W 16 18 LH, 50% PB, but AIL, BB around 16 L"
24,"DB HL MTR, AIL, should test 9 L for SBLs, and maybe 9 H L, but top of TTR"
29,"L2 21 LH, MDT 28, but 2 dojis, AIL, middle of TRD"
39,"DB HL MTR but 6 bear bars, TTR"
45,"LH in BRCH, but TTR, 8 BBLMC"
49,"big BO but TR, LBL will prob make money. Strong enough surprise for prob at least a little more down"
50,"f BO LOD and 16 TTR, L1=2, DBR, ok B, but BB2. L1 but bull bar, TRD"
53,"f BO 2es, but DTBF for 2LD"
55,"STC, should fall below LLW and might reach daily ma and bull TL"
58,"ccx, MM, TCL, C above midpt, but bear body, BB2. STC bears will prob exit above H"
61,"L1 but csx, f BO below 60 min bear ch, vacuum test of SP, LPS, prob SU. Might get back to OOD for DD"
66,"BO, 5 bull bars, AIL, BTC, might test OOD"
70,"test OOD and bottom of 16 TR so should be PB and PTg. Also, more than 6 BTC bars so PB soon"
72,"H1 but big bars. AIL, bulls get out below bear bar or 4 – 5 ticks below bull bar"
