BAR NUMBER,DESCRIPTION
1,"BGU. Gap above Oct OU bar on monthly chart so triggered monthly B signal. Unusual for gap on monthly chart to stay open to probably will close today or soon. BRB, COL, F BO HOY and HLM, PH"
3,"ii BLF, PL, T1BU, but BRB1 and far above MA, PS FF"
6,"FF 3 but doji, still AIL, SS2"
7,"SBU, AIL, but TR, better to wait for breakout or 2nd signal. Low probability, bad for stop entries."">BBBR, PS PW soon"
8,"H1 but BX, tails, PS MDT 7, far above MA, BTW"
10,"OD, COL, BLTP 7, MDT, PH, AIBLE, but PP RV since SBU 7"
13,"L1, but PP MRV"
14,"BT 6, MW, but 5 BWBLB, MRV"
15,"L1, but BLB, AIL, TTR, BB"
17,"MDB 14, AIL, but TTR, PS L2 BRF, BTW"
18,"L2 BRF, but 1t BRB, TTR"
19,BBRB but TTR so BTC. BTW
21,"TTR, COL, room to MA, should fall below 6 H BOP since no longer strong BLT, but HPW"
23,"Tri, but doji, still on 21 S, PS SA"
25,"H2 just above MA, but doji, EPB, BB2"
29,"DT 19 LH MTR, but 2t below 19 H so PP will get closer at some point today"
32,"BO and FT, PP AIS, but 20GBB, bars not big, PP BRTR"
34,"W 14 24, SX, HL 7, 2LT 24, AIBRE, might test 19 H, but 5 BRB, BB2"
35,SBU but small. BDUC
37,"4 BLB, PP AIL, might test 19 H, but TRD, not strong BTC"
39,"LH in BRCH, but 5 BLB, SS2, PP BB. Might test 34 H since not strong B setup"
41,"3 CC BRB, should test 34 H"
43,"HL, COH, 19 H MGA but high in TR"
45,"SBU, should get BO above 19 LH, but need FT, else still TR"
48,"H1, SPBL, only look to B, odds favor higher"
51,"BO and FT, MMTA"
53,"F BO, BX, MMT, but doji, 11 BBLMC, SPBL42, SS2"
56,"H1 but 3 BRB, BX so 2LSD likely, 3 bar ledge MGB 48 L"
57,"L1, room to 38 BOP H and 48 ledge L, but PP BB around that SP"
59,"H2 at MA, but 2 BBRB, not quite to ledge L, PS SA, BB2"
62,"DTBF 57, ledge MGB, but TTR, btw"
65,"BP B, AIL, but BRB, TTR, BTW"
68,"Tri 59 65 67, AIL, but P = 50% UD"
