BAR NUMBER,DESCRIPTION
1,"BGD. BBLB COH, PL"
2,"L1 but tail, still on 1 B, far below MA, SS2, PP BB"
3,"f BO LOY 2EB, but BRD. Still on 1 B"
4,"SBU, room to MA and 60ma"
5,"L2 2 near 60ma, but doji, SBU 4, PP BB, SS2"
7,"PW 1 4, COL, at 60ma, AIBLE, PH, but room to MA, SBU 4, SS2, PS BB"
8,"H1, MDB 6, AIL, PS SPBL, room to MA and 50P, but at 60ma, bad FT"
12,"MW 6 9 at ma and 60ma and 50p, AIBLE or 4t below, but SPBL, SS2"
13,"COL, AIBLE, SS2, MRV, still SPBL, but PP TTR"
15,"H1 but after MW so PP 2LSD, BB2"
17,"LH but 3 dojis, TTR, LOM"
18,"BBRB COL, but 2 LD in TTR 5, PS BTV, LOM, SS2. H2 but BRB, top of TTR at MA, LOM, very tight TR, BTW"
24,"W 14 18, DB, and a measured move up"">DBBF 6, AIL but doji, TTR, just below EMA"
26,2EB but TTR
28,"LH, but doji, TTR, AIL, LOM, BB"
31,"LH MTR at MA, W 24 27, but AIL, 5 BLB, LOM, SS2, PS BB"
32,"H1, AIL, SPBL 24, but top of TTR, BB2"
34,"DT 12 but 3 BLB, BB"
35,"H1, AIL, MMTA for BO above DT and TTR, but BRB, top of TTR"
37,"H1, TGTA, but doji"
40,"F BO but only 2 BRB in 15 bars, SPBL, MMTA, BB"
47,"iiiii, room to MMTA, but PS FF"
52,"PW 36 39 42, but 1t below MMT and might get closer. SPBL, BB around MA"
59,"iiii LH but just above MA and TGTA, BTW, PP BB"
65,"20 GB B, DB 46 BX L, MMTA, but BRB, 15 BBRMC, and TTR"
69,"DT 53 LH MTR, 5t, but BLB, TGTA, PP BB"
70,SBD but middle of TTR
