BAR NUMBER,DESCRIPTION
1,"BLB, AIL, BO above HOY H1, but 2t tail and only 3t body. BTC, but PS SA around Fri H for ST LH MTR."
2,"CC BLB, still BTC, but 2t tail and not very big bodies, top of 3 day TR"
5,"5th cc BLB, ATH and 3100 MGA, but big bar so BX, tail, so some PTg. Still BTC, but PP small PB soon"
7,"DT ATH, AIBLE, but BTC since BL will try to prevent 8 from falling below 7 and encouraging PTG. 3100 MGA, PB in BTC BL so H1, but PS PW 2 6 around 3100 and ATH"
10,"H1, 3100 BRN MGA, but 10 BBLMC so BX, ii late in BX so PS FF, PW 6 8, PS soon become TR for rest of day"
12,"PW 6 8, AIBLE, but 12 BBLMC, SS2. Doji so PS TR soon"
13,"H1 but PS 2LU 11 and then PB, variation of L4"
16,"L2 12, PH, doji 12 so PS TR soon, BRB so AIBLE, but strong T1BL only 1t BRB, MRV"
18,SBD
20,"H1, AIL, but 4 BRB, SBD 18 19, room to MA, PB MRV, SA, and TR"
23,"LH but MRV, PS TTR and LOM for hours or rest of day"
27,"20GB B but 4 BRB, still on 23 LH MTR S, BB2. L1, but TR likely"
29,"bad FT after 28 BR BO, but still PS MG 28"
30,"IB so L1 but tails 29 30, AIL, PP BB"
32,"FF 30, AIBRE, but doji, BB2"
33,"L1 but BRTR, 2 BLB, BB and below 32, SS2"
35,L1 but PP BB since PP BRTR
36,"H2 32, AIBRE, OK B if WSS since might get one more leg down to W 32 34. TC, MRV"
38,"L1 but 3 BLB, BRTR, 3LD 32 36 so PP BB 36, then TR"
41,"W 32 36 but TR, better to wait for breakout or 2nd signal. Low probability, bad for stop entries."">BBBR, doji so LP. 2LSU likely here or soon, then TR"
46,"LH 2es, 50P, but AIL, PP 2LU after SX, BB around 38 H and 40 H"
49,"HL but PP MRV. After 4 BRB, might get 2LSD so only B if WSS, else BB2."
54,"W 38 46, BT 20, LH MTR, 2ES, but PP BRTR, PP BB 50 and below 41 since TR for 2 hours"
56,"doji so weak FT, but PP AIS. might test OOD, LOD, and 60ma, but PP BB 41"
60,"FF 59, test OOD and 60ma, AIBRE, but BRD, BB2"
61,"L1, AIS 56, but BLB, 3 dojis, test OOD, SS2"
64,"L1 but BLD, PP will not fall far below earlier LOD, PS PW 60 63"
66,"PW, AIBRE, BBLB COH, OK B for PS 2LSU to MA and OOD"
69,"L1 but 2LSU likely, BB, SS2"
