BAR NUMBER,DESCRIPTION
1,"F BO LOY, PL, TR, better to wait for breakout or 2nd signal. Low probability, bad for stop entries."">BBBR"
2,"BLD so FT, AIL, BB"
5,"F BO LOY 2EB, COH, PL"
11,"L2 2 at MA but 6 BLB, dojis, BB"
12,"H1, AIL, but doji at MA"
13,OD but PP BRT
14,"huge OO, AIL"
18,H1 but stop below 14. PP will get MMU from 4 L to 11 H since 15 is BT
21,H1 but 3 BRB and should dip below 11 H BOP
25,"H2, WBF, MMTA"
28,"H1, 2LU likelu after 14 SBU and with MMTA, but BRB, need stop below 24"
30,"L4 2 11 19, AIBLE, but TGTA, PP BB"
32,"H1, COH, TGTA, AIL"
37,"ii H1, TGT but PS TTR"
39,"W 19 31, but 3t below MMT so should get closer. Doji, SS2"
40,"H1 but TTR, too close to TGTA, BTW"
48,"BRT, but doji, PP SA at MMT, should close BGA above 11"
53,f BO above MMT and W 39 but BLB
54,SBD
56,"L1 but MDB at 60ma, PP TR soon"
59,"L1 but 60ma, tails"
60,"f BO DB 55 57, AIIBRE, NS"
62,"3 BLB, PP Hr, AIL"
63,"BO, AIL, but PP SA around 53 L"
64,"H1, PS MG 63, 2LU likely, but BRB"
68,"PW 61 64, AIBLE, but 9 BBLMC, SS2"
70,"H1 but top of TRD, BB2"
