BAR NUMBER,DESCRIPTION
1,"F BO 60ma and Y late TR, but TR, better to wait for breakout or 2nd signal. Low probability, bad for stop entries."">BBBR, 3t tail, at ma, PP TRO"
2,"L1 at MA but cc BLB, AIL, BB"
4,"H2, AIL, but tail, just below MA. NS"
6,"COH, BTC"
7,SBU but top of TR
9,"ii, H1, but top of TR, PW 2 7, 2LU 7, PS SA for test of 2 H"
11,"PW, MDT, COL, should test 2 H BOP, PH, but PP MRV. Oo so BOM"
13,"3 BBRB, PS AIS"
15,"ii, L1, but doji at MA"
16,"L2, COL, AIS, but bottom of TR"
19,"HL, PW 8 13, AIBRE, PP MRV after BR MC"
22,"BO, but most BO have had bad FT so expect BRB"
23,"LH in BRCH, PS BLTP and HOD, but SBU, SS2"
24,"CC BBRB, PP more down"
25,SBD
26,"new LOD, AIS, PP more down"
27,"bigger BRB so SX, PS TTRD"
29,"f BO LOD, HL DB LOY, PL, AIBLE. LOD = MMD from HOD to OOD so OOD is MGN and today will PP close near open"
30,L1 but PP BB after SX and good B SB
31,"H2 bottom, PS TTRD"
33,"L2 but TC, room to MA, PP BB"
36,"BO above WBRF and MA, PS MG, might test 22 C since reasonable BTC, but PP BLTR"
37,"FT, more up, AIL"
40,"LH but 4 BLB, BB"
42,"H1 but top of BLTR, TR, better to wait for breakout or 2nd signal. Low probability, bad for stop entries."">BBBR, tail, BB2, PP SA 41 BRB"
44,"L2 at top of BLTR, but MRV"
48,"HL but 5 BRB, OOD MGB, SA"
51,"H1 but BBRR top of TR, SA"
55,"DB 28, BRTP, might test 22 C since reasonable BTC, but PP will close day near open"
56,"CC BLB, AIL"
63,"ii H1, but just below 22 C MGA, and OOD MBG, weak rally, BB2"
66,"ii, H1, SPBL, but top of TR, OOD MGB, BB2"
68,"F BO ii FF, test 22 c, OOD MGB, but TC"
70,"H1, AIL, SPBL, but top of TRD, after SBD, BB2"
