BAR NUMBER,DESCRIPTION
1,"BGU. BBRB COL, F BO, AIS, T1BD, but TR, better to wait for breakout or 2nd signal. Low probability, bad for stop entries."">BBBR"
2,"BLD, bad FT, but SA"
3,"H1 but 2 dojis, AIS, SA. L1 S but PP TRO and BB near MA"
8,"ii so PS REVU, H2, PL, AIBRE"
9,"SBU, PP AIL, but PP TRO"
10,"FT, BTC, but PP TRO"
11,"LH but 6 BLB, AIL, BB"
13,"LH MTR, ioi, COL, but 12 H is 16t tick above 8 so PP BB and should go at least 1t above 12"
14,"H1, AIL, should go above 12"
17,"W 4 13, but 1t BRB, PS BB, SS2"
18,"OU, F W, AIL, might get 18BO, but top of TR"
19,"SBU, 18BO"
21,"f BO but big tail, strong BO, PP BB. Ok to exit long 4t below"
22,H1 but 2 BRB so Lr P
23,"f BO 1 2ES but doji, PP BB for MMU above 17"
25,"W 1 20, L4 13 17 21, PH, but 1t BRD, SS2, AIBLE 4t below. Might get 1 more leg up to W 20"
28,"H1, AIL, should reach MMTA, but 4 BRB, PS SA and 2LSD"
30,"ioi so H2 BLF, but 6 BWBLB, PP TR"
32,"LH MTR, but SBU 31, SS2"
33,"H1 but 2 BRB just below 25, PS SA. TR, PS LOM, but still AIL"
34,"DT MTR, PH, test of 25 W top, but BLD"
35,"COL, ok swing S, but TR more likely"
36,"20GBB but not quite to MA, in TR, NS since PP will touch EMA soon"
39,"OU but still on S below 25 32 34, DT PB, should reach MA, PS SA, BB2"
48,"BO below TR 44, FT, AIS, OOD MGB, but small bars, PP BLTR"
50,"BT 1, but 11 BBRMC, BRB, MM2, still might test OOD since TR"
55,"OU, MDB 50, AIBLE, PS swing up to MMTGA"
56,"cc BLB, becoming AIL, but middle of TR"
60,"MDT at top of TTR, but AIL, MA only 3t below, SS2"
62,"H1 at MA, AIL, MMTA, but top of TTR"
65,"ii BLF but only 3t below MMT, NS, PS SA"
68,"HH MTR, W 58 67, at MMT, OOD PS MGB, but SPBL, SS2"
70,"OD so 2ES, but just above MA, TTR 64"
