BAR NUMBER,DESCRIPTION
1,"BRD in middle of Y late BX, LOM"
2,"5 CC BRB, but tails, just above 75 BX L"
4,"SX, COH but 6 CC BRB, middle of Y TR, BOM, BB2"
6,"MDB, PL, but PP MRV after 6 cc BRB. TRO."
9,"LH MTR, HST 67, ioi, but BLB, 7 BBLMC, MRV"
12,"LL DB, 5t, PL, but 3 BRB, 16t below 9 so might go 17t, BB2"
15,"3 CC BLB, C above MA, AIL, but still TRD, bad B SB 12 so PS SA"
17,"LH MTR, ET 1 8, bad BSB 12 so MGB, but doji after 4 BLB, PP MRV, SS2"
20,"H1, BRB have tail so not strong BRB, strong rally 16, but might need H2 after 3 BRB"
22,"H2 but big BRRB 21, 4 cc BRR"
27,"W 17 21, ET 1 8 17 but TC 12, BB2"
31,"f BO HOY 2ES, 4 BTTR, but AIL, HPW"
34,"H1, F top, AIL, but TTR, still on 32 S with stop above B with stop above 28"
37,"H22 34 at MA, AIL, but TTR"
39,"LH but holding above MA, AIL, PP BB. TTR, ok to wait"
45,"H2 above MA, AIL, but TTR"
52,"H1 but BX 50 at L1=2, B PB"
55,BBRB at MA so BTC
56,"H2 at MA, but SX 55. Not top yet"
62,W 26 61
66,"H1 but 3 BRB, 2LD likely after W, OOD MGB since might get BR day after 6 bull days"
68,"H2, but 1t BLD, PP SA"
72,"L2, room to OOD, but 2 dojis"
