BAR NUMBER,DESCRIPTION
1,"f BO HOY, PS T1BD and PS OD. After 7 cc BLB on daily, increased chance of BRB today. Room to MA, PP STC"
2,"CC BRB, PP AIS, but tails, COY and MA MG just a little below, not STC"
3,"COL, STC, but PS bounce from COY and MA. 40% chance 1 will remain HOD"
6,"L1, T1BD, but BLB, bad FT"
8,"PW 1 3 5, HL 77, PL, but BRB, 8 BBRMC, MRV"
11,"L1 but 2 BLB, PP BB and below 8"
12,"PW 8, MDB 11, but doji just below MA, BB2, PP will go below L of 1st hour, 50% chance OD"
15,"L2, ioii, COL, just below MA, AIS, PS BR CH, might get OD, but TTR"
16,"SBD, 60ma and LOY MGB"
18,"SV 60ma and LOY, 18B, PL, AIBRE, but BRB, PP not close enough to LOY to be good test, PP MRV"
20,"H1, 13 L and MA MGA, but BRB, PP MRV up to 14 L BOP and MA"
22,"FT after OU, SPBL, but PP MRV, TRD likely. Might test 15 SX H"
24,"SBU, AIL, but not strong BTC since middle of likely TRD and at 15 TTR"
27,"BX, F BO HOY, COL, AIBLE, PP 2LSD"
29,"H1 at MA, AIL, but BX and 2 BRB, PP TR, need WSS"
31,"OD, might test MP of 18 H and 27 L to allow SBR 18 to exit BE"
33,"H2, AIL, HL, but middle of TR, PP SA around 31 H"
36,"DT 31, but AIL, middle of TRD, 3 BLB, BRD, SBL BB and below 32, PP LOM"
39,"DB, and a measured move up"">DBBF 32, AIL, but 4 BRB, middle of TR only B if WSS. PP LOM."
49,"H1, OU, but tail, top of TR 28, PP SA 47 35 31, BB2"
50,"OO BLF, but to of TR, BB2"
52,"OU but top of TR, PP SA 35 31"
53,"OO top, but TCH, LOM, SS2"
54,"H1, AIL, BL CH 45, might test HOY and OOD, but cc BRB, LOM, BB2"
55,"SBU but high in TRD. BL want C above OOD, but PP not likely"
58,"ii, AIL, 2LU likely after 55, room to 26 H, but PP MBO"
60,"F BO HOY, 2LU 55, but SPBL, LBRNM above 43 53, SS2"
63,"H1, BLB, but at HOY, 3 BRB, room to MA, PS SA, BB2"
65,SBD
67,"H2 63, 2LT 65, BLB, but doji, BR FT 66, PP AIS. middle of TR 27, BTW"
68,far enough above 67 so that PP going Hr. BL want COD above OOD for 8th time
