BAR NUMBER,DESCRIPTION
1,"f BO LOY and 60ma and OOW, PL, room to MA, PS OU since Y was small and daily chart in SPBL"
2,"CC BLB, AIL, BB and below 1, but doji, still below 60ma"
3,"2 F BO LOY, H2 but tail, TTR"
4,"L2 but BLB, not at MA. TRO"
6,"Tri at LOY, AIL, PL, but LOM, 2t tail, just below MA"
8,"DT 2 near MA, PH, but doji"
9,SBD
10,"BRD so FT, PP AIS"
11,"BO LOD but need FT. LL DB 1, but BBRB, 3 BRB, BB2"
12,"F BO, BBLB COH, PL, AIBRE"
13,"CC BBLB COH, AIL"
14,"F BO HOD, MA, 60ma, COY, but AIL, PP BB around 50P and 11 H"
16,"H1, AIL"
18,"HH DT, W 2 14, 18B, PH, AIBLE, but strong RVU, SS2"
19,ii so BOM
21,"HL DB 15, BT 11, but CC BLB, BB2, PS SA"
24,"OD, LH, PH, but LOM, PP BB 21"
25,"HL MTR, W 15 21, but CC BRB, LOM, PP SA"
26,"L1, but BLB, LOM, SS2"
29,"W 15 21 25, HL MRR, COH, PL, but 2 BRB and just below MA, and mostly LOM, BB2"
30,"OD BR CH 18, but low in TR, PP still AIL"
32,"2nd cc B 29 with good B SB so HR P B, PL, but just below MA in BRCH, LOD MGB, HPW"
34,"HL 2EB but LOM, PS SA and at MA, LPB"
36,"L2 33 at MA, COL, but L in TRD. Might get new LOD"
41,"BBRB, more down"
42,SBDM
43,"L1, but SX so TR soon, esp. ahead of 11 am FOMC minutes"
46,"SX, AIBRE above or 4t above"
48,"L1 but SX, BLB, PP BB"
49,"h2 but doji, huge BRT, BB2"
50,"L2 but far below MA, 3 BLB, TR likely, SS2"
51,"OU but tail, TTR, report at 11 am, btw"
53,"CC BBLB, AIL, but at MA, BDUC"
54,"H1 but doji at MA, BB2"
56,"H2, AIL, BT 48 so PS MMU, but BRD at MA"
58,"OU, room to MMTA, AIL"
60,"SBU, OOW MGA"
61,FT but tail
62,"H1, but PS W 48, 63, far above MA, BBP"
63,"W 48 63, AIBLE, but BLD, TCH, SS2"
66,"ii BOM, PP LOM. H1 but 2 BRB after W, PP SA, BB2. L1 but AIL, just above MA, SS2"
67,"f BO below ii, MA, H1, AIL, MGA, but doji"
70,"HH DT 63m but SBU 68 69, PS BB, SS2"
