BAR NUMBER,DESCRIPTION
1,"BBRB, ET 63 69, 60ma, PH but BRBR"
4,"ET 67 73 but tail, BB2, PP LOM"
8,"big OU, need FT for AIL. Tail, C at MA, PS BLTP"
9,"DTBF, PH, AIBLE"
11,"H2 4 but BRD, SBD 10, SA"
13,"H2 11, H2 3, HL MTR, but BRB, BB2. Tails, PS TTR"
14,"H2 13, BLBL, but bad BSB 13, tails, PP LOM, BB2"
16,"DTBF 12, but 3 BLB, BBLB 14, PS SPBL, BB"
18,"SBU, AIL"
19,"FT, AIL, BTC, but tail so weak rally"
20,"W 12 16 but BLD, 3 BLB, SPBL, PP BB"
23,"H1 but tails, weak rally, PP BLTR, BBLO, or B with WSS"
24,"OD, but PP BRTL and DB 17, LOM, BB 22 and 17"
26,"DB HL MTR 17 but 3 BRB, MRV, apex of Tri Y 46, 1 13 19"
28,"LH in BR CH 19, but apex of TRI, CC BLB, LOM, SS2"
30,"L1, but DB HL MTR 17 28, PP BB"
31,"OU, DB PB, should go HR"
32,BO above Tri
34,"F BO, COL, but PP 2LU and BB"
35,"H1, AIL"
38,"CC BBLR, but top of TR and just below MA, PP more STC than BTC"
39,"W 28 33, but room to 60ma, SBU 37 38, BB around 19 H and 33 H for LBR, SS2"
42,"H1 but top of TRD and not close enough to MA, PP LOM"
45,"OD but LOM, BB around MA"
46,H1 but not close enough to MA
48,"Tri, but doji, not quite to MA, might get 3LU to W 19 39, BTW"
51,"H2 at MA but 3 BRB, TTR, PS SA, LOM, BTW"
53,"LH in BR CH 45, might test BX L 35 or 31, but TTR, 60ma MGA, BTW, LOM"
55,"BO but tail, AIL, PS BRTP"
56,"BBLB COH, BRTP, should test 60ma"
58,"ii BLF, TGTA"
60,"H1 but BRB, 3LU, just below MA, PP SA"
63,"BR II, NW, PW 56 59, W 19 39, might get PB for rest of day"
69,"H1 at MA, but 8 BBRMC and not enough bars down from 19 W, SA"
72,"ioi BRF but small bars, weak BR CH"
