BAR NUMBER,DESCRIPTION
1,"F BO HOY and 60 MA but tail, C above 60ma, OOW MGA. Weak B SB for REVU, SA"
2,"f BO hoy and 60ma, PH but BLB, PP BB. TRO. Might go OD since Y was small and bad BSB on daily"
4,"H2 at 60ma, PL, but TRO more likely."
5,"L2 but doji, still on 4 B"
7,"DT, F BO HOY 2ES, PB, but 2 BLB, SS2. AIBLE or 4t below"
9,"cc BLB COL, PS AIS, AIBLE"
11,"DB HL 3 at MA, PL, but 3 BRB, HPW, still on 9 S"
12,SBD
13,"BRD so FT, but weak"
14,"F BO, BRT, HL 77, PL, AIBRE 4 – 8 ticks above, but 3 BRB, BB2"
16,"L1 but CC BLB, PP BB"
18,"H2 after SX, PL but TTR just below MA, HPW 19 SBD but PS BRT since TR for 3 days"
20,"FF 18, W 3 14, ET Y 55 77, F 18B, F BO 3100, COH, AIBRE, PL"
21,"L1 but BRD, still on 20 B, SS2"
23,"2EB, COH, PL, should test 18 H, ,19 SX H, and PS 60ma. Less likely, OOW"
29,"PW 21 25 at 60ma, BT 11 L, COL, AIBLE, but MRV"
31,"H1, COH, but small bars, just below 60ma, PP becoming TTR. SA 29"
33,"L2 29 at 60ma, but PP MRV and LOM, BB around MA and 30 L"
34,"DB 30 at MA but cc BRB, TTR, SA"
36,"W 29 33 but BL CH, doji, SPBL, not good stop entry S"
38,"H1, SPBL, but small bars, PP SA around HOY and HOD"
42,"f BO Wbut 4 BLB, 1t BRB, BB"
43,"H1 but small bars, PS W 36 44, BTW"
46,"H1 but BRB, HOY, PP BA 51 H2 but 2 BRB, PP LOM"
49,"H1, SPBL, ioi, but small bars late in rally just below HOY, btw"
51,"H2 but 2 BRB, PP LOM"
53,"H3 but 4 BRB, SA"
57,"iii at MA, AIL, but very TTR, btw"
65,"HH MTR, W 59 63, but TTR 42, AIL, just above MA, btw"
68,"H2 at MA, AIL, OOW MGA, but top of 3 hour TTR"
