BAR NUMBER,DESCRIPTION
1,"GU. BBLB, room to ATH MGA, but tail and far above MA. PP BTC"
2,"FT BLB, H1, BTC, but tail 1 and far above MA"
3,"still BTC, ATH MGA"
5,"bigger body and 5th bar into BTC so PS PTG soon, but still BTC, T1BU"
9,"PW 1 5, PH, AIBLE 1 – 4t below. Most likely TTR here or soon and it could last all day. BL want TRES and BR want TREVD"
11,"H1, T1BU, but PW, need WSS since PS TTR here or soon"
14,"H1 but doji, tail 13, 3LU, far above MA, BB2"
16,"ioi, MDT, F BO above PW, PW, but only 1 BRB in 16 bars, TTR likely"
18,"CC BBRB, PP TR, BB around 11 L and MA"
20,"4 CC BRB, AIS< but bottom of likely TR, PP BTC and BB, but 4 BRB, SA"
22,"ioi, DB11, just above MA, but BRB. TR, PP LOM"
24,"LH MTR, but 2 BLB, TR, LOM"
29,"W 21 23 LH MTR, HST, but middle of TTR, LOM, btw to S HR and B LR"
30,"H1 but BRB, middle of TTR"
31,"DT LH MTR, but TTR just above MA, BB at MA and 21 L"
39,"20GBG, iiii, but BRB, TTR"
40,"SBU, AIL but PP SA 32 and more TTR"
46,"H1, ii, but top of TR, PS SA"
49,"H2 but top of TR, PS SA"
50,"LH MTR 49, OD, BLT, but doji at MA, middle of TTR, PP BB and around 40 H"
53,"OD, but middle of TR, BTW"
54,"ioi so BOM, but AIL, slightly HR P for BL, but very TTR, room to 40 L MGB, btw"
60,"DT47 LH, still on 49 LH MTR S, but TTR, AIL, PP BB. TTR, might get small TRESU or TRED, but PP not big move"
65,"DB, 62, HL, AIL, but TTR, PP not much TRESU"
70,BTC but PP not much higher after 4 hour TR
