BAR NUMBER,DESCRIPTION
1,"W 73 78, F BO HOY, but TR, better to wait for breakout or 2nd signal. Low probability, bad for stop entries."">BBBR, TR 72, PS TRO"
2,big doji. LOM. Btw
3,"H1 but BRB, 2 BBR, PP SA"
4,"BBLB COU, PP BO, BTC"
5,"CC BBLBC, AIL, BTC, but 50% chance abrupt reversal"
6,"f BO W, 3H MGB, AIBLE or 4t below"
7,"big OD, PH, 3 H MGB, but CC BBLB so still AIL, PP TR"
8,"H1 at MA, every C above MA today, AIL, but doji after big REVD, BB2"
12,"LH, COH, PS HOD, but just above MA, still in BOM, BL might get DB 8"
15,"Tri 8 13 at MA, 5t, PL, but tail, still on 12 S, BOM, HPW"
16,"F BO Tri, but BLB, SS2"
18,"BP B, Tri 8 13 15, no C below MA, AIL, still on B above 8, but doji, BOM and no BO yet"
20,"BP B, ib, AIL, but apex of Tri, tail"
22,"DT, W 12 16, AIBLE, PH, but PS SPBL and BB. Still not clear, but AIL"
24,"IB, H1, AIL. HH MTR, but BLB, SS2"
27,"BR ioi, but weak BL CH, still AIL, no C below MA, mostly LOM even tho BL CH"
32,"BO, SBU"
36,"ii H1, but PP SA 34 since only 2LU likely and weak rally so BLTR and should get BR leg and maybe test of 20 apex of TRI"
40,"BR ii, should test down here or soon, but better to S with LIM"
42,"H1 but 4 BRB, PP AIS, SA, should C body gap above 29"
45,"H2 but 7 BRB, MGB at apex of TRI 20, SA"
47,"OD, BBRBC, SBD"
51,"L1 but ii, SX at 26 SP, far below MA, PS BB"
53,"ioi so MDB after SX, 2LT 44, but PP SA around MA and 47 H"
58,"L2 at MA but many good BLB, 47 H SX MGA,"
65,HL MTR but PP SA 58 and LA
66,"2LT 65, but small range, better to S above bars like 58. PP BB 64 and 49"
69,"H2 49 but 4 BRB, BB2"
