BAR NUMBER,DESCRIPTION
1,BGU.
2,"H1 but CC BRB, SA"
3,"OD but TTR, BB"
5,"BR ioi, far above MA, PP LR, but TRO likely"
8,"H2, PL, F BO but tail and far above MA, SA, TRO likely"
10,"OU, PL, but MRV"
11,"L2 9 but cc BLB, TRO, LOM"
13,"LL DT 1, PW 8 10, COL, PH, but PP MRV to MA"
20,"Tri 1 13 but 3 BLB, PP BB, SS2"
22,"BR IOI, TRI, PH, but still TRO. TRI, BOM."
26,"L1, BR IB, 4 BRB, Tri Top, ok swing S but HPW for BO since still in TR and ad MA"
27,"TRI, at MA, HL but 6 BRB, PP SA, BB2"
29,"L1, still on 22 and 26 S, but bottom of TR, BOM"
31,"f 18BO, AIBRE, PL"
34,"DTBF, PB from 18BO, but 3 BLB, LRP, still in BOM since 31 BO not strong"
35,"OD, COL, AIS, but still not clear BO yet"
39,"F 18BO 2eb, COH, W 18 31, PL, but NS. still on DTBF S 34, stop above 33, but AIBRE"
42,"DTBF 33, but 2LSU likely after W bottom, PP AIL and BB"
45,"HL, stop below 39 since 2 BRB, but SU likely, TRD likely"
48,"L2 42, f BO DT 33 42, MGB 43 HL, but room to 20 H for BTC SCL"
51,"OU but top of TR, PS SA"
55,"OD but small and middle of TR, LOM"
58,"BL ii, HL but SBD 55 56, PS SA, BB2"
62,"LH DT 55, might test LOD at bottom of TRD, but doji, TTR 48"
65,"SBD but small, big tail"
66,"BR FT, TRSD after 31 BO 18B, but small bars and small day"
69,BBLBL
70,"EBRT, AIBRE, PL, should get above 39 L for SBL, but 7 BRB, HPWB2"
