BAR NUMBER,DESCRIPTION
1,"BBRB but middle of Y, tail. Since Y was small, might get OD today or OU. PP PB today or TM"
3,"H1, HL, PL, but CC BRB, AIS, PS SA, BB2"
4,"CC BLB, but small, TTR, LOM"
5,"3 BLB, but still small range, might get BO UD on 7 am report"
7,"SBU but big tail. AIL, but BTW"
8,"SBD, PH, but TR, better to wait for breakout or 2nd signal. Low probability, bad for stop entries."">BBBR"
10,"F BO LOY, MDB, lots of reversals, PL, 7 is BLB so bad S SB and MGA, might get OU, but PP MRV, BB2 after 8 9 SBD"
11,"L1, AIS, but PS BB so NS"
13,"H2, F BO LOY 2eb, AIBRE, but 1t BLD, BB2"
14,"L2, but 2 BLD at LOY, NS"
16,"F BO LOY, F BO DB 9 13 so W, H3, PL, LBLM, AIBRE, PP BRTR, but SPBR, not clear bottom yet since only doji"
19,"3 BLB, W bottom, AIL, but tails, PP MRV"
20,"ib so H1, but PS FF, PW 17 19"
22,"FF 21, PW, HH DT 11, might test 16 H since weak B SB, but 6 BLB, PP SBL below"
25,"H1, but doji, near top of TR, should test LOY again and maybe 16 H so need WSS"
26,"OD, SBD, DT PB 11 22, but middle of TR and near LOY and 16 H, PP LOM"
29,"HL MTR, but 3 BBRB COL, PP MRV, PW 23 26, but tail, TR 9, LOM, BB2"
32,"LH, might test 28 C, but 4 BLB, middle of TR, LOM, SS2"
34,"G below 33 C so too easy for BTC BL to B so many eager BR, so PP will fall below 28"
37,"HL MTR, W 23 28, MDC, but BRB, BB2"
38,"COH, ok swing B, but PS STC bears here and at MA"
39,"CC BBLB COH, PP 2LSU but middle of TR so PP bad FT 40 or 41 and SA 32 26 and 22"
44,"ii but 2 BRB, PS FF, PP SA and above 22"
46,"F BO 22, PW 39 42, but doji, 10 BBLMC, SS2, PP BB and aat 45 BX L, MA< and 41 PB L and 50PB"
47,"H1, SPBL, 7 C MGA, but PW, BRD, need WSS, PS SA and above 46"
48,"FB 22 2ES, but PP BB around MA, 45 BX L, and 41 start of BL CH"
52,"H2 47 at MA, AIL 39, but BRB, TTR"
55,"BP B after 54 BO of H2, AIL, OOD and 7 C MGA, but TTR"
58,"FF 52 TTR, but 6 BLB, OOD MGA, BB"
60,"H1, but 3LU and just below OOD MGA, PP SA 58"
64,"H1, but SBD 62, TTR, W 45 55 61, BB2"
70,"H2 63 but 5 BRB, BB2"
