BAR NUMBER,DESCRIPTION
1,"BBRB, AIS, but bottom of 2 day TR and at 60ma"
2,"no BL body so FT, AIS, but at 60ma, btw to S. F BO LOY and 60ma, 5t, PL, but only doji, LPB, PB MRV"
3,"COH, still on 2 B"
6,"BO, AIL, but at MA, need FT"
7,"BL bar so FT, 6 BBLMC, AIL, but tail, PP LBR at MA and 6 C, but PP BB and around 2 H and 5 H"
8,"H1 but weak rally to MA and 50P, PS SA"
10,"PW 3 6, COL, PH, HH DT 1, AIBLE, but 9 BBLMC, MRV, might test LOY and 2 H"
11,"H1, but after PW and MGB, BB2"
12,"OD, SBD, but PP BB around LOY. Early TR between 2 MA"
14,"HL MTR, but middle of TR, SBD 12 and room to 2 H and LOY, LPB"
15,"SBU but 2t tail, at MA, middle of TR, not strong BTC, BB2"
16,"L1, room to MGB, PS AIS, but tail, 2 BLB, middle of TR, LOM, PS BB, SS2"
18,"HL MTR, W 10 12, but doji, 2 BBRB, room to 2H, HPWB2"
20,"DT after DB, BOM, 2 BLB, PS BB, BTW. Still on 18 B"
24,"H2 21, HL PB, DB 13 18 PB, PL"
26,"FT, but small, AIL, but top of TR, need BO above 9 HOD, else still PS more 3 day BR CH"
27,SBDM. Similar to FOMC.
28,"FT, AIS, but TR, better to wait for breakout or 2nd signal. Low probability, bad for stop entries."">BBBR, BTW"
29,"F BO LOD and HLW, but 3 BRB, BB2"
33,"L1 at 60ma and ma, might tests 29 H since bad BSB, but 3 CC BLB after SX, PP AIL and BB for PS BL CH or TR"
37,"HL MTR but 6 BBRMC, PP MRV and TTR"
39,"DT LH at ma and 60MA, P BR CH after 27 BO, but TR more likely"
43,"Tri at MA but 2 BLB, still AIL, might test OOD, PP BB 36"
45,"f BO Tri, PL, but top of TTR, TR, better to wait for breakout or 2nd signal. Low probability, bad for stop entries."">BBBR"
46,"BO, BTC"
47,"BO 42, 3 CC BLB COH, BTC, but smaller bar"
49,"L2 32, PP will PB below 32 BOP and maybe 39 and 43 H, but PP BB. OOD MGA since BL do not want 3 BRB on daily"
50,"OO, should test OOD, but might get PB 1st since PS W 32 42 and L2 49 at top of TR"
52,"H1, 3LU, BRB, OOD MGA, PS SA since BRD near TGT and PS W, but TC, should get above OOD and PS HOD since today will be H1 on daily in strong BLT"
56,"ii so small 2LU from 54, AIBLE, ok S but PP MRV"
60,"H1 but 7 bar BRMC, PP SA"
62,"H2 at MA but doji and TC, TTR, LOM"
65,"LH but 3 BLB, TTR, LOM, OOD MGN for rest of day"
68,"DB HL 62, BLB, above MA, AIL, but TTR"
