BAR NUMBER,DESCRIPTION
1,"Big GU, COH, big BLB, BTC, AIL, PL"
2,"good FT, BTC"
6,"DT 1 but 6 BBLMC, BB. BR want PW soon, but BL will B around MA with DB with 1"
9,"PW 3 5, but 9 BBLMC, BB"
10,"H1, AIL, but 2 dojis, just below MMT, poss PW, TR likely soon so btw to B PB or below bars"
12,"H1, AIL, but prob PW, LBR made money above 10, SD to MA so SA"
14,"H2, AIL, but BR BO and BR FT, far above MA, prob SD to ma, LP B. BUDC"
16,"H2 12, AIL, but BUDC, SA, maybe at 14 SX H. BB around MA"
24,"bull ii, F LH, AIL, ok B, but prob limited up since did not get PB to MA yet"
30,"HH MTR, but SPBL, BB"
41,"f BO ATH, BX 39, but SPBL, better to B PB to MA"
57,"DT 46 LH MTR, but 20 GB B. Tri, SPBL so 75% chance of 50 – 100% PB before EOD, and that means 12 – 16t"
60,"20GB B, AIL, 5t F, but doji, 3 cc BRB, room to 50% bigger PB, LP B"
63,"20GB B, 2eb, good BLB, 5t F, ok B for TRES up, but middle of TTR so SW most likely"
64,"DT 61 but AIL, 20GB B and 2eb 63 so prob BB"
67,"f BO DB 60 63, AIL, ok swing B for TRES, but NS since past 6 B stop entries were losers"
70,"f BO, BRB, but AIL, big enough 69 so prob BB"
