BAR NUMBER,DESCRIPTION
1,"GU, BLB, but both small. AIL, but Y TTR is MGB. Prob TRO"
2,"cc BLB, BB, but prob SW"
4,"F BO, HOY 2es but big tail, BUDC, BB, SS2"
6,"DB HL 1, good BLB, but 3 BRB so poss AIS, prob SW, BB2"
8,"H2 but BUDC, TTR, btw"
10,"DB HL 1 at MA, H3, but doji, TTR, btw"
13,"BOM, F BO above 1 and now F BO below 1. PL, but TC so prob MRV"
21,"DTBF 14, but 4 bar PB in BRLTR, LBL made money below every L, BB and SA, then TR"
23,"HL, should test above at least 1 LH, ok B, but BLTR"
30,"LH MTR, L2, but SPBL, BB"
32,"H1, f L2, SPBL, should test 2 C"
44,"f BO 2 C, but SPBL, BB. Might reach 17t above 23"
46,"H1 but prob SA at 2494 since 18t above 23 so 4 pt BL will take profits. Also, new HOD in TRD"
51,"Big BRB, poss test OOD"
57,W 52 54 but 7 BRBMC and OOD MGB since TRD so mrv. Prob will C around OOD for DD
61,"BP S in BRCH, but BB and around OOD for prob DD"
63,"SCB 54 60, test OOD, but big doji, TC, LOM, better to BB bars"
66,"L2, room to OOD, but BLB and weak BRCH, BB"
69,"H4 at OOD, but TC, LOM, prob will C around OOD, but might test 58 H"
