BAR NUMBER,DESCRIPTION
1,"big BLB but tail, just below MA, middle of Y TR. AIL, but SA"
2,"cc BLB, BB"
4,"DB 1, PL"
9,"W 2 6 LH MTR, F BO HOY, but BLB, TC, AIL, MRV"
14,"W, DT, 2nd Fd attempt to BO HOY, PH, but only 1t BRB"
17,"3 cc BRB, prob AIS, but middle of TRD and LOM, ok to wait. H2 11, 50% PB"
21,"F BO 14 W, F BO HOY, but 5 BLB, AIL, LOM, LPS. LOM so poss SA 14. Most should wait"
27,"DB 5, f BO 16, ET 10 16, LBL made money below 16, BRLTR, but strong enough so AIS and SA. LP B. Since TRD, might get deep PB to near 22 H"
31,"PB from 19 BL reversal, but prob LH and more TRD"
37,"4 cc BLB, might get BO to new HOD. Since TRD, prob SA HOD, but 40% chance of strong BO and BL trend"
41,"ET, DT HOY, top of TRD, AIL, but 7 BLB, LPS"
55,"WBLF 45 48, AIL, but TTR, btw"
