BAR NUMBER,DESCRIPTION
1,"big BRB, COL, just above LOY so MGB"
2,"CC BRB, AIS, but at SP at LOY and 3 day TR, so poss ORV up"
3,"ORV LOY, Y was small so poss OU day, PL, but tail, prob SA 1 around MA"
7,"ORV down from MA, DT 1, but strong enough 4 5 so AIL, BB. Might test 3 H for LBR to make money. Btw"
10,"W LH MTR 1 7, but AIL, HOY MGA, strong enough 4 5 so might continue up to HOY, BB"
14,"W 7 10 but SPBL, BB"
20,"F W, MGA HOY, SPBL, but SA HOY. Might get RD and then OD"
24,"BP B, but prob 2LT 22, SA, AIS, even tho SPBL. TRD still likely so prob will test OOD before EOD"
28,"H2 25, DB 20, but prob AIS and SA. Might test HOY for LH. LOM"
33,"W 24 29 but LOM, better to BB and S Hr"
36,"WBLF 29 33, ok BSB, but LOM so WSS. Prob SA around 31 H. Should test OOD before EOD since TRD"
42,"LH but 3 CC BLB, SS2. AIL, but top of TRD so B PB, not BO. Since TRD, BR will STC of strong bull BO"
46,"BP B, BLB, but 4 BRB, SA, LOM"
50,"H2 36, but doji and odds favor test OOD"
55,"H2 36, W 45 50, good BLB, but LOM and OOD is mgb so not strong B"
65,"DT LH in TRSV, odds slightly favor test of OOD instead of HOD"
70,"DB 55, H2 67, TRS, but odds slightly Hr for test OOD"
