BAR NUMBER,DESCRIPTION
1,"BLB with big tail in middle of 4 day TTR. LOM, btw"
3,"ORV up from 60ma and LOY, but BRL, LOM, btw"
4,"ORV up from 60 MA, MDB 1, but TTR, just below MA, btw"
5,"MDT 1 ORV down from MA, but BLB, LOM, btw"
9,"W 1 3 7 ORV up from 60ma, but BRB"
10,"Big BLB, prob AIL, but need BO above MA and HOD"
15,"OD but BLB, AIL, BTC. BOM since rv up from below 1 and now rv down from above 1. BR Fd to get W 7 10"
18,"f BO HOY, 2LT, big BRB, BB2. Ok swing S, but SS2. Prob TTRD"
20,"bad FT for BR, AIL, BB, prob TTRD"
23,"BP B, but BUDC, SA"
24,"F BO HOY 2es, PH, ok swing S, but more likely BB around 1 H, and UTR"
27,"DB 22, AIL, MA, but still on S 25 so need stop below 13 or LOD. TTRD more likely than SCBL"
34,"F BO 25, 2es, bear ioi, BL scalpers will exit, but still AIL, ok swing S, but NHEP for scalp S"
43,"DB HL 27, bottom of UTR, W 33 38, but only 2 pt TR, 60% chance of PB below 1 or 15 H at top of LTR, btw to B"
54,"H2 27, W 38 41, but still 60% chance of falling below 15 H so prob SA"
62,"f L2, AIL, trying for TRS up, but TTR and small day so odds are only small leg up, if rally"
