BAR NUMBER,DESCRIPTION
1,"bear doji, but GU on weekly chart, still PL or PH. AIL, but BLs need FT"
2,"big BLB, AIL, PL, ok swing B"
5,"PW 1 3, PH, but not good shape. 5 BBLMC, prob BB"
7,"H1, AIL, but cbx, 3 dojis, prob SU. PH, but more likely SW for 10 bars"
11,"H2, but 6 BBR TC, prob SW"
15,"BP B but TTRNS, BR see as DT13 for PB to MA. AIL, btw"
27,"3 CC BRB, room to MA below, SA, but TTR, AIL, bears need strong BR BO and FT"
31,"20GB B, H2 27, AIL, but TCH, TTR, LOM"
41,"f BO, tail, BLB, H2 11, still AIL, but odds favor test OOD before EOD so prob not much more up"
53,"LH MTR, MGB at OD, but 4 BLB, TTR"
56,"4 CC BRB, AIS, OOD mgb, and 2500 and 60ma and HOY G"
59,"F BO, but tail, room to 60m1, AIS, SA. TRD, OOD MGA, prob will C around OOD, prob just below aftr 6 cc BL days"
61,"L1, room to 60ma, prob 2LD after strong BO, but prob BB at 60ma, HOY"
64,"DB 56, test HOY and 60ma, MGA OOD and 58 SX H. should bounce, but prob will C around OOD"
69,"BP B but prob SA around 58 H and 40 L at bottom of UTR, then C around OOD. BL want C near HOD, like past 5 days, but today had new LOD so less likely to C near H"
