BAR NUMBER,DESCRIPTION
1,"bear dojif BO HOY, PH, but prob BB around MA"
3,"cc BRB, AIS, 50% chance 1 will remain HOD. After Y DD, today will prob have BR body on daily chart so prob SD day"
4,"ORV up from MA, BLB, BB for test 1 L where LBL will take profits. But, AIS, SA and around 1 L"
7,"good BLB but middle of range and AIS, SA"
9,"L2 but 2 dojis, LOM"
15,"LH, bear ioi, poss HOD, ok swing S"
21,"f BO, PL, ok swing, but prob SA"
25,"cc BLB, AIL, BOM, still will prob C below OOD, even if MMU"
33,"f BO HOD, but TC, AIL, prob will go SU for 2 – 3 hours. Might get MMU from LOD to OOD, then test back to OOD at eod"
48,"DB 27, W 38 43, but TTR, LOM"
70,"DB, and a measured move up"">DBBF after 61 BO, AIL, but top of TTR and still ID, just below HOY, LP"
