BAR NUMBER,DESCRIPTION
1,"FOMC report at 11 am so probably TR until then, then big BO or reversal. F BO HOY but doji. PH. Y was small so today might be OD. 50 bar TTR, doji, BB, btw"
2,"ORV, PL, but top of Y TTR"
4,"F BO HOY 2es, PH, ok swing S, but in Y TTR so Lr P"
5,"CC big BRB, AIS, but bottom of Y TTR"
10,"W 5 7 but 7 BBRMC, BRB, SA"
19,"W 2 9, PL, HPW"
21,"W 2eb in TRD, ok B"
29,"f BO 14 and HOY, but 10 BRBLMC, MM"
30,"H1, but better to BB since small legs"
34,"NW 25 31 and 14 25, but 24 25 strong enough for another leg up so LPS"
37,"BP B but W, weak rally, prob SA. Might enter TTR until 11 am report"
40,"NW, another F BO HOY, but prob TTR, btw for report"
49,"BP S, ii, but just above 60ma and LOD, 2 BLB, BB. Too close to report, btw"
55,FOMC big bear BO but big tail. Btw
56,"big bear IB, AIS, ok swing S"
58,BP S
60,"BP B, but bad FT 55 tail. 57, 59 tail, 60, PW 47 55, prob SW soon, maybe back above LOY"
61,"BP S but doji, good BLB, PW, BB for test 2500 and LOY"
63,"f BO LOY 2ed, PW, ok B"
65,"BP B, strong rev, AIL, but prob will C around LOY and 2500"
66,"MDT, DT 57, but BDUC and prob SW around LOY for rest of day so BB"
69,"BP B, AIL, BL want to get back above HOY, but more likely TTR around LOY until eod"
