BAR NUMBER,DESCRIPTION
1,"Y ended with SCT so 68 L is MGB. Bull doji so SA, BB"
2,"big BRB, prob AIS"
3,"BR body, AIS, but doji, weak"
4,"another BRB, STC, but tail. Weak selloff so prob will be BRTR"
6,"ORV up from above LOY, COH, LBL 1 L will B above since BLB, but 6 BBRMC so prob SA and bulls will prob need MDB. AIBRE"
7,"BP S, but CC BLB, around LOY so SP, DBR will prob B back shorts around 5 C, BB"
10,"AIBR S again, but prob BB around LOY"
12,"W 68 6, PL, ok swing B for test 1 L"
14,"DTBF 7 but AIL, prob BB"
19,"W 7 14, but MG 14 H, 1 L MGA, BB"
25,"went above 1 L so BL take profits. CC top since W 27 21 after DT 7 14, prob SD for 5 – 10 bars. Since SPBL, MRV"
26,"f W, AIL, but prob SA and TR"
30,"H2 but doji, TTR"
36,"DT 24 but AIL, TTR, LOM"
40,"f BO 31, H2 30, AIL, HOD MGA, but TTR"
46,"Tri 24 33, top of TTR, but too tight to S. AIL but TRSV"
53,"F BO, H2, but TTR, btw"
57,"LH, MDT, last 3 profitable stop entries were S, but TTR"
65,"F BO 61 and 14 H, H2 39, PW 52 59, ok swing B but TC so MRV"
74,"W 60 67 LH, BR S SB, but TTr"
