BAR NUMBER,DESCRIPTION
1,"F BO LOY, COH, PL, but big bar so big risk, in 5 day TTR so LR P. Ok B but BB2"
3,"BP S but doji, AIL"
7,"f BO LOY 2eb, good BSB, PL"
11,"ORV W BRF at ma, but doji, AIL, TC, MGA, LPS"
15,"F BO above W and MA, ORV, PH, AIBLE, but OD and 8 bar TTR, LP S"
18,"DB 7, DB 1, but 4 cc BRB, AIS, SA. Bottom of TR, but 4 BRB so BB2. BOM for BO of 18 bar range. 90% chance either 1 will remain LOD or 15 will be HOD"
24,"DB 4, W 19 22, but BRB, just below MA, AIS. BOM, 18 bar range. AIS but bottom of TR"
33,"W 20 27, but TC, AIL, BB. Ok swing S, BOM, range is only 4.25 so 95% chance either new H or L of day"
37,HL but might get 2LD from W so BL stop below 25
47,"Triple bottom, W 34 42, but TBRCH, BB2. Odds favor BO UD, but BO will prob reverse. 30% chance of trend"
62,"LH but TBLC, BB, and OOW MGA so BB"
