BAR NUMBER,DESCRIPTION
1,"BLB at bottom of 5 day TR, but tail, SA. Y was B SB, last week was S SB"
2,"OU but BRB, LOM"
3,"ORV down from ma, L2 but BLB, TTR, LPS"
7,"f L3 just above LOY, 5 is good B SB, ok B for PL, but top of TTR so Lr P"
9,"BO and FT, AIL, prob either bull trend or TR. Since poss TR< can get deep PB. At RS of 2500, 60ma, COY, HOY. BR want to C G and dip below 3 H to make TR more likely than bull trend"
11,"f BO at 60ma, 2500, COY, 2LT, PH, but prob BB and either BLF or TR. If falls below 6 H, then prob TR"
13,"3 cc strong BRB, poss AIS"
14,"big BRB, AIS, prob will fall for MMD, maybe from HOD to OOD. Should trigger weekly S signal"
20,"PW 14 17 19, dip below Aug H BOP on daily chart, better to exit shorts since PL. ok swing B, but BB2. Might be in BLCH for rest of day and get back above LLW"
21,"CC BLB, AIL even tho MRV since PW. More likely BLCH. L1 but CC BLB, PW, LPS"
22,"L1 but 3 CC BLB, PW, at daily ma, BB, AIL, prob SU for at least 1 hour and maybe LOD. Might get back above LLW, and might even test HOD. 90% chance 11 will remain HOD, 70% chance 19 will remain LOD"
25,"L2, 2LT at MA, BRB, might get 50% PB, STC BR 19 will add here, but AIL, BB around 23 L. H1 B but BRB at MA, prob SA. Prob TR soon, BDUC"
29,"SB 23, HL MTR, 50% PB, but 5 cc BRB, SA. Prob TR soon"
35,"OU, COH, HL MTR, 2nd test AUG H, ok swing B but prob TR so SA around 24 H"
37,"BP S, but CC BLB COH, AIL, BB"
40,"BP B, AIL, LLW MGA, but just below 24 H, LP B, TR likely. Should get back above LLW today or tm"
42,"BP B, AIL, but 2 dojis just below 24 H and prob top of TR. Prob SA, but AIL, might get back to OOD by EOD to create DD"
45,"bull ioi, H2 above ma, AIL, but TTR, LOM"
51,"W 30 41, big L2 25, but TC, AIL, BB. might test 49 L or 37 L"
52,"H1 but W, 2 BRB, SA"
54,"H2, AIL, but 4 BRB, room to 49 L, LPB, but BB 57 and 49"
62,"H2 49, AIL, but only 1 BLB in 12 bars. Prob LOM"
66,"LH but AIL, 3 BLB, BB"
70,"L2, LH, but middle of Tri, AIL, 2 dojis, btw"
