BAR NUMBER,DESCRIPTION
1,"2 F BO HOY but 10 BBLMC, BB. 2 dojis so poss early TR"
4,"H1 but 4 dojis at HOY, TTR at RS, poss LOM"
5,"f BO HOY 2es, but 5 dojis so no BX, prob LOM, SW more likely"
6,"H2, but 6 dojis in TTR, at RS of HOY, LOM, still on S below 5, AIS"
11,"COL so ok swing S, but prob BB around ma and 60ma, then more TR"
14,"f BO, test MA, PL, but 3cc BRB, tail, prob SA and more SD"
16,"bad FT again so prob BRTR, but only 1t OL of 8 L and 14 L so poss SPBR"
20,"BP S but BRCH and better to S PB than BO. Also, near LLR SP, weak BR. Poss SPBR, but BRTR more likely"
21,"W 13 16 18 20, but LLW MGB so SA"
23,"BP S but weak BR CH. Might get strong BO below LLW, like 17 Y. LP chance of OD day so prob bottom soon"
25,"F BO below TBRC, F BO LLW, F BO below 51 H BOB, good BLB, but TC so MRV. Better if can use wide stop, like below LOY since TC and might get one more new L before TR"
32,"W 22 27, L2 27, but good BLB, prob LOM"
36,"big OU but top of BLCH, prob SA 32"
37,"W 23 28 32, but lots of reversals and LOM, prob AIL"
39,"DB 30, AIL, should try to test OOD since TRD"
52,"BP B but SA at OOD and HOD, despite TBLC"
54,"DT 15, f BO OOD, but TC, MRV, better to SA bars. Prob will stay within 2 pts of OOD for rest of day and become another DD"
58,"MA but 5 cc BRB, SA. Deciding between Cg above OOD and LLW. LOM, more likely to C near OOD, but 2LD after 5 BRB"
59,"BP S, TBRC, but BB, BLB, 50% PB, midway between 2 magnest. Prob TTR, then BO to either OOD or LLW"
63,"H2 but TC, TTR for 20 bars, prob SA around 59 LH, but prob will stay around OOD in TTR. LOM."
74,"DT LH 54 at OOD, 2es, but doji, TTR, wft"
