BAR NUMBER,DESCRIPTION
1,"GU BLB, AIL, but top of 10 day TR"
2,"FT but small. PL, but poss f BO. Prob BB"
4,"4 cc BRB, AIS, SA"
10,ORV PW at MA but strong enough 8 9 so prob SA and at least small 2LD. AIBRE
12,"COL, AIBR SB BP S but prob only 1 – 3 more bars down before TR or TRV"
18,"PW 9 14, 2LD 14, strong BLB, AIBRE, ok B for test 16 H and maybe 12 SX H"
19,"BP S, but AIL, BB. Either TR or TRV up"
23,"BP B but 2 dojis at MA and 16 SX H, SA. DT 16, 40% chance of new LOD and MMD"
32,"HL MTR, H2 26, AIL, ok B but TTR and just below MA so LP, poss endless PB"
34,"2eb but doji, just below MA, AIL, but many will wait to B strong bull BO"
37,"DB 32, COH, ok B for L1=2 test of 12 SX H"
40,"DT 24, but strong enough 38 – 40 so prob BB"
44,BP B but LBL 11 L will S so prob SA. B PB
46,"L2 24 but 8 BLB, BA"
50,"H2, AIL, but prob SA around 11 H or OOD"
53,"strong BO, more up, maybe to OOD"
55,"strong BO, more up, but BX so need wide stop, increased risk of sharp reversal. Do not S"
59,"f BO ATH, OU on weekly, big BX, PW 52 55, BRB COL, AIBLE, prob will test OOD and 57 BX L. might get one more new H 1st"
62,"H2 B, AIL, but CBX, prob more SD to OOD and 57 L. If get rally, rpob SA HOD of CBX"
67,"BTC, but too early so prob will get RV before EOD. Still strongly AIL"
69,"HH MTR, AIBLE below BRB, not strong S after 4 BL B, SS2"
