BAR NUMBER,DESCRIPTION
1,"Y was big doji and today opened in middle. Prob ID, or only small BO beyond Y. BUDC, in between 5 and 60ma so prob TRO. 50% PB, odds favor a test up before a test of LOY, but TC so BLB prob need DB. Tail, SA. BLB, BB, prob LOM"
5,"L2 below MA, but TTR, LOM, btw"
10,"LL DB at 60ma, H2, but 3 BRB, HPW. New L after new H, BOM"
13,"BP B, AIL but BRB, weak BO. BR want DT 4, but strong enough 11 12 to prob BB. Still in TTR, ok to wait"
14,"BP B, bull ii, AIL, but top of TTR so might get F BO"
17,"LH MTR, bear ii, f BO DT 4 12, but dojis, TC 10, so prob SW. TRD so BLSHS"
21,"BP S but middle of TRD, LOM, BB 19"
23,"H2, HL, AIL, but 2 dojis in LOM, prob SA HOD and maybe above 21. LOM, BLSHS"
24,"W but 3 BLB, MRV, still AIL, prob BB at MA and below 22"
31,"HL in BL CH, but weak rally so prob SA 27, only 40% chance of f W and MMU"
35,"W 4 15 27, but 4 BLB, LOM, SS2. BLTR, but might get closer to HOY"
40,"BP B at MA but 4 BRB, 6 BBRMC, 2 dojis so prob TTR, LOM"
51,"SPBL so can only S with lim orders and wide stop above HOY, but late to buy. BL CH is bear flag, and entire rally is prob BLTR after Y strong rally. Prob will test 10 L in 1 – 2 days for bottom of TR. Tgt today is 41 major HL"
59,bulls giving up. 2 legs down to 40 L or 22 L likely
64,"WBLF, but 1st of 2LSD so SA for test 40 L"
74,"f BO 40 HL, H2, but BRB"
