BAR NUMBER,DESCRIPTION
1,"ST LH HOY, but 2t body, 3 hour TR, BB at COY and MA. Test of HOY and Y was DD so might test LOY"
2,"ORV but doji, SA"
4,"big OD, might test LOY, prob AIS, but TTR"
7,"big bear BO, prob will test LOY, but BL BTC for scalp since TR and test LOY"
8,"f BO 4 hour TR and 60MA, but prob SA for test LOY"
11,"L2 but doji, TTR, BB and below 9"
13,"f L2, but big OU in TTR, LOM. Ok swing B since PL, but LOM, hpw"
14,"3 cc BLB, PL, AIL for test 6 H or 7 H. poss RD"
17,"LH MTR, but doji, strong BL BO, BB, SS2"
19,"H2 bull ioi but tail, top of TRD, LOM, B Lr"
25,"HL, bad FT, but cc BRB, so BB2"
32,"DB 24, but far above LOD and LOY so only B if WSS"
35,"Tri 28 33, LOD tgtb, but BB 24 and LOD"
38,"f BO lod, 24 31 DB, PL"
41,"BP but doji, prob AIL, BB"
46,"W 40 43, DT 28, but TC, should test 20 L where LBL startd Bg"
48,"F W, but prob SW. still AIL, stop below 27"
54,"DB 47, should test 20 L, but LOM, SA 52"
60,"SCT 45 51, bear ii, but LOM"
64,"DB 54, AIL, but poss SA for 2 LSD. LOM"
70,"Tri, bear ii, ok S for test LOD, but LOM, prob BB 64 and LOD"
