BAR NUMBER,DESCRIPTION
1,"BO LOY but 2 day TTR, LOM"
2,"f BO LOY, ok B for LOD, poss OD"
5,"ORV down from ma but 5 BBLMC, AIL, BB. 2eb but 2 BR dojis"
8,"ORV 60ma, W 1 4, strong BRB, but 8 BBLMC, LPS, BB around 4 H. LBR will B back S at 4 H. AIL, but prob BLTR so prob deep PB, maybe to 6 L or LOD"
9,"cc BRB, SA, but AIL, BB around 6 L"
10,"H2 but TC, 4 BRB, prob SA and SW, but AIL, better to start to B. Prob LIM"
13,"W HL, AIL, ok B"
17,"DT 7, but AIL, prob BB"
21,"2LT, should test OOW, but AIBLE, poss deep PB to 18 L or 13 L."
22,"3 BRB, SA, more down, but 80% chance 1 will remain LOD. Prob deep PB and TRd"
28,"H2 but TC, room to 18 L, prob MRV"
34,"CC bottoms, DB 12, ok B but LOM, TC, better to B below bars"
53,"HL, Tri, AIL, should test 19 c, ok B, but most will scalp"
62,"L2 42, but 10 BBLMC, AIL"
65,"DB 53 but strong 64, SA"
71,STC but starting too early so prob will reverse up soon. Btw to B
75,"F BO 13, PW 65 70 AIBRE, ok B scalp"
