BAR NUMBER,DESCRIPTION
1,"DT HOY, but big tail, BB around MA"
2,"cc BRB, AIS, but tails, just above MA, in middle of Y TR, prob SW soon"
4,"ii, BP S, but just above ma, TRO, BB around ma"
6,"ORV DB at MA, but BRB, 6 BBRMC, BB2"
8,"DT 4 but 3 cc BLB, TRO, LOM, BB"
12,"ORV, ET 2 6, but 2t tail, BB2"
18,"DT LH in TRD, PH, ok swing S, should fall below 14 H so LBR can make money, but AIL, prob BB 14H"
20,"3 cc BRB, big BRB, prob AIS, but still in TR, BOM"
24,"F BO L of 1st 18 bars, MDB, ET 2 6 12, BTC BL 17 will scale in for test 17 C, but prob 1 will remain HOD so prob BLTR"
34,"ET 3 9 18, but 11 BBL MC, AIL, BB around ma and 4t below 18 H where LBR will B back shorts"
37,"H1, AIL, but top of ET, 3 BBR, ok to wait to BB2"
50,"DB, 20 GB B, AIL, but TTR, just below HOD, LP B, SW likely"
62,"DT LH so Tri, but 7t range for 30 bars, btw"
65,"BLRB, AIL, but 7t tall range, btw"
68,"F BO, AIL, but ttr, LPB, wft"
