BAR NUMBER,DESCRIPTION
1,"DB LOY, PL, but tail, btw"
2,"BP S, PH, ok swing but bottom of month TR"
4,"T1b BR, SA"
5,"BP S, t1b BR, AIS, but BLB, bottom of 4 week TR, LBL 1 L made money, prob BB 4 for W attempt"
9,"PW 1 4 at top of June TR and at MMD, PL, but MRV"
11,"BP S but PW, BB and below 8"
12,"PW, MDB, PL, but top of TTR. Ok swing B for poss RD"
15,"doji after 3 BLB, MDB, PW at SP, prob AIL, but BL need BO soon. poss TR. BL need big BL TB for RD, else SW"
16,"L2 11, bear ii, just below MA, DT LH 5, 40% chance of BO below 8 and MMD, MRV"
18,"3 CC BRB, AIS, but TR likely"
20,"HL, COH, but 4 BRB, AIS, below MA, STC"
21,"BP S, swing S since bottom of TR"
24,"LL MTR, but 3 BRB, MRV likely"
25,BP S but CC BLB prob TR soon. BB
32,"W 8 23, MDB 30, AIBRE, ok swing B, but might get one more push down. HPW. If F W, prob will reverse up soon"
33,"DTBF 30, TC, ok S but 60% chance BB 32 for F W, 40% chance MMD"
35,"3 BRB, more down, STC"
38,"PW 23 32, almost MMT, PL, but 6 BRB, MRV, BB2"
41,"4 BLB, should test 32 H since was reasonable B, but 20GB bears Sg around MA. SX so prob 2LU"
44,"DTBF 33, but 4 BLB, BB for 2LSU"
46,"HL, ok scalp, but MRV"
52,"HL MTR but SA for 2LD from 51, then better HL MTR"
56,HL MTR
59,"F BO DT, but strong enough BO fo 2LSU, BB"
60,"H1, AIL, ok swing B for test 16 H"
62,"F BO DT 33 49, but big bar so big risk. Ok swing but TC 56 so SW likely"
68,"4 cc BRB, f WBF 63 66, AIS, but too early for STC to make to EOD"
70,still STC but too started too early so prob bounce soon. ok to exit S 4t above BRB or 1t above BLB
72,"micro triple bottom, f BO LOD, BLB, even tho 1t, ok to exit S since STC started too early and might bounce. Room to G below"
