BAR NUMBER,DESCRIPTION
1,"bull bar, test of MA and 38 L, still AIS, but will prob test bear TL soon"
2,"big bear bar, WBRF at MA, AIS, G below, PH, but big BRB in TTR, prob LOM, LP S, prob FF"
4,"FF, HL, PL, but BRB, TTR"
7,"ii, cc BLB, ok swing BA or SB"
8,"big BLB BO, but at TL, poss 2LT. prob at least a little Hr."
9,"f BO, 2LT 5, BR TL, but only 1t BRB, AIL, SS2"
12,"ioi BLF, AIL, but 4 BRB, TTR, bad FT from 8 BO"
13,"BP B, AIL, but prob SA 9 since bad FT 1 5 8. Prob BLTR"
16,"W 2 9, MDT, bad FT after BLB, PH, OOD magnet, but TC, AIL, LPS"
20,"BP B but doji, 3 BRB, SA"
22,"big BRB, STC, AIS, but still TRD"
25,"HL MTR, test OOD, MDB, 2LT 19, AIBE, but prob BLTR"
28,"LH but AIL, BB, prob TTR"
31,"Tri 4 24, AIL, but LOM"
35,"DT but TTR, AIL"
37,"HL, AIL, but TTR, BOM"
58,"F BO, should test OOD since TRD, but 4 cc BLB, AIL, TTR"
61,"big BRB, AIS, should test OOD"
64,"BP S but at OOD and prob will stay around OOD for rest of day. If becomes trend, bear is more likely since Y was big bear day"
68,"DTBF 64, G below on daily, but MDB 62 at OOD magnet, prob BB around LOD for W bottom. 30% chance of STC and big bear TD at eod"
71,"W, but TC, MRC, prob will C near OOD"
