BAR NUMBER,DESCRIPTION
1,"Big GU, strong BLB, 30% LOD, AIL, ok D"
2,"FT, AIL, more up. Might test MA and LOD within 10 – 20 bars"
4,"F BO HOY, ph, but 4 bar t1b BL, BB. Might get PW top in 5 – 10 bars"
5,"H1, AIL, but BRB, 3 dojis so poss SW or 2nd leg up in PW. Still BTC. BV test daily ma, 50% PB from ATH, L of 2 weeks ago after last week OD on weekly"
8,"f BO HOY 2es at RS, PH, but TC, MRV"
9,"F L2, but DBL so prob SA and TTR"
12,"F DT 7, but many small bars, L of 2 week’s ago just above. AIL, but stalling at RS. Still t1b BL, BB"
18,"BX, PW 11 13, RS, AIBLE, PH, but prob MRV 5 – 10 bars"
20,BP B but BX so SA for 2LSD
23,"H3 but TTR, far above MA so SA 21 and HOD"
25,DT in TTR but NEBM
28,"W 21 25, but AIL, BLB, BB to around MA"
30,"BP B but TTR, SA 28 and HOD. Odds favor PB to MA within 2 hours"
32,"W 25 28, LH, MRV. Only S If WSS. Should test MA and 7 H. might test 13 BX L or 10 L, then TR"
37,"H2 23, 20GBB 2LD 36, BLB, ok scalp B, but SA around 36 H"
45,"LH MTR, ok swing S, but SW more likely"
52,"DB HL 39, BT 7, but 7t above and still prob will get closer. AIL, ok swing B, but BB2"
58,"W 22 36, AIL, ok TRS B, but SBO2 so SB 58 for MMD. DT 46 56 so BOM 56 H and 58 L. TRSV"
65,"BO of SBO2 WBLF, BR FT but tail, DBR"
66,"BP S but BLB, BB"
68,"F BO 2eb, but TTR, just below MA, LP.if goes 2 – 4t above, then AIL again"
70,"back to AIL, but still in TTR. Prob will C near L of 2 weeks ago"
