BAR NUMBER,DESCRIPTION
1,"F BO HOY, ph, but tail, BB at MA and COY"
2,"another bear bar, but doji so BB around COY"
5,"ORV at MA and COY, should test 1 L, but AIS, prob SA around HOY, and TRO"
7,"f BO HOY 2es, PH, but TRO more likely since in Y TTR"
11,"F BO Y TR, ET 38 65, W 1 4, MDB 10 PL, poss RD, AIBRE, but still AIS and TC, unlikely to get strong BO above HOD"
12,"BP S, AIS, but BLB at bottom of TR, prob BB LOD"
15,"F BO Y TR 2eb, PL, poss RD, ok swing B, but prob not strong BL TD. If RD, prob mostly TR and SU in weak BLCH"
16,"DTBF 5 but bottom of TR, good BLB 10 14, BB"
20,"HL MTR, PL, but top of TTR"
23,"WBRF 12 15, prob still AIS, but TTR, LOM"
24,"HL, early BLCH, prob AIL, but need BL BO, else W LH and swing down. BL might need DB 20 before getting swing up"
26,"W LH, ok swing S, but lots of dojis, prob BB around 20 L for DB HL MTR"
29,"CC BRB COL, AIS, but bottom of TR, poss DB 20, SS2"
30,"DB HL MTR, but doji, AIS, LPB. Poss SA but bottom of TRD, LPS. Prob more LOM"
36,"HST BRF, but 7 BLB, AIL, BB"
41,"DT LH MTR, ok swing B but prob BB above 20 30 DB, and prob BB the DB. Less likely, might test 60ma"
44,"F BO, HL MTR, prob SA, but BL will B MDB"
47,"L1, but STC DBR will exit around 43 C"
50,"L2, but BB since STC 43 BR will give up"
53,"L3 so TRI, but DBR, BB"
54,"Tri, AIL, ok B, but top of TTR in TRD, LOM"
57,"DT PB but, AIL, BO so BB for BP"
58,"BP B, might get BO above 30 40 DT, but LOM, so prob SA 40"
61,"f BO, PW 49 57, but TC, LOM, AIL"
65,"H2, PB B, AIL, might test OOD, but 3 BRB, prob SA 62"
71,"F BO, W 49 60, but 2 dojis, BTC, OOD MGA, BB. Might dip below 60 H for LBR to scalp out"
