BAR NUMBER,DESCRIPTION
1,"small GU, bear doji, wait for more information. PH and PL"
2,"cc BR dojis, LOM"
3,"ORV HOY but no BLB, LOM"
4,"f BO HOY 2es, PH, but LOM"
5,"H2 3, ORV up from HOY, PL, but LOM"
8,"F BO HOY 2es, but BLB, LOM"
10,"BP B, AIL, TGTA, but weak rally, prob BLTR"
17,"BP B, AIL, 9 BBLMC, TGTA at 2374.50 top of SX but weak rally, 3 dojis, W 4 8, poss sa"
19,"PW 4 8 13 16, LBR 16 H prob will make money, PH, but MRV, prob TTR"
22,"BLB so not 3 CC BRB, still AIL, but BUDC"
24,"20 GB B, test OOD in TRD, AIL, PB after BO above 18, but 6 BBRMC so LOM, SA around 22 H, 19 L, and HOD, then TR. BR want new LOD after LH, but SW more likely"
29,"BP B, AIL, but bear ii, just below HOD. SA, and SA HOD"
38,"HH MTR, COL, F BO 19 H 2es, ok swing S for test 24 L and OOD"
41,"BO and FT, AIS, should test 24 L. small BRB, tail, so prob not strong BRT"
43,"f BO, DB HL 24, but AIS, SA"
44,"L1, AIS, TGTB, ok S, stop above 40 or 36"
47,"L1, but prob BB around TGTS = MMTG, 60ma, COY"
50,"W 42 45, bull IB, f BO LOD, AIBRE, but MGB. L1 S but CSX, prob BB at TGT"
55,"big OU from TGT, OOD will prob be magnet for rest of day, prob TRD"
57,"F test ood, but strong reversal, OOD magnet, prob BB and below LOD"
58,"big bar so surprise, more down, but at SP"
60,"BP S but BLB, at 60ma, COY, L of 2 weeks ago, BB"
61,"CSX at SP, BLB, BB, might get back to OOD"
67,"LH in BRCH, L2, BR want C at LOD, but BB for test BR TL"
70,"f L2,AIL, odds favor BA for test TL, even tho 5 BRB"
