BAR NUMBER,DESCRIPTION
1,"f BO LOY but 2t tail. Ok B but prob will F at 60ma. PL, prob BB"
5,"ORV down from 60 ma, PH, but AIL, prob BB LOD"
7,"F BO LOY 2eb but CC BRB, AIS, BB2"
8,"BP S but BLB, bottom of BRCH, prob BB"
12,"PW 1 7, test of G, AIBLE. PL, ok swing B"
14,"DTBF 8, ok swing S but prob BB for 2LSU. Prob AIL from 13 but AIBLE. BDUC"
16,"BP S but BLB, DB HL 12 after PW, BB"
17,"DB HL 11, MDB, AIL, but TTR, big bar, NS. PL, ok swing B but TR likely after many reversals and deep PB from 13 C. OOW magnet, so far doji IB on weekly"
19,"BL BO, AIL, prob swing up and RD"
21,"L2 14, 20GB S, ok swing S, but AIL, BB. Might fall below 18 H"
23,"3 CC BRB, but still AIL. Might test OOW again"
24,"big BRB, BR BO, 4 CC BRB, might be AIS, but prob BB around LOD"
29,"DB but 8 BR BRMC, SA, BB2"
31,"BP S, AIS, but BLB"
39,"BP S, but TTR, 2 big BL reversals 13 20 so better to S PB instead of BR BO"
43,"SX at CLW and MMD, prob TBTLSU soon"
45,"BP S but big SX at CLL and MMD, prob BB and then TR. LPS"
46,"SX, MDB, ok B, but prob will get PBs before reaching 41 SX H"
50,"W 44 46, but prob FF and BB for 2LU to 41 H"
53,"DB 46 HL but small body so LP B. still AIS, MRV"
56,"DB 46 HL MTR in TTR, ok swing B, but top of TTR just below MA, and prob NEBM"
57,"DT 55 at MA, os swing S, but TTR so prob FF"
59,"FF, ok swong B, but still TGTB"
61,"BP S but tail, SS2, prob BB LOD, poss HL"
64,"HL but tail, AIS, just below MA"
66,"ioi, tgtb, AIS, but bull bar"
73,"big OU at bottom of G, MM, LLW, PW64 68. AIBES, ok swing B but HP to wait for strong bull BO"
