BAR NUMBER,DESCRIPTION
1,"Small GD after Y SX. AIS, still STC, but extreme SX so btw to S PB"
3,"F BO LOY but tail, 2 big BRB, BB2"
4,"BPS but extreme SX, wait to S. cc BLB, poss BB, but BB2"
7,"2BR, F BO LOY 2eb, PL but big bar so big risk. Ok to wait for FT to B, but might be AIL. Prob SU for at least 2 hours, and prob TRD. OOD might be middle of day’s range. Bears want COD below OOD and bulls want it above"
8,"DTBF 1, but cc BLB, AIL, BB. Tail so weak rally and prob early TR"
9,"H1 but doji, just below MA so prob SA around MA"
10,"ORV at MA, DT 1, W 4 8, PH, but AIL, prob BB around 6 H where LBR will B back shorts"
14,"HL, poss HL MTR, 2BR, AIL, but CC BRB so might get MDB in 3 bars before rally"
17,"DB HL, AIL, but tail, just below MA, room to 13 L, LP B, 50% chance will have to test 13 L. Tri 6 13 16 so poss FF"
21,"HL MTR, W 9 13, but doji. BOM, reversing up from above LOD, bulls want BO abvoe HOD and MMU, but still prob will remain TRD, even if get MMU"
22,"big BLB, AIL, ok BTC for BO and MMU, prob TTRD"
26,"BP, ii, AIL, odds favor MMU, ok B"
30,"f BO, MM, test LLW, prob UTR, PW 22 24, AIBLE, SA"
32,"BP B, but BUDC, SA"
34,"BP S but BLB, AIL, MA below, BB"
35,"H2 but BRB, prob UTR and SA and above HOD"
38,"DT LH 29 but CC big BLB, LP S. Prob BB and then TR"
42,"W 10 29, MDT, ok swing S, prob TR soon"
44,"BP B but 2 BRB, W, SA"
48,"H2 but TC, OOD MGB, SA"
51,"F BO but BRB, MGB, SA"
55,"H4, near OOD, ok B scalp, but TC so MRV, still might test OOD"
57,"BP S, OOD MGB, but H4 55 BB for 2LU"
59,"HL, but BLTR, 50% chance of test OOD before EOD"
67,"DB HL, good BLB, ok scalp. Still might test down to OOD"
69,"DT LH, OOD MGB, but TTR"
72,"W 32 44 but tail, 3 BRB, room to OOD, LP B"
