BAR NUMBER,DESCRIPTION
1,"BO HOY, but bear doji, LOM"
2,"F BO HOY but BLBR, LPS"
6,"ORV 60ma and COY, ii, PL, but BRB, SA around 1 L and 2 L, LOM"
9,"LH, DT 2 test HOY, ok swing S, but prob TRO"
10,"big BRB, AIS, more down, poss OD below LOY"
13,"BP S but BLB, BB. f BO LOY, but strong bear BO, SA"
14,"MDB, still AIS. L2 S but cc BLB, poss TTRD and BB for start of LTR"
16,"FF 14, but doji. AIBRE, prob TR soon"
17,"BP S but BLB, BB for W and then test 15 SX H"
20,"W 12 16, AIBRE, CC bottoms 6 H2, PL, should test 15 SX H. not HP B because TTR, tails. Might be LTR instead of RD"
26,BP B but prob BB 25 and at 60ma
28,"W 14 25, good S SB, should test 20 H since weak B SB, but might enter TTR 1st"
33,"HL MTR, but 6 BBRMC and should test 20 H so SA"
37,"HL MTR but TC, BB2"
42,"L2 but TTR, AIL, prob HL MTR soon"
44,"DB 37 HL MTR at 20 BSB H, AIL, ok swing B, but TTR in TTRD"
49,BTC for test 4 L
53,"H1, but BX 51 at 4 L TGT at bottom of UTR, might get small 2LU, then PB. better to B PB. bears will begin to SA for scalps"
59,"Tri, ok B but prob FF after BX 51 and TTR"
62,"BP B, BLB, but CC BX, prob PB soon"
65,"H2 but CBX, LPB"
69,"DT 61, CBX, but SPBL, better to S with LMO above bars"
71,"20GB B, H2 65, but CBX so SW likely"
