BAR NUMBER,DESCRIPTION
1,"bear bar but tail, bottom of Y BRCH. Fri had strong rally so BL will try for MTR today. Bulls want DB around LOY and then swing up to 60 H. SA around MA"
3,"ORV near COY and MA, but 2 BLB, prob LOM, BB LOD and LOY"
6,"cc BRB, AIS, STC, but at LOY where BL Bt twice on Fri. weekly EMA only about 7 pts down and maybe 80% chance of reaching it this week"
10,"iii BRF, weekly ema 4 pts below, MMT 2 pts below, AIS, but prob BB at SP so poss FF. Does not have to reach weekly MA since if rallies strongly over the week from just above the MA, the MA will get pulled above the LOW, and that would be a test on the weekly chart"
12,"W 1 7 ORV below LOY, f BO LOY, PL, 15 min LL MTR, but 10 BBRMC so MRV on 5 min"
16,"f BO, DT 8, 20GBS, but rev up from bottom of ch, prob AIL for test top of ch. Since bar FT, might get deep PB and TR"
18,"20 GBS, PW 13 15, PH, but AIL, BR TL MGA. Since weak rally, might get deep PB"
20,"BT 13, AIL, should test bear TL. Poss MMU from LOD to OOD. Weak rally so poss deep PB and then HL MTR"
23,"2LT just below H of 18 bar range, DT LH 3, but AIL, BB, poss SPBL, prob will get BO above 3, might get MMU LOD to OOD. Most likely SA 3 and deep PB and TRD, with 11 remaining LOD"
28,"F BO HOD, CC tops 18, but TC, MRV"
33,"f BO 2es but TTR, AIL, BB around MA and 24 L, MMTA"
34,"H2, SPBL, near MA, MMTA, but BRB. BR will exit since H2"
38,"EG 35 36, FF 34, ok S for 1 – 2 h SD. Prob BL TRD, CC tops. Still SPBL, but TR likely soon. might test OOD. Prob BB around 35 BX L"
40,"3 cc BRB, no longer SPBL. Now, TRD so might test OOD and C around OOD for DD"
46,"DB 35 but 10 BBRMC, OOD MGB, SA"
51,"W 40 46 but TC, OOD TGTB, 26 W bottom TGT below"
54,"f BO but BRB, SA for 2LD, but OOD magnet for rest of day for poss C around OOD and DD"
59,"Test OOD, BTC BL 36 B more above 59, AIBRE, TC so MRV, but should bounce to around 50% PB, stop below 20"
61,L2 but at SP of OOD and 50% PB so BB and BB 58
63,"50% PB, HL 20 BLR, W 54 58, LBL 36 will B more"
66,"f BO DT, ok swing s, but AIL 63, LPS. TTR, OOD, prob will stay within 3 points for rest of day"
71,"ET 58 63, f BO W bottom, ok B for test of midpt 36 C and 1t bove 59 for BTC BL to avoid loss"
72,"BO and FT, prob will C aboce OOD, but midpt of SBL so poss PTG here. Too early for BTC so prob SW"
