BAR NUMBER,DESCRIPTION
1,"GU, big BLB, C far above 60ma, T1B, BTC, 25-30% chance LOD"
2,"cc BLB, BTC"
3,"f BO, BRB, strong BTC, BB"
4,"H1, AIL, but BX. Ok B but might get PB soon"
5,"f BO HOY 2es but BLB, strong bull BO, TTR, BB. Might go SW to near MA"
8,"bull ii, AIL, ok B, but poss more TR"
12,"W 2 5, but SPBL, SS2. Maybe SWD to MA and 4 L"
16,"BL ioi, AIL, SPBL, ok B, but might be TTR so stop below 4"
18,"W but TC, BB around 17 L, 4 L, and MA"
21,"BP B, bulls want BO above 19 W and MMU, but weak rally so might be SA for 2LD to MA"
27,"F BO, but SPBL, BB and at MA, MRV. 60% chance will fall at least 1t below 19 H at some point today. Ok to scale into S above bars but easier to make money Bg"
34,"W 18 28, 2LU 26 BO, should test MA soon, but 15 BBLMC, better to S at new H than with stop. Wait to B near MA"
39,"BLB just above MA, DB 28, ok B if stop 2t below 28 or below 4. 5 cc BRB, prob SA and above 34 for test of MA"
45,"DT 34, ii MDT, should test MA. Ok S but prob better if WSS, or S above 34. MRV, BB at MA and 19 H"
49,"MDT and DT, ok swing S for test 19 H, but TTR, AIL, prob BB around MA"
54,"W 46 51, but doji, EPB, TTR"
57,"W 2eb, ok B for new HOD, but prob FF"
58,"BO, more up"
62,"FF top, BRB, ok to exit since too early for BTC to last to EOD. SBR will S, looking for test 50 H BOP"
64,"H1, but BX, btw to B H2 or closer to MA, prob SA HOD. SPBL so prob PB soon that is 50% bigger than biggest earlier PB, which was 11 ticks at 38"
68,"H2, but prob not much usp"
71,"COL, ok to exit long and wft"
