BAR NUMBER,DESCRIPTION
1,"I will be away from 8:30 until about noon today, and maybe all day. Doji in middle of Y range. P L but SA, esp near MA. BB. Middle of Y range, bottom of Y BL CH, should bounce, but TR day likely after Y CH. Poss ID"
2,"ORV up from 60ma, COH, big BLB, AIL, but BUDC, SA around MA"
6,"W 1 2 4 6 so prob test down, but 6 BBLMC so BB for scalp"
7,"BP B but top of BL TR so prob SA. Also, BB 1 and 2. TRO likely"
9,"DB HL, AIL 2, but 2 BRB, TRO, SA HOD and at MA"
11,"ORV down from ma, DT, but AIL, tail, LOM"
14,"HL, F L2, AIL, but 3 dojis, LOM, just below MA"
17,"ORV at MA, W but tail, LP S, might get DB 13 or 8"
57,"BP S but CC BLB at 60ma, DB 8, TRD, BB"
62,"BL IB, AIL, ok B for test 43 H and maybe 34 ledge"
66,"w 55 57 but SPBL, ledge H tgtA, LPS"
72,"SCT 57 66 but doji, TC, TGTA, LPS"
