BAR NUMBER,DESCRIPTION
1,"BP B but doji, Y was small day so poss OD"
2,"big bear bar, COL, PH, ok swing S for poss OD"
3,"cc big BRB, STC for test below LOY"
7,"f BO LOY, but BB2, SA. BP S but BLB at LOY SP. Poss RD but bulls need MDB or DB"
9,"f BO LOY 2eb, good BSB, ok B since PL, but TC, prob MRV"
11,"good EB and FT, AIL, but TC BR CH so MRV and prob will need test down. Prob RD and might get back above HOY for OU after OD"
15,"F BO above 60ma but AIL, BB"
17,"Hq, ok B but BX 13 so prob scalp, SA 14. All 3 MA are close to one another so prob SW soon"
18,"DB 17, test 12 H for poss MG, but prob EG and test of 12 BX L and 60ma soon. since poss TRD, might get deep PB"
21,"big BRB, prob more down"
22,"strong FT, AIS, but prob TRD after GU, BD BU BD. BB2. Ok STC for swing but prob BRTR"
25,"still STC but too many reversals and big bars, better to S Hr"
26,"F BOL LOD, 2LT, PL, but TC, MRV"
29,"L1 but doji, BB"
30,"HL, strong BLB, but still AIS, just below MA, prob SA"
31,"L2 but bear doji after big BLB, BB"
33,"WBRF at MA and test 24 SX H, but BLD"
37,"WBRF at MA, AIS, ok S but only 1t body, TTD"
38,"F WBRF, COH, ok swing B but still in TTR"
41,"WBRF, DT 41, AIS, but TTR, LOM"
43,BP B but doji. Ok B above 37 DT for MMU
45,"big BO, more up, but poss 2LT"
47,"F BO, 2LT, but small BRB. LBR from 41 H will S to scale in. Prob BB, but poss deep PB since 2LT in TRD. BR want LH and more BRCH"
52,"HL, test 1t below 41 BOP, but 5 BRB, BB2"
58,"2LT 51 but TC, BB2"
62,"L2 but bottom of TRD, LPS"
65,"DB 57, big OU, but TTR at MA, btw"
66,"DT 62, but bottom of TR, prob AIL after cc good BLB"
69,"DB HL, ok B but 2 BRB"
72,"F BO, TR, might be ok scalp, but odds favor test closer to 46 C. BR want test 25 C"
