BAR NUMBER,DESCRIPTION
1,"GU but doji at top of 2 dat TR. LOM, SA, BB around MA"
4,"C above C of prior bar. 4 bars with trending closes so BGP, AIL. H2 but 4 dojis so Lr P B"
6,"F BO HOY but 2t tail and small body, BB, AIL, but bad FT so poss BLTR"
9,"BL ioii, 9 BBLMC, but only 1 strong BLB, bulls might prefer to B PB. PW 3 5 but 8 BBRLMC so SS2"
10,"PW but 10 BBLMC, BB"
11,"PW testing Tues H C so DBL exiting, bear ioi, cc BRB, f BO HOY 2es, but doji, TTR, LP S, LOM"
12,f BO HOY 2es but doji
15,"BO, prob more down"
16,"cc big BRB, AIS, STC"
18,L1 S but BB around 60ma
20,"ORV up from 60ma, 50% PB, PW 6 or 12, then 16, 60ma, good BSB, ok B if can B more LR. Prob BB abd BA for test 19 SX H, 40% chance of BR BO below 20"
24,"L2, AIS, but TTR at 60ma, 2 good BLB, BB LOD"
26,"W 20 22, Pw 6 16, 60 MA, ok B for test up to 19 B, but still AIL. BR prob will exit above 24 S SB"
31,BP B but 3 BRB so might need MDB
36,W 22 27 but should reach above 19 SX H so BB
40,"ii, should get above 19 H and poss 14 L for SBL to exit. Poss DD so rally to 14 L will prob reverse back to OOD by EOD"
46,"W 27 36, but very little movement. Prob in TR from 30 L and 14 L for rest of day, and prob C around OOD for DD"
56,"He 50, room to 14 L, SPBL, but weak rally, prob SA 45"
66,"tri 59 63, F BO 45 W, but SPBL. Might test 30 L and 60ma, but most BR will scalp"
67,BR BO but C in middle so poss F BO. Prob will C around OOD for DDD
68,"F BO, BR trap, HL, room to 14 L, AIL but big bar so big risk, OOD is magnet, SA at 14L"
69,"F BO above 14 L but doji, at OOD magnet, LP S"
