BAR NUMBER,DESCRIPTION
1,"bear doji after W 52 61 78. Room to 55 bottom of W and 60ma, but weak SSB, prob BB at 60ma. Y was OD so today might be ID"
2,"DB 74 but 4 BRB, SA"
6,"BO, CC BRB, but small bars, doji FT, prob BRTR. TC SA, but LBL below bars"
7,"BP S, BT 2 L and 60ma, but bad FT, BB"
8,"f BO 2eb, 50% PB from Y rally, good BLB, but TC, MRV, better to B with Lim orders"
11,"ORV up from 60ma and 50% PB, BP from 10 BL rev, but doji, at MA, prob MRV"
13,"LH MTR, DT 3, but prob AIL, LOM, BB. BLTR more likely than BLT"
15,"BP B but LOM, LP"
21,"DT LH MTR, BOM near H of day and after 18 bars, but TTR. Range only 4.75 pts so prob will get either new HOD or LOD"
23,"BR BO and FT, but weak FT, middle of TRD. BR need stronger FT, else PB from 12 BL BO"
27,"BP B, odds favor BO of 4.75 pt range, AIS, but NS. DB HL 9 but 8 BBRMC, BB2 or B BB with lim"
33,"DB 26, DB HL 9, but 14 BBRMC. Odds favor bigger range"
37,"DT 23, but 4 BLB, AIL, prob BB"
48,"DB, but doji, 13 BBRMC, prob will get new LOD, LP B. BR BO prob will F within 2 pts"
49,"F BO, but 14 BBRMC and doji. PL so ok swing B, but prob will remain TRD"
53,"BO above 36 major LH, AIL, but still TRD"
55,"f BO, BBRCH, ok swing S, but AIL, BB after reversal up from new LOD, stop below 49"
56,"F BO, 2LT 51, but AIL, BB after reversal up from f BO LOD. Prob will remain TRD"
60,"ET 26 36, 2es, but AIL, BB. Might test 53 BX L"
63,"H2 at ma, AIL, but doji, middle of small day. 70% chance 49 will remain LOD after BO above 36 LH, but still could just go SW"
66,"DB 53 L, W 57 63, AIL, should test 53 C, but then prob mostly SW"
72,"F BO, ET 26 36, ET 53 59, but 6 BLB, btw"
73,"big BRB, new LOD, but big tail, C above 49 L, not good STC, btw"
