BAR NUMBER,DESCRIPTION
1,"GU but bear bar. AIL, BB"
2,"bull IB, test OOW and GU, PL, but tail, small bar. OOW could be magnet"
4,"F BO HOY, PW 79 1, PH, but BLB, MRV, maybe to COY. Y had small range so poss OD day"
8,"big bear reversal, AIS, more down"
9,"ORV 60ma, deep PB from rally up from 73, might test 4 C since ok BTC there, but strong enough bear BO so SA. OOW magnet"
10,"CC BLB COH, BB, more up"
11,"3 cc BLB, AIL, but prob BDUC"
13,"LH, BRB, but BB. Prob SA around 4 L and 4 C"
14,"BP B, AIL, 4 C MGA, but 2 BRB, SA. STC BR from 8 will S to avoid loss. Prob soon TR for 1 – 2 hours"
18,"BP S, but BLB, HL, TR, BB"
19,"HL, MDB, AIL, but doji, prob TTR"
26,"Tri, BLB, DB 21 at MA, AIL, but TTR, LOM. Very steep Tri lines so prob SA for 1 – 2 hours"
29,"DT LH, but TTR, LOM"
40,"W 30 34, TTR, LOM so better to B at 34 L or 26 L"
48,"ioi at MA, but LOM, SA 45 36 29"
55,"W LH 42 49, but LOM, BB 46 40 19"
61,"f BO 19, LOM"
63,L1 but BB since bottom of TR
69,"W 62 65, BT 55, but just below MGA at OOW and at bottom of TR, just above 60ma"
71,"DB 64 at 60ma, OOW MGA, but LOM"
