BAR NUMBER,DESCRIPTION
1,"F BO Y TTR, PH, but just above MA, small bar, still in TTR, LP"
3,"ORV up from ma, MDB, PL, ok swing but small bars, still within Y TTR, HPW. Since quiet open and quiet Y, poss SPBL"
8,"w 1 4, f BO Y TTR 2es, 5t, PH. BOM since reversed up from below 1 and down from above"
16,"DB 2 at MA, f BO below W, AIL, PL, BOM, only 11t range so should get bigger and prob double, but TTR"
29,"F BO H of 1st 18 bars, but TC and only 20% chance new LOD. MRV, AIL, poss MMU from DB"
41,"W 18 36 but SPBL, LPS"
49,"failed BO, but SPBL, BB"
56,"BP B, room to MM tgta"
65,"W 8 49, but TC, TGTA, BB around MA"
73,"W 8 49, BX, within 1t of MM, f BO HLW and HOY, AIBLE, but since SPBL, not strong S. Prob limited UD for rest of day"
