BAR NUMBER,DESCRIPTION
1,"GD, ORV up from 60ma and LOY. BP S but at SP. Prob BB, btw"
2,"BP S but at SP, BB"
3,"ORV LOY and 60ma, 25% chance LOD, ok swing B"
7,"H1, AIL, MG 5, stop below 3, but bear ii at ma, LPB. DT 1 at MA, ORV, but BB"
9,"W ORV at MA, but doji, AIL, BB. Y was small range so poss OU. Y triggered weekly B so might trigger again by going again above HLW. Weak rally so might test 3 BSB H or 4 EB L"
12,"PW 1 5 8 10, f BO HLL and HOY, but BLB, AIL, LBL have not made money today, MRV. Might get deep PB and TR"
13,"BP B, AIL, G 13 L, G 8 L so poss SPBL, but BRB at HOY and HLW"
14,"BO, ATH MGA, AIL, SPBL"
19,"BX 17, MMT, but strong enough up for 2LU. Prob mostly SW for rest of day, even tho prob one more leg up likely"
21,"BP B, AIL, but small bars, poss TTR. CBX, MRV, BB, LPS. BR not making money even with lim orders so too early to S"
24,"DB, and a measured move up"">DBBF 19, AIL, ok B, but prob 1 – 10 bars up and then TTR or TR for rest of day"
27,"H1, ii, AIL, but prob BL will start to scalp, expecting PB and TR. Too early to S"
30,"CC strong BLB but CBX. Still BTC, but prob PB soon so can only B if WSS"
31,"H1, BTC, but bear IB, DBL, AIBLE, poss SA and TR soon. maybe brief 2LU from 30 BO, then PB into TR"
33,"CBC, 2LU 30, PW channel after 17 BO, prob TR, AIBLE. MRV, but might reach 24 L before testing back up"
37,"BP B but 4 BRB, 2LD likely so SA for test MA or 24L"
38,"BO, but 20GB B, C at MA and not below, prob BLTR. Might get 1 more push down to 24 L or HLW. Prob AIS but prob BRTR"
45,"F BO, test ATH, bull ii, but STC BR will scale in Hr. BB2. Prob TR for test of day with L around HLW or ATH, up to 40 SX H or 38 H"
47,"L1 but prob FF, BB around 17 L and HLW"
50,"W 23 43, test HLW, AIBRE, but still AIS"
53,"DTBF 47, AIS, but at SP so prob TR soon, poss FF"
57,HL but MRV
61,"DT 52, ioi, but BLB prob FF, TR for rest of day"
68,"OU, 60 ma, HLW, HOY, FF 52 60 DT, AIBrE, but TC, may bulls want 2nd entry"
69,"ioi BRF, AIS, but prob BB around OOD."
71,"poss STC, but starting too early so prob will not last to EOD"
74,"F BO LOD, BLB, AIBRE, ok B scalp, but big risk"
