BAR NUMBER,DESCRIPTION
1,"GU, just below ATH, but BRB, F BO HOY, PH, but small bar and tail, SS2"
2,"H1 but doji after BRB, far above MA, BB2"
3,"OD, MDT, L2, F BO HOY, PH"
8,"BL ioi at MA, H2 but tail, LOM, BB2, still on 3 S"
10,"LH MTR, but 3 BLB, BOM"
17,"DTBF 16, but apex of Tri so 50% chance of F BO"
18,"f BO below Tri, DBBF15"
22,"L4 16 then 19, DT LH 9, but BDGU 16, AIL 15. Still in BOM"
25,"BP B, PS BO and MMU to ATH"
26,SBU
27,test ATH so PS DT. AIBLE 4t below BL bar or 1t below BRB
28,"HH MTR, FF 18 tri, PH, AIBLE, SS2"
30,"3 CC BRB (1 doji), big bodies, PP AIS"
32,"BBRB, bulls giving up, AIS, STC, PS MG"
38,"BR ii, COL, PS FF, 60ma MGB"
39,"BBRB late in BTR after ii PS FF and at 60ma SP, PP PTG soon and MRV up to MA"
40,"BL IB, FF 38, SX at 60ma, AIBRE, but tail, MRV"
43,"SBU, AIL, but tail so PP BDUC. BB"
45,"HL, AIL, but TR likely and FOMC report soon"
49,L2 but still AIL and on 45 B. btw until at least 10 min after 11 am FOMC report
55,"Big OU, still AIL, should test 27 C since BTC BL had not chance to exit breakeven"
56,"DT at ATH, but doji, AIL, SS2"
60,"OD, MDT 56"
62,"huge BRB but at 60ma, not good STC"
63,"BBLB, W and ET 7 39, AIBLE, ok B for MRV to above 55 L of last hour"
66,"L2 at MA, COL, but BDUC"
68,"HL DB 63 at 60ma, MDB, W 7 39, but tail, LRP"
70,"DTBF at MA, but 3 BRB"
