BAR NUMBER,DESCRIPTION
1,"BGD. DB LLY and LOY, PL, COH, but HPW for 2nd cc BLB."
2,"CC BLB, PL, AIL, but a lot of OL, TRO likely"
3,"L1, PH, but PP BB since CC BLB, far below MA"
5,"BO, AIS, triggered S signal on daily and weekly chart, but odds favor PB within 5 – 10 bars"
8,"PW 1 6 but tail, PL MRV. AIBRE"
9,"COY, PL, but MRV"
11,"PW 2es but doji, TTR, BB, SA. Still on 8 B for PL"
13,"oo, PL, still on 8 B, but doji, TTR, BB2"
14,"COH but small bar, TTR, BTW"
16,"L2 10, AIS, but TTR, LOM, BTW"
18,"HL MTR, AIS, still on 16 S, but TTR, BB2"
30,"SPBR, PP SA 29 and BR will STC. BL need cc BBLB or big BO above MA. LOM, BB LOD, SA H of prior bar"
31,"L1, but tail, BRD 30, PP BB and below LOD"
34,"DB 29, COH, AIBRE, PL, but SPBR, HPW."
35,"DTBF 31, AIS, 2800 BRN MGB, but bottom of BR CH, PP BRTR, BB LOD"
40,BBLB just below MA so STC since BR CH
41,"L1, MDT 38, AIS, 2800 MGB, but PP BB LOD"
42,"CC BBRB, STC, but still BR CH so PP only 1 – 2 more bars down before next bounce"
45,"EG, but small doji, BB2"
47,"EG BB2, PL"
49,"MW just above 2800, should go at least 1t above MA today since that happens 99% of time"
51,"EBRT, DT 40, COL, but slightly more likely 2LSU"
52,"H1, BL want test of start of CH at 15 H and OOD, AIL, but tail, not yet strong"
54,"BTC, but PS BLTR"
56,"W 46 50, DT 30, MRV, but AIBLE 6 – 8t below"
58,"DB HL MTR, OOD MGA, PS BRT 57, AIL, but doji"
59,SBU
61,"W 50 56, but tail, OOD and LLY MGA, PP BB"
62,"H1 but tail, BRB 61, PP SA, but AIL, BB2"
64,"H2, OOD MGA, but TR, better to wait for breakout or 2nd signal. Low probability, bad for stop entries."">BBBR"
66,"H1 but BRB, LBRM, SA. W 51 56 60, COL, but MRV down to MA or 63 L or 58 L"
68,"W 2e but doji, just above MA"
