BAR NUMBER,DESCRIPTION
1,"BLB, AIL, but tail, top of Y TR, BB2"
3,"3 cc BLB, AIL, but top of Y TR, tails 1 2, btw."
4,"Big OD, but 3 BLB, still AIL, BB2, SS2, TRO at top of Y TR"
5,"DB 1, COH, PL"
8,"COH, AIL, BTC for test HOY and 60ma"
12,"L2 3 but doji, 7 BLB, BB"
14,"H1, but PS W"
16,"PW 4 13, COL, PH, AIBLE"
18,"DB, and a measured move up"">DBBF 13, AIL, 60ma MGA, but TTR, W top, PS SA, NS"
21,"18BO, SBU, BO above W, AIL, MMTA"
24,"W 4 15, MMT, 60ma, COL, PH, AIBRE, but HPW2S"
25,"COH, still BTC"
27,"H but BRB, SA, PP W and then TR"
29,"PW 23 26, but doji, SPBL, BB"
30,"H1 but BRB, W, SA"
32,"OD, MDT, AIBLE, PP PB to MA and then TR"
37,"20GBB, WBLF 32 34, but TC, MRV, TTR likely"
39,"LH but AIL, MRV, PP LOM"
43,"small SBU, PP will get new HOD"
50,"HH MTR, ii, MDT 45, but 10 BBLMC, SS2. 49 is ii late in BLT so PS FF, MW 45 47"
54,"HH MTR, MW 47 51, should test MA again here or soon, AIBLE, might test 37 L and 60ma"
55,"SBD, but BL want EBLT"
56,"BLB COH, EBRT, but middle of TR 24, NS"
60,"LH MTR but 4 BLB, SPBL, SS2"
61,"H1 but 2 BRB, need stop below 56"
63,"LH DT 2es, PH, NS"
65,"SBD and FT, AIS, unlikely to be 2nd EBRT or 2LT 55, but bottom of TR 24 at 60ma"
66,"2LT 56, but 2nd SBD, LRP B, PP more TR"
69,"LH but 3 BLB, bottom of TR, LOM"
