BAR NUMBER,DESCRIPTION
1,"BGD. PL, but tail, just above GX L, PP TRO"
2,"CC BLB, AIL, BB, but tail, TRO"
3,"H1 but BBRB, LOM"
5,"IB so H1 but tails, PS W, LOM, SA"
6,"L2, but 3 BLB, BB"
7,"BRB, but tail, LP S, TRO"
9,"DFU, might be OU day"
11,"H1, 2LU likely"
13,"W 6 10 but doji, BB"
14,"H1 but BRB, PS W 10 13, PB likely soon. PS OU day"
18,"W 10 13, AIBLE, but MRV, doji so not strong S"
20,"H1, DB, and a measured move up"">DBBF 14, should get BO GX H and PP HOY, AIL, COH, but need WSS since PP 2LSD after W"
22,"3 CC BLB, COH, BTC"
28,"DB, and a measured move up"">DBBF 26, should go above HOY, but 2 BRB so PP PB soon"
32,"CCT, PW 18, now PW 25 29, F BO HOY, BX, AIBLE, might get 2LD to MA soon. BLB and TCH so LPS, and MMTA"
36,"H1 but 3 BRB, CCT, BB2"
39,"DB, and a measured move up"">DBBF, but TR 25, might be SA for LH. LOM"
41,"L2 LH but TR, better to wait for breakout or 2nd signal. Low probability, bad for stop entries."">BBBR just above MA and near bottom of TR 25, LOM"
48,"WBLF at MA, COH and at MA"
55,"DT MTR, but SPBL 47, MMTG, 10 BBLMC, BB"
62,"H1, SPBL, MMTA, but weak rally so PP not much Hr. OD day so HOY is MGA at OD"
66,"FT after SBD, HH MTR but PP MRV, HOY MGB"
68,"EBRT, BL ioi at MA, but 3 BRB, PP SA and 2LSD"
