BAR NUMBER,DESCRIPTION
1,"odds favor rally for a few days since CCB on 60 min. BO HOY, COH, ALI, BTC"
2,"CC BLB, COH, BTC"
8,"8 BBLMC, doji, BB"
9,"H1, SPBL"
14,H1 but CC BX 10 12 so PS PB soon
16,"H1 but BRD, PS SA"
19,"OD, PW 13 15, but SPBL, SS2, PS BB"
21,H1 but might get 2LSD after PW
24,H1
28,"W 19 23, 2BR but SPBL, better to only S with lim orders and not stop orders"
33,"H1, but just below last Friday’s BX H, which is TGT for this rally"
35,"f BO last Fri H, 2BR, but SPBL, SS2"
39,"CC BBRB, more down, but BRTR"
41,"20GBB, but 4 BRB, SA"
42,"L1 but AIL, PB to MA, BLB, PP BRTR, BB"
44,"H2 42 but TC, PP LOM, SA"
47,"LH MTR, OD, but 3 BLB, bottom of TR 14, BB"
56,L1 but TTR late in BRT so PP FF. still PP AIL
57,"FF, COH, DB 220, W 43 53"
64,"DT LH MTR 47, OO 63, ioi, COL, 20% chance of swing down below 57 NL"
65,SBD
69,"L1, AIS 68, but doji, testing 10 BX L and 50% PB, weak BR, PP BB"
