BAR NUMBER,DESCRIPTION
1,"BGC. PL, but tail, 4 cc days where 1 was LOD so PP 1 will not remain LOD"
2,"BBLB COH, BTC, but PS W rally to MA"
4,"4 cc BLB, PP BB, but tails, should test LOY and odds favor new LOD at some point, btw"
6,"F BO LOY 2eb, PL, but tail, BBR2, LOM, LOD MGB"
7,"DT but 6 BLB, AIL, BB"
10,"DB HL MTR, oo, PL"
11,"CC BBLB, BTC"
13,"L2 4 at MA, PH, but 4 cc BLB, SS2"
15,"H1, COH, BTC, BL want OD like Wed and last Fri, but PP will not get above HOY, PS W 4 12"
17,SBU
18,"tail, not good BTC"
21,"f 18BO, but doji, 7 BLB, SS2. PP BB, but BX, BB2"
22,"OD, AIBLE, PH 26 3 BRB, more down, but BB since BTC BL20 never could exit without a loss"
29,"BBLB COH but 10 BBRMC, BB2"
31,"L2, but PP BB and around 60ma and 14 BX L"
34,"H2 29, SBL will B but tail, TC< BB2"
38,"DB, should get to MP of this B and the 20 BTC B"
39,SBU
42,"W 35 40, but not to tgT so BB"
47,reached MP of 20 BTC B and B above 38 so PP PB from PTG
49,"BBLB, DB 41 but SCB from 39 so TR likely, LOM,"
63,"H2 49, but dojis, TTR, LOM, BTW"
67,SBD
71,"DB HL 10, MDB, but tail, BRB 70, BB2"
74,"COL, ok swing S for test LOD. BL want DB 10"
