BAR NUMBER,DESCRIPTION
1,"broke below LOY so triggered OO S on daily chart, but C above LOY, MW 79 81, small bear bodies, PP TRO and SU to MA"
4,"COH, 3 BLB, AIL, BTC but PP BLTR, stop below LOD"
11,"ii, 11 BBLMB so BX at MA, BRB 10, PP SA and BB, but might test 1 H since BR BSB"
12,"MDT after BX to MA, AIBLE, PH"
13,H2 11 but PP will test 1 H
16,"doji FT after 15 BR BO, but PP still AIL. Might test 1 H and LOY"
18,"cc BRB COL, AIS, but PS TRD, SS2"
19,"HL MTR, COL, AIBRE, but 6 BBRMC, BB2"
21,"L1, AIS, but 2 BLB, bottom of TR, NS, BR might need L2"
22,"SBD, 18BO"
24,"F BO, but BRB, SA. AIBRE 4 – 8t above or above BLB"
26,"L1, might fall below LLW for OD, but TR, better to wait for breakout or 2nd signal. Low probability, bad for stop entries."">BBBR, MMT just below, PS FF"
28,"PW 19 25, W 1 24, just above LLW and 2900 BRN, BLB, AILBE, PL"
29,"L1, TGTB, but SX, PS PW 24 28, PP BB 28 and LLW 2899"
30,"MDB, COH, PL, AIBRE"
33,"L2 29 but strong BLB 28 30 32, PW, PL, PP BB, should test MA and PS 25 SX H, might get back to OOD for DD"
35,"BO, AIL, PS MG"
36,"more bad FT after BBLB, PS BLTR"
38,"CC BLB COH, BTC, but at MA, and PS BLTR, might get DB 34 HL MTR"
39,"W 32 35 at MA, OD, AIBLE, but still AIL, 30 will PP remain LOD, SS2"
40,"H1 after OD, like 13, AIL, but stop below 30 since PS BLTR, BB2"
42,"DT 25, MDT, L2 at MA, 34 BX L MGB, but TTR, tail, LOM, NS"
44,"H2 40, HL MTR, BT 30 AIL, 1 L and OOD MGA, but top of TTR, TR, better to wait for breakout or 2nd signal. Low probability, bad for stop entries."">BBBR"
47,"f BO, AIBLE, but doji, 3 BLB, OOD MGA, SS2"
49,"H1, AIL, but BRB, BB2, PS SA and above 47"
51,"W 39 47, COL, AIBLE, but TC, MRV, day will PP C around OOD for DD"
54,"2es but doji, TTR, LOM"
55,"Tri 49 52, above MA, AIL, OOD MGA, but TTR so LRP"
60,"W 25 50, W 39 50, Tri FF, AIBRE, should fall below 37 H since TR since 25, but just above MA and back in TTR, LPS"
63,"DB 55, but doji, 3 BRB, still on 60 S for test 43 L"
64,"SBD, either MG or BRT"
65,"EBRT, AIBRE, but TR, better to wait for breakout or 2nd signal. Low probability, bad for stop entries."">BBBR, BB2"
66,"L1 but BBL 65, SS2"
67,"EBRT 2eb, but PS DT 66, NS"
68,"L2 66 at MA, but 2 BBLB, TTR, NS, btw"
