BAR NUMBER,DESCRIPTION
1,"BGD. just above GX L so MGB, but doji, PP BB"
3,"F BO LOY, COH, PL"
4,"GD L2, but BLB, strong BLB 3, SS2, PP BB and TRO"
5,"GD H2, PL, still on 1 B, but BRD"
10,"H1, AIL, 6 BBLMB, but doji"
11,"C above 9 so PS MMU, BTC"
12,"W 1 4 6 9, MA, LOY, but BLB, SPBL, BB"
14,"W, BRB COL, MA, LOY, AIBLE, but SPBL, MRV"
17,"H1, AIL, BT 9, but 4 cc BRB, BB2, PS SA"
18,"H1, COH, AIL, but 4 BRB, PS TTR, BB2"
19,"DT at MA and LOY, PH, but TTR, AIL, SS2"
23,"WBLF, HL MTR, but LOM, TC, 3t tail, PB MRV, BB2"
27,"F BO W 23, HL MTR, still AIL, but PP MRV in TRD"
29,"DTBF 25 in BRCH, COL, but LOM, NS, PS BB for PB after HL MTR"
30,"BP B, AIL, but doji, TTR 21"
35,"DT 25 at LOY, L2 29, but TTR 7, MRV"
36,SBD
39,"BP S, 26 L HL MGB, but bottom of TTR, LOM"
44,"nested H2 37, 27, f BO TR, but 4 BRB, BB2"
51,"L2, LH, but TC, SS2"
54,"DB 47, COH, but top of TTR 44, C just below MA, NS"
57,"BP S, DT 55, but doji, just above top of TR 43. BR want COD below OOD for BRB on daily chart after 4 cc BLB"
63,"L1 after B below W 26 43 61, SBD, AIS 62, PS MG 62, but BLB 63, 2LD 62, PS BB"
65,"MDB 62, AIBRE, but 9 BBRMC, tail, BB2"
67,"COL, LOD MGB, but W 62 65, OOD MGA"
69,"F BO LOD, W 62 65, OOD MGA, AIBRE 4 – 8t above BRB"
