BAR NUMBER,DESCRIPTION
1,"small GU so PP will close gap in 1st hour. Tail, far above MA, LOM"
3,"f BO HOY and 60ma, cc BRB, but tails, LOM, btw"
6,"H2, PL, but PS FF. TTR so LP"
8,"f BO HOY 2es, PH, AIBLE, but still on 6 B unless BO below 5"
11,"DT 4, L2 8, PH, f BO HOY and 60ma, but tail, still on 6 B, SS2"
12,"H1, AIL, PS MMU, but doji at top of TTR, PS FF"
14,"weak FT after 13 BO, but MMTA"
16,"BRRB, PW 10 13, MMT, FF 12 TTR, PH, AIBLE, but TC 10, T1B, PS BB, SS2"
18,"PW 10 13 15, PB, but BLB, SS2"
19,SBD
20,"H1, T1B and SPBL, but SBD 19, Rev at 18, BB2. PP will get test of open late in day. Now, FF, but might get one more leg up to W top"
23,"H2, AIL, 2LD from 19 SBD, but BRB, TTR 16, LOM"
25,"DT LH 22, FF 12, but TTR, just above MA"
30,"BT 11, PB to MA, BT 6, W 19 23 25 27 27, might test 22 LH, but TC, SCBR, tail, EPB, BB2"
37,"DT 22 LH MTR, but TTR, NS"
39,"BP B, AIL, but 5 BBRMC"
42,"H1, but just below DT. 50% chance of BO and MMU, 50% chance F BO. Even if new HOD, odds favor test of OOD since TRD, Y was weak B SB, and there were 5 cc BLB on daily chart in TR"
50,"H2 above MA, AIL, but TTR, PP limited upside. Still PP will test OOD before EOD"
53,"F BO but 1t BRB, SS2"
56,"ooo, W LH MTR 34 47, S signal, but TTR, SPBL 39, just above MA, SS2"
58,"COH, holding above MA, SPBL, HOD MGA, but lots of TTR PB, PP not much reward"
61,"f BO, LH MTR, W 34 47 52, OOD MGB, but SPBL, SS2"
62,"H1, SPBL, HOD MGA, but doji, small bars, lots of TTR PA so PP not much HR"
64,"MDT, LH MTR, W, OOD MGB, AIBLE"
65,SBD
67,"4 CC BRB, BBRB, AIS, OOD MGB, SA, but PS TTR since back in 50 and 37 and 24 TTR"
69,"L1 but 2 BLB, TTR, SS2, PS BB for EBRT"
72,"DB 67, EBRT, but TTR, BB2"
