BAR NUMBER,DESCRIPTION
1,"BGD. F BO LOY, BBLB, PL, but 4t tail, BB2, PP SA. After 6 cc BLB on daily chart, today will PP C below open and form bear bar. 60 min HSB and DDT so BOM. FOMC minutes 11 am"
2,"BBRB, BPS, PH, but far below MA, BBLB 1, SS2"
4,"F BO LOY 2eb so H2, PL, but 3 BRB, BB2"
5,"SBU, AIL, but need stop below 4"
7,"L2, OD, should test 4 H since bad B SB"
9,"DB PB, HL MTR, AIL, 2LU likely after SBU, but 3 BRB"
10,"huge bar, but big tail and C below MP and below 7 H and bot MA. BUDC, need more information"
11,"BLB IB, COH, BP B, but big tail 10, 11 might be PB in REVD, BTW"
12,"BR IB, COL, W 2 7, PH, but BBLB 10 11, SS2"
13,"SBD, AIS, day should C below the open so PS BR TD, might be STC, but PB TR after many reversals, big bars with big tails"
15,"BR IB so L1, AIS, but tails, PS DB 9. DB 9, but 4 BRB, AIS, MRV, might get LH around MA"
17,"L1, AIS, might get MMD from 12 to 14 L, but still in TR"
20,"F 18BO, but 4 BRB, MRV"
21,SBU
23,"H1 but BRB, TRD, SA but maybe around 12 LH"
25,"DTLH MTR 12, BBRB, but AIL, MRV, might test 24 BX L, 14 L, or 20 BSB H"
27,"H1, AIL, but 3 BRB, SA, BB2"
30,"iioi, COH, AIL but top of TTR, Tri 10 12 25 LH and 29 HL, within Tri on 60m so BOM, LOM, BTW"
34,"ioi, COH, AIL, but TTR 27, NPS since reward smaller than risk"
40,"HL MTR, W 33 37, but doji, 6 BBRMC, small bars, TR PA, BB2"
45,"NW, PW 33 37 40, W 4 20, but TC, PP MRV"
46,"L1, but CC BLB, NW, BB"
48,"L2 but BLB, PP BB. Report 11 am"
51,"BO, AIL, PS MG, but report at 11 am PST"
54,"DT 31 at 60ma, PW 48 51, but FOMC minutes just came out, BTW 10 min. odds still favor C below OOD for bear body on daily chart, unless big rally in next few bars"
57,"ST 31, MDT, OOD MGB, COL, but TR, better to wait for breakout or 2nd signal. Low probability, bad for stop entries."">BBBR, middle of TRD so LP, LOM"
60,"H1, Tri 54 56, AIL, 10 H and HOY MGA, but TRD, PS DT 25"
62,"BO 25 and FT, more up, but TRD"
64,"F BO 25, but 4 BLB. AIBLE 4 – 6t below, but still AIL so PS BB. W 48 54, OOD MGB, but TC, 4 BLB, SS2"
67,"2es, OOD MGB"
70,"H2, but BLD, still on 67 S. AIBRE, but BB2 since OOD MGB"
