BAR NUMBER,DESCRIPTION
1,"BGD. BGBRB, T1BD, PH, but BRBR"
2,"CC BRB, STC"
6,"MDB 4, but tail, 6 BBRMC, PP SA, TTR"
8,"L1, May 15 BX L TGTB, but TTR, TR, better to wait for breakout or 2nd signal. Low probability, bad for stop entries."">BBBR, PS FF"
11,"FF 8, f BO LOY 2es, H2 6, PL, but tail, lots of TR PA, PP MRVU"
12,"SBU, AIL"
15,"DT 5, BRB, but 5 BBLMC, AIL, BB"
16,"H1 but tail, PS W"
18,"W 7 15 at MA, LL DT 1, PH, AIBLE, ok swing but BDUC"
19,SBD
23,"PW 19 21, but 6 BBRMC, PP SA"
24,"LH at MA, but BLB, middle of TR, LPS"
27,"COL, OK Swing S"
28,"W 15 23 but doji, BB2"
30,"cc BBRB, 18B, SBD"
31,"ET 5 11, f 18BO, PL, AIBRE, but SBD 29 30 so PS SA"
32,"BP S, AIS, but doji, PP BB and below 30"
35,"ET 3eb but BRB, BB2, PS SA"
37,"L2 33, but tail, TTR, PP BB"
40,"Tri 33 37, near MA, AIS, PS MG below 28 W, but tail"
41,"SBD but biggest BRB late in trend so PP EG, then BL BO above BR CH"
43,"CC bottoms W 28, then BR BO, then W 30 34, PL. PP 2LSU at least to MA and 41 SX H"
44,"L1 but cc BLB, TGTA, BB"
49,"H1, AIL, but tail 48, back in TTR 40, PS BLTR"
51,"20GB S, DT 40, L2 44, AIBLE, but TC, tail, MRVD"
53,"HL MTR, but doji, BBRB, BB2, might test 46 L"
55,"LH at MA, 46 HL MGB, but BRTR"
57,"DB 46 HL MTR, but more TR more likely"
59,"DTBF 55 at MA in BRCH, but 3 BLB, still on 57 B, SS2"
61,"DB PB, but TR, better to wait for breakout or 2nd signal. Low probability, bad for stop entries."">BBBR, at MA in BRCH. BP S at MA but TR, better to wait for breakout or 2nd signal. Low probability, bad for stop entries."">BBBR, bottom of TR"
69,"F BO 43 2eb, COH, might get EOD PTG"
