BAR NUMBER,DESCRIPTION
1,"BGU. Test of OOW and 60ma. OOW PP MGN all day since today is Fri and week so far is doji IB on weekly chart. Far above MA but at RS, BB2"
2,"F BO HOY, exact test OOW, test 60ma, COL, PH"
5,"IB so L1, CC BRB so AIS, room to HOY and MA, but PS W 1 4, small body, tail, LPS"
6,"W 1 4, COH, P, but PP MRV"
8,"COL, still on 2 S, AIS, but just above HOY, OOW MGA, PP LOM, LPS"
11,"L1, DT 7, AIS, HOY MGB, but tail, TTR 4, BTW"
13,"20GB B, LBLM, but doji, TC, EPB, SPBR, still AIS"
14,"L1, AIS, SPBR, but 2 BLB at MA, LOM, PP BB, SS2"
16,SBD
17,"CC BBRB BO, but late in BRT so EG. 60% chance of at least small 2LD, but PTG here or soon"
18,"SX, 50% PB, AIBRE above BLB or 4t above BRB, but BB2, PP SA"
19,"L1 but doji, SX, in B zone around 50% PB, COY, and MMD. BUDC, PP BB"
22,"2LD, AIBRE, TTR 18, PP TR soon so swing up"
25,SBU but PP MRV
30,"PW 20 26 at MA, BRB, but 9 BBL MC, room to 16 SX H, BB"
31,"H1 but TR, better to wait for breakout or 2nd signal. Low probability, bad for stop entries."">BBBR, TTR 26"
32,"2es but tails, SPBL, SS2"
35,"HL MTR but 3 BRB, BB2"
36,"cc BLB, COH, BTC"
39,"DBL but BB, SS2, 2LU likely after BTC"
41,"H1, but PP FF"
43,"L4 20 32 39, TRD 2es, but PP MRV. Should dip below 32 H BOP"
46,"H1, but PP will fall below 32 H since TRD and LBR should make money, BB2"
49,"H2, but doji, room to 32 H, MRV"
53,"LH, should reach 32 H, but 5 BLB"
54,SBD
58,"H2 48 but 4 BRB, room to 34 BX L, BB2"
66,"DB 60, AIL, but TTR, tail"
69,"W LH but TTR, tail, AIL, btw"
71,"DB 65, AIL, but top of TTR, NS"
