BAR NUMBER,DESCRIPTION
1,"BBLB, BR TL above, AIL, BTC, but TR, better to wait for breakout or 2nd signal. Low probability, bad for stop entries."">BBBR"
5,"Test HOY, PH, BR ii, but tail, 5 BBLMC, BR TL MGA, SS2, PP BB"
7,"H1 but 3 BRB, SA, BB2"
8,OD so SBD
9,"BR FT, AIS, but BUDC"
12,"ii, PP will go below L of last hour to trigger 60min S signal and PP will go below LOY for OD. PS deep PB from 4 BTC so MGA"
13,"SBD, either MG or EG"
14,"EG, AIBRE 4t above"
15,"L1 but BLB, PS BB"
18,"OU, f BO LOY 2eb, AIBRE, PL, but tail, TR, better to wait for breakout or 2nd signal. Low probability, bad for stop entries."">BBBR, BB2"
19,"SBU, but tail, 60ma. BDUC. LBL 4c should be able to avoid loss is scale in, so should bounce higher at some point today, but 18 is not strong B SB"
22,"W 15 19 at 60ma, MRV, TR likely"
24,"STC, but PP BB 18 since TR PA"
26,"W 1 18, PL, LL MTR, ET 14 18, f 18BO, AIBRE, but PP MRV"
28,"LH at MA in BRCH, still AIS, but tail, PS HL and 2LU from W 25"
30,"HL after W, 2LU, but PS SA 21 H since then ET top. average entry price for BTC B 4 who scaled in above 26 is just above 21"
32,"L2 28 at 60ma, LH in BR CH, but many big bull bodies today so good BGP, PP SU, PS BB"
34,"H1, AIL 31, TGTA, but BRB"
37,"DT 21, so 40% chance of swing down. W 27 33 35, OD, 27 H BOP MGB, but tail, AIL, MRV"
40,"DB 18 25 HL, but tail, TR, better to wait for breakout or 2nd signal. Low probability, bad for stop entries."">BBBR, TTR 32, BB2"
41,"L1 after DT S, but PP MRV"
42,"C below 29 C so close of BDGU, TR likely, but BR want BO below 25 L NL of DT"
49,"SX 48, DB HL 25, but 10 BBRMC, SA, BB2"
52,"L1, but just above LOD, NS. Might test Fri L"
54,"L1, PS MG 55"
57,F BO but BRB
58,"L1, room to DT MMTB"
62,"L2, getting close to MMTB"
63,"BBRB, SX, just above MMT, PS EG"
64,"L1, but SX, BLB, just above MMT, PS BB"
66,"L1 but BLB, might get PTG soon"
68,"L1 but BLB, PS PW 63 65 67"
69,PW but BRB. AIBRE 4t above. BL will start to B if get BLB with COH or 2eb
