BAR NUMBER,DESCRIPTION
1,"BGD. Tail, PP TRO"
2,BBRL
3,"F BO LOY, PL, but tail, TR, better to wait for breakout or 2nd signal. Low probability, bad for stop entries."">BBBR, PP TRO"
4,"L1 but MDB, PP BB 3"
6,"f BO LOY 2eb, COH, PL, should test MA"
7,"MDT 4 but tail, on 6 B, BB"
13,"W 6 10, DT at MA, AIBLE, PH, but BLB, 6 BBLMC, SS2"
14,"BBRB, COL, PH, but BUDC, NS"
15,"cc BRB, AIS, STC"
18,"COL but bottom of TR, SS2"
19,"OU, but tail, 5 BRB, AIS, just below MA, PP SA"
21,"BBRB COL, STC for PP 18BO"
25,"f 18BO, AIBLE, but doji, BBRB 21 23, LPB"
26,"OD, SBD"
28,"L1, 2LD from 26 27 SBD, but BLB, PS FF"
30,"FF 28, COH, AIBRE, but TC, MRV"
34,"4 CC BLB, H1, room to MA, but PP MRV up after TC 29"
37,"H1, PS MG 36, but tail 36, DT 26, NS"
38,"DT 26, W 28 32 36 at MA, MRV up, but 9 BBLMC, PS AIL 37, should test above 36 H since 60 min 2nd B SB, SS2"
40,"MDT 38 at MA, DT 26, but TC 30, MRV, NS"
42,"SBD, closed BDGU 34 H"
44,"SBU, BO 60 min H, 43 HL MTR, despite 4 BRB"
45,2LT but MRV
47,"H1, AIL, PS MG 44 for test HOD, but stop below 43, BUDC"
51,"LH DT 45, but 5 BBLMC, AIL, PS MG 44, SS2"
55,"ledge 52, 80% chance BO below and then PB above"
58,"H2 54, DB 40, BGU 39, AIL, but doji, BB2"
59,"BP S after 56 SBD, but doji, still BDU, AIL, SS2"
61,"SBD, AIS, might test 43 L"
64,"L1 but BLB, PS DB 43, LPS"
65,"MDB, DB 43, but BBR, btw"
66,"DTBF 64, but bottom of TRD, NS"
68,"W 47 63, ET 63 65, HL MTR, ABRE"
