BAR NUMBER,DESCRIPTION
1,"BGU. Doji, PS TRO"
2,"CC BLB, AIL, but dojis, far above MA, BB2"
3,"OD but not big, just above HOY and 60ma, SS2"
4,"H2, PL, but not BBLB, PP TRO"
6,"L2 3, but BRD, PP BB, still on 4 B"
10,"BR IB, COL, PH, 3 cc BRB, AIS, but still BOM, bottom of TR"
12,"DB 4 near MA and 60mq, COH, PL, might test OOW 2942.00"
14,H1 but BRB
16,"still BTC, but tail so LRP"
17,"H1, OOW MGA, but doji"
18,"COH, TGTA, BTC"
19,"BBLL. H1 but BRB, PS SA. F 18BO, but 10 BBLMC, LPS, MRV"
20,"f BO OOW, F 18B, PH, but 10 BBLMC, MRV"
23,"H1, above MA, AIL, should test 19 C at some point, but 4 BRB, need stop below 11, BB2"
28,"LH, but AIL, MRV, 19 C MGA"
29,SBU
30,"DT 19 but SPBL, P BB for 2LU. Might get W 7 19"
31,H1
33,"H1, Y 60 min 11:30 am L 2947.25 MGA since bad S SB, but BRB, 3LU 39 32, PS W 7 19"
42,"DT in TTR, but SPBL, TGTA, SS2"
45,"DB 40, COH, TGTA"
51,"W 19 38, BR ii, AIBLE, PP MRV down to MA since no touch of MA today"
52,"H1 but above MA and MA PB likely soon, BTW to B after touch of MA"
53,"W 2es, AIBLE, MRV, PP will touch MA, but scalp only since 20GBB and BL will B reversal up from MA"
63,"WBLF at MA, AIL, SPBL, EBRT, 2BR, but tight BRCH, TTR 33"
66,"f BO 64, CC BRB, but more likely EBERT than swing down since SPBL"
68,"L1, OOW MGB, but BBLB, AIL"
