BAR NUMBER,DESCRIPTION
1,"last day of week and month. Increased chance of trend up or down in final hour. BGC. COL, GX L just a little LR"
3,"F BO LOY, but 3 BRB, SA"
4,"L1 but tails on 4 bars, far below MA, PS PW"
5,"PW, PL"
7,"DTBF 1, but cc BBLB, SS2, PP BB"
10,"HL, AIL, but tail, 3 BRB"
12,"H1, HOD MGA, but tail, TRO"
14,"DT near MA, W 4 7, PH, but doji, 4 BLB, TRO, LPS"
15,OL 12 but still BDG 7. TRO so might be more Brs than Srs
16,"SBU, OU, PS MG"
18,"H1, AIL, BR CH"
20,"H1, PP will reach MMTA"
22,"C above 19, BTC"
24,"6th BL Bar in BTC so PP PB soon, esp since near MMT from L to OOD"
25,"DBL, AIBLE, but PP MRV. Might take 2 hours to get back to 24 C"
27,"H1, AIL, but CC BBRB, SB down, tail, BB2"
29,"OD, more down, might test OOD and 16 L bottom of BL CH after 16 spike up"
33,"SC down, W 26 30, but doji, TC, OOD MGB, BB2"
35,"SBD, might test 16 BX L, but at OOD, PP BRTR"
37,"PW 26 39 33, 2LD after 35 SBD, test OOD and 18 PB L so in BZ, but TC, need WSS or BB2. Should reach MP of the B above this H and the 24 C where BTC BL bought, but might take 2 hours or more"
41,"DTBF 38 but PS FF, below OOD in TRD, BB"
44,"FF, should test MP of this B and 24 BTC B, but TR so PS SW 1st"
46,"DT 40 but PP will reach MP of BTC, BB"
48,"OO, but neat TGT. Might test 24 C"
51,"H1, ii, TGTA, but BRB, TRD, PS W 45 49, weak TE"
54,"H1 but tail, hit MP TGT, W 40 45 49 52, OOD MGB, MM2"
55,"SBD, AIS, test 43 H. OOD MGN for rest of day since TRD"
57,"COL, STC, but bottom 3rd of TRD so PP bounce soon"
60,"BR IB, L1 but TR, better to wait for breakout or 2nd signal. Low probability, bad for stop entries."">BBBR, bottom of TRD so LR P. BR want new LOD"
62,"Reversal up from just above LOD, PW 55 58, PS SX and sharp reversal back to OOD"
63,"SBU, should test OOD and day will PP end around OOD for DD"
66,"LH in BR CH, but AIL 63, MRV"
68,"HL MTR, but PP MRV since OOD MGN"
