BAR NUMBER,DESCRIPTION
1,"BGD. BBLB, huge BLB, PL, DFU, F BO LLW, AIL, 20% chance strong BLT, 80% chance TRO."
3,"L1 but doji, far below MA, BB"
5,"H1, AIL"
7,"L2 but far below MA, 4 BBLB, BB"
8,"H1 but 3LU, might get W"
11,"W, COL, AIBLE, PP MRV since TC and 6 BBLB COH"
13,"H1, AIL, room to MA, T1BL, but 3 BBR, W top, BB2"
14,"H1 but TTR, still on 11 W, BB2"
15,"2es, but TTR, BOM"
16,"H2, AIL, room to MA and 50% PB, T1BL, but TTR, PS BLTR 5"
21,"H1, AIL, T1BL, but TTR, at MA and 50% PB, BRD, PS W 11 17"
24,"MMU from open 1 to C of 2 BO, PS PTG soon. BL want to C GD below LOY"
26,DB 21 but PP SA for 2LSD after SBD
28,DT 24 but BLB. Should test 15 L since reasonable S setup
32,"H2 26, PP still AIL, but 15 L MGB, PP SA"
37,"DBBL 34, might test 28 L since bad S SB, but should reach 15 L at some point. Middle of developing TR"
39,"L2, 15 L MGB, but might test 28 L 1st"
43,"WBLF 25 31, PP AIL, but doji"
46,"DT LH 38 but 3 BLB, AIL, BB"
47,"H1 but doji, TR since 18"
50,"H1 TC, PS 2LU 48, but top of TR"
51,"LH MTR, MDT, but TC, PP BB around MA, LOM"
55,"W 38 49, MDT, OD, but TTR, SPBL, AIL, LPS, PP BB around MA and 52 L"
56,"OO B, HOD and 60ma MGA, but small bars, top of TR, PS FF"
57,"BO and FT, BTC, but top of 3 hour TR, small bars"
60,"ioi BLF, AIL, LOY and 60ma MGA, but top of TR"
61,"cc BBLB, PS MG, BTC for test LOY and 60ma"
64,"BTC but big bar after 5 bras in BTC, BTW since extreme Bx, PP PTG soon for MRV"
66,"BX, at LOY and 60ma, but still BTC, BLB, PP BB. Odds favor PTG soon after 7 BLB in BTC at RS"
67,"BRD, OD, AIBLE"
68,"F BO LOY and 60ma, BX, L2, PTG likely, but BLB, SPBL, MRV, wait to S"
