BAR NUMBER,DESCRIPTION
1,"BGD. COH, PL, PS AIL, but not very big and LLW MGB, BB2"
2,"CC BLB, AIL, but small bar, tail, BB2. L1, LOY and LLW MGB, but cc BLB, far below MA"
5,"H2 1, PS ID, but doji after huge BRB, BB2, PS W bottom around LOY if one more leg down"
6,"L2 but BLB, just above LOY, PS W, PP BB around LOY"
10,"f BO LOY and LLW, MW 5 8, COH, AIBRE, PL"
12,"still on swing B 10, but big OD, AIBLE, DTBF 6, 40% chance MMD below 10"
18,"L1, MMTB, but 3 dojis, LBLM, NS"
20,"F BO W 10 2eb, big OU, AIBRE, PL, but TR, better to wait for breakout or 2nd signal. Low probability, bad for stop entries."">BBBR, NS, BB2"
23,"DTBF 16 but BLD, LPS, PS BB"
24,"HL DB, PL, but tail, just below MA, BB2"
25,"DTBF 21 but CC BLB, TTR, LOM, SS2"
27,"MDT 25 at MA, AIS, but bottom of TTR, LOM, PS FF, btw"
31,"f BO LOD, FF 28, MW 29 30, PL, but 3 BRD, LOM, BB2"
33,"L1, COL, but PS BB and swing up, LPS. Selloff looks like BRTR so should get swing up, PS to OOD and HOD by EOD. Might instead enter TR"
34,"OU, PL"
37,"DT 25, but AIL, SS2"
40,"HL at MA, AIL, LLW and OOD MGA, but PS top of TR, weak rally, btw"
42,"DT 37, big BRB COL, DT 25, top of TR, PS TRSD"
43,"CC BBRB, AIS, STC"
52,"MDB 49, PW 44 48, AIBRE, PL, but TC, March 21 H MGB, MRV"
58,"H2, HL, might get 2LU, buy tail, just below MA, MGB"
59,"F H2, COL, MDT 56 at MA, MGB, but PS FF"
62,"W 31 51, just above March 21 H, PL, AIBRE, but 3 TR, better to wait for breakout or 2nd signal. Low probability, bad for stop entries."">BBBR, MGB, BB2"
65,"MDB just above SP, PL, but TR, better to wait for breakout or 2nd signal. Low probability, bad for stop entries."">BBBR"
66,"BRT, should test 64 H for SBR"
68,"HL DB, W 31 51, PL, AIBRE"
71,"WBRF 63 66 at MA, still AIS, but TR, better to wait for breakout or 2nd signal. Low probability, bad for stop entries."">BBBR"
