BAR NUMBER,DESCRIPTION
1,"GD, but PP 2LSU after Y big reversal up from March 21 H. might test again today. BBRB, but tail, HL likely, LPS"
2,"CC BRB but tails, HL likely. HL MTR but BRB"
3,"BBLB but tail, middle of Y rally, BUDC, PP TRO"
4,"DT 1 but CC BLB, AIL, TRO. Might test 2 H since bad BSB"
6,"H1 but TTR, LOM, btw"
7,"DT 4 but LOM, BTW"
9,"DB 6, AIL, COH, but top of TTR, NS"
11,"W 1 4, OD, but doji, TTR, LOM, BTW"
13,"3 CC BRB, AIS, but tail at 2 H from BR Bg back shorts. Still TRO"
14,"LL DB 6, HL MTR, but doji, 3 BRB, BB2, might test 2 L"
18,"SBU, BO, BTC"
20,"2LT, AIBLE, W 54 79, F BO, MDT, test OOW, but doji, SS2"
24,"BR IB, 2ES, but just above MA, many dojis"
27,"HL, BL IB, but CC BBRB, closed BGU above 11, 18 BX L MGB, BB2. TRD likely after 2LT 20"
30,"HST 11 20, 18 L MGB, but BLB, TRD"
33,"H2 27, but doji, 18 BX L MGB since TRD usually falls below SP before reversing up"
36,"small SBU, BTC"
37,"FT, BTC, but still PP BLTR"
41,"H1, but near top of TRD, OOW, 60ma"
44,"PW 37 39, LH MTR, BBRB COL, MDT 43, but TC, MRV, PP TTR, LPS"
51,"H2 but TTR, LOM, 50% chance 1st BO UD will reverse"
54,"COH but top of TTR, LOM, BTW"
55,"OD, but TTR, btw"
58,"F BO, H2 46, AIL"
61,"Tri 20 44, but 4 BLB, AIL, BB"
62,H1 but BRB
66,"WBLF 62 64, OOW and 60ma and HOD MGA but TTR and top of TRD"
67,"ET 61 64, W 55 64, but BLB, just above MA, MGA, SS2"
69,"COH, TGTA, but weak rally"
