BAR NUMBER,DESCRIPTION
1,"I leave early today and will not be here tomorrow. BDG. Mar 29 H is bottom of GU on daily and weekly chart, MGB"
3,"BBRB, COL, STC"
7,L1 but just above TGT
8,"PW 1 6, PL, but tail, just above MGN, BB2"
10,"MDT 6, room to MGB"
12,"F BO below bottom fo March 29 GU, PL, H3 W 5 8, but BRD"
13,"L1 but doji at S, P BB, AIBRE"
15,"W 1 8, W 6 8, 2eb, PL, but tail, TC, MRV"
17,"DTBF 9, COL, 40% chance swing down, still AIS, no clear bottom yet"
22,"Tri at MA, AIS, but tri late in BR so PS FF"
25,"f 18B, FF Tri, PL, AIBRE, but need BO above MA, else still AIS"
26,"LH but BLB, still on 25 B"
27,"H1, PL"
29,"5 CC BLB, AIL, but tail, top of TR, PS BLTR"
30,"2LT 26, F BO TR, BRB, AIBLE, but tail, AIL, SS2"
32,"H1 at MA, but 2 BRB, need stop below 24 since might get H2 or WBLF"
36,"BO above 18B after BO below, SBU"
37,"cc BBLB, BTC, PS TTRD"
39,"huge BR RB, BX, MMU from LOD to OOD, PS UTR in TTRD, AIBLE"
40,"H1 but doji, after BX, MRV"
44,"LH MTR, PH, but MRV, PP TTRD"
45,"H1 but still on 44 S, room to MA, PS LOM and SA"
46,"OD but just above MA, bottom of UTR, LOM, PP BB"
47,"DB, and a measured move up"">DBBF 40 just above MA, COH, but UTR room to MA, LOM, NS"
49,"Tri 40 47, DBPB 40, AIL"
50,I leave early today and will be away tomorrow
