BAR NUMBER,DESCRIPTION
1,"Y ended with PW and PS HH MTR. Bear doji, just below HOY, which is HLM and B SB"
2,"COH, H1, AIL, PL, should get above HLM, but C of 2017 and Dec 12 H are strong MGB and PP will be tested today"
3,"W HH BTL 81 2es but BLD, TTR"
4,"SBD, PP AIS, but need FT"
5,"H2 but small BLD after BBRB, BB2"
6,"H2, MDB, but dojis, LOM"
7,"SBU, BTC"
8,"cc BLB, BTC, but PS FF Y TR"
12,"W 66 81, COL, PH, AIBLE, but 7 BBLMC, MMTA, SS2"
19,"SX, HL in TR, test 6 H, PL, AIBRE"
22,"LH MTR, COL, but 3 BBLB after SX and HL, PP BB, SS2"
23,"OO, 16 H BX MGA, but tail so PP PB after entry"
24,"LH MTR, L2 22, but doji, OO 23, SS2"
25,"H1, AIL 20, OO 24, SX H MGA, but BRB"
31,"LH MTR, W 22 27, BLTR, but 4 BLB, SS2"
33,"3 cc BRB, SA, ps AIS"
34,"COL, 4 CC BRB, AIS, but TRD so PP BB 25, 23, and at 18 C where DBR will B back shorts"
36,"SX, test 18 C, COH, AIBRE, BB2"
38,"OD but bottom of TRD, PP BB and below 19"
40,"HL 2eb, but TR, better to wait for breakout or 2nd signal. Low probability, bad for stop entries."">BBBR, just below MA, still AIS"
41,"L2, COL, at MA, TGC, but bottom of TRD, still on 39 B, NS"
45,"WBRF below MA, COL, MGB, but TTR"
48,"WBLF 23 39, ET 36 39, COH, AIBRE, BB2"
51,"BBRB COL, TGB, but CH, BB 47"
52,"W 39 47, AIBRE, but doji, still on 45 S, BBRB 51, BB2"
54,"MDT 53, but BLB, BB 52"
55,SBD
57,"L1 bug doji, ps EG 55 so ps 1 more leg down, then rev up to OOD"
60,"W 52 55, EG 55, COH, odds favor test OOD since TRD, and 55 SX H"
64,BBRB at MA in BRC
66,"ET 56 60, COH, but 2 BBRB, BB2"
69,W and ET 56 60 2eb
