BAR NUMBER,DESCRIPTION
1,"GU, 2 day island bottom, but CBX 78, 7 consecutive bull bars on weekly chart so bear bar likely this week. BLD, GU, testing Thurs GD, SA"
2,"BRB, PH, but 2 dojis, LPS"
3,"BRD, TTR, MGA is Thurs L from GD, and MGB is ma and 60ma"
8,"H2 1, but TTR, still on 2 S after 3 CC BRB. BOM, LOM, BB2"
11,"SBD, BT 2 L, BO, but need FT since BOM"
12,"L1, PS MG down to 78 BX L, but BLB"
13,"OU, H2 6, CC BLB, PL, AIBLE, but still BDGD 9 C"
15,"closed BDGD 9, still on H2 B 13, but BRCH, tail, LOM"
16,"LH in BRCH, but BDGD closed still on 13 B, BB"
18,"HL after 13 OU, but doji, LOM"
20,"SBD, BO below 18b, but at 60ma, 50% PB, need ft"
21,"W 6 13, COH, F BO 18b, AIBRE, PL"
22,"CC BLB, AIL, but TRD likely to continue"
24,"DT 20 LH, BRCH, COL, AIBLE, but AIL, PP BB 1 – 2 pts below 24"
27,"HL after 21 W, AIL, ii, but 3 BRB, LOM, NS"
28,"Tri 16 24, 5t, but 2 BLB, LOM, BS"
30,"H2, AIL, F BO tri, HL, ps start of swing up to 10 H or HOD, but apex of Tri, LOM, NS"
33,"DTBF 24, DT LH MRT from Y, but tail, 3 CC BLB, AIL, BB 32, SS2"
35,"HL, AIL, COH, but TR, better to wait for breakout or 2nd signal. Low probability, bad for stop entries."">BBBR, top of TTR so LP, NS"
38,"W 24 32, LH MTR, COL, AIBLE, but still AIL. 3 BLB, LOM, SS2"
39,"H1, f W, but doji, LOM"
40,"W 2es but just above MA, TTR 36, btw"
41,"H2, BL CH, but 4 BWBLB, LOM"
47,"BR IB, COL, still on S below 38 W, but TRD, LOM, BB 35 29 20"
48,"CC BRB COL, BO, AIS, but TRD, BB 35 29, LOM"
52,"HL DB 20, 60ma, PW 45 48, H2 41, AIBRE, TRD, COL, but LOM, 10 BBRMC, BB2"
54,"L1 but 3 BLB at bottom of TRD, LOM, BB"
57,"L2, DTBF 50, but 6 BLB, bottom of TRD, LPS, btw, but GX L is MGB around 2700 BRN"
60,"BOM, BLD at apex of Tri 16 20 37 52, GX L and LOD MGB, 37 LH MGA, btw"
64,"SBD, new LOD, but TRD, BB 20. BR need FT for test of GX L and 2700, else F BO like 20"
65,"BLB, F BO LOD and 60ma, AIBRE, but tail, BB2"
66,"CC BLB, but tail, at MA, BB2"
69,"TT 57 63, but 4 cc BLB, BRD, BB, might test OOD since TRD"
