BAR NUMBER,DESCRIPTION
1,BGU
2,"BBLB, BTC, but far above MA, PP will start to pullback within a few bars"
4,"GU, I confirmed on CME site. Still T1BL, but only 20% chance of lasting all day. Might get PW, then PB to near MA. 4 BLB, BB"
6,"bear ioi, H1, HLW TGTA, but ps SA"
8,"H1, but BRB, BX, SA, should test MA but might get 1 more new H 1st. MDT 5, COL, PH, AIBLE"
9,"OD, MDT, PH"
11,"H2 8 but TTR, far above MA, LOM, BOM, BL want test HLW and BR want test of MA"
12,"BO below 9 and bottom of TTR, AIBLE, ok swing S but TTR, AIL, PP DBR will scalp"
16,"W 9 13, COH, AIL, AIBRE, PL, but TC and far above MA, NS"
18,SBU
20,"H1, COH, still BTC since 2LU likely"
21,"COH, still BTC, but far above MA and this might be end of 2LU from 18"
22,"MDT 19, W 7 19, COL, AIBLE, but 6 BLB, SS2"
26,"H2 24, AIL, SPBL, but 8t above MA so might have to get closer. PS FF and W 7 22, but SPBL so wait to S"
28,"W 23 25, but TTR, 7t above MA"
29,"COH, BTC, but ps W 7 22"
32,"W 7 22, PH, AIBLE, but TC, MRV, BB at MA"
35,"20 GBB, but 3 cc BRB after W, pp SA and above 31 for 2LSD, BB2"
39,"LH, HST, but only 4 bars down and up, TTR, MRV"
41,"DB, and a measured move up"">DBBF at MA, AIL, but TTR, LOM, TRSV"
44,"4 bars with trending closes so BTC, ps BL BO soon"
50,"BX, ET 22 31, AIBLE, but TC, 2LU likely, BB"
52,H1 but ps PW 38 50
54,"PW 38 50, W 7 31, PH, AIBLE, but tail, TC, SS2"
55,"W, BBRB COL, PH, but TC so MRV likely"
58,"LL DB 52, AIL, but 4 BRB, PW and W, BB2, ps LH and 2LSD"
60,"LH, ps test 40 TR, ok swing S, but TTR just above MA, TR more likely"
62,"H2 at MA, AIL, but TTR, W and PW so Lr P, NS"
63,"H2, OU, AIL, at MA, but TTR, W top, NS"
64,"LH, 40 TR MGB, but doji, just above MA"
68,"W 58 63, but cc BRB, BR CH, still on S 55, BB2. Might be AIS after BBRB 66 and FT 67"
70,"LH but doji after CC BLB, ps BB"
