BAR NUMBER,DESCRIPTION
1,BGU
2,"BBLB, BTC, but far above MA, PP will start to pullback within a few bars"
3,"BRD, still BTC, but PS SA, BTW"
5,"BX, MDT 3 4, C below MP, PH, AIBLE"
6,"CC BRB, PH"
8,"BRB, 5 BBRMC, AIS, but ps DB a round MA and then TR"
10,"DB 1 at MA, 5t, WBLF 3 6 8, PL, AIBRE, but 7 BBRMC, BUDC"
12,"LH, but 3 BLB above MA, AIL, BB"
13,"H1 but BRB in middle of TR, LOM"
15,"H1, but weak rally, top of TR, BOM, BB2"
18,"H2 15, AIL, but 3 BRB, Tri, BOM, BB2"
20,"DT 14 LH MTR, PH, BOM, but ledge top, just above MA, 20GB B at MA"
23,"BO and FT, AIS, STC, HOY TGTB"
28,"SX, test HOY, MDB, AIBRE, MRV, but PS TTRD so might get above 1 L and 10 L for AIBLM, might test 24 SX H"
32,"L1 at MA and OOD, but 4 BLB, MRV, TR likely, PS DD and C near OOD"
33,"HL but doji and BRB, LOM, SA"
36,"HL DB, PL, H2 33, might get back up to 20 H ledge, but MRV, NHEPS"
40,"LH DT at MA, ps BR CH, but BLB, TR, PS BB"
42,"Tri, COH, PL, PP AIL, but BOM"
56,"F BO, but 10 closes above MA, AIL, SPBL, PP BB, SS2. Very tight TR, btw"
62,"BP B, 18 C above MA so PS BO soon for test 20 Ledge"
63,"BO, need FT, BTC"
65,"shrinking bodies so weak BO. Ledge 20 MGA, OOD MGB"
68,"H1, 2LSU likely, ledge TGTA, but 4 dojis, 2 BRB, NPS"
70,"DT 65, but 2 BLB, SS2"
