BAR NUMBER,DESCRIPTION
1,BGD
3,"L1, COL, but tail 1, BB 1"
4,"DB at 60ma, PL"
6,"CC BLB, BBLB, PL, AIL, BTC"
9,"3 bars with tails, but AIL, 5 BLB. PS SA around 50% PB, MA, LOY"
11,"DT 1 at MA, BRB, AIBLE, but 8 BBLMC, BB"
12,"OU, more up, but PS W q qq"
13,"W 1 11, 1t f BO LOY, but BLB, still might get to Y ledge above Y 20"
14,"SBD, but need FT, still AIL"
17,"L1, BR iii, but still AIL, HL MTR. BUDC, middle of TRD, LOM"
20,"DB 14 HL MTR, MGA at 13 C for BTC BL, still AIL, but stop below 14 or 4 since still TTR just below MA"
24,"iii, but tails, AIL"
26,"H2 20, COH, AIL, ok B for test of 15 H and ps 13 C"
27,"BO, BTC for test 15 H"
29,H1 but ps DT 15
30,"DT 15, MDT, but 5 BLB, BB around MA and 50P"
31,"OO BLF, but at top of TR"
33,"ib, H1, AIL, after OO, 8 BLB, BTC"
36,"L1=2, PW 28 31, AIBLE, but MRV. Might test 34 BX L, 13 BOP, MA, and LOY, but BR PP need MDT"
39,"H1 but BX, TTR, SA"
40,"BX, 2es, but TTR, LPS"
42,"H2 but TTR and MGB, btw"
47,"W 39 42 but 3 BRB, TC and TTR, LPB"
50,"DT 43 LH MTR, but doji, PP BB around MA"
56,"H2 47 but TR, better to wait for breakout or 2nd signal. Low probability, bad for stop entries."">BBBR, BB2"
58,"DT LH PST to 11:30 often enters tight trading range and becomes Limit Order Market so failed breakouts are common"">MTD, but more likely BB. TTR so BOM, but AIL so BL BO slightly more likely"
59,"BP B, AIL, but top of TTR"
60,"LH MTR, but 4 dojis, TTR, MRV"
62,"BP B, AIL, but top of TTR, BB2"
65,"DT LH MTR 60, but tail TTR, LOM, SS2"
67,"BT 13, EBRT, AIL, ET 47 66, but TTR, tail"
68,"big OU BLD in TTR, still AIL, ET 47 49 56 60 66 68, btw"
70,"another ET B, but middle of TTR, huge RVD, btw"
