BAR NUMBER,DESCRIPTION
1,"Y was doji so weak B SB so PP SA HOY. BGU, above Wednesday’s ledge at 2761.00. odds favor PB within 1st hour to below that ledge top. BRB. GX H just above, SS2"
2,"H1, AIL, GX H is MGA, COH, BTC, but Wednesday’s ledge and HOY are MGB"
6,"ib, PH, Ledge MGB, but TTR, LOM"
9,"DB 1, still AIL, PL, but BLD, 6 BBRMC, TRO, PB SA around 4 H for DT"
14,"H1, BLB, AIL, but PP SA HOD for W 4 12"
15,"OD, W, PH, AIBLE, but TTR, NS"
18,"HL at MA, still AIL, BRB after BBRB, BB2"
23,"1t f 18B, WBLF 12 18, PL, COH, AIBRE"
28,"MDB 26 BLF, AIL 24, but tail, TTR"
32,"H1, BL CH, AIL, but middle of TRD"
34,"W LH MTR, but TC, PS BB, SS2"
35,"H1 but 2 BRB, SA, TTR 30, LOM"
40,"OD, LH DT, still on LH MTR S 34, but middle of TTR"
45,"BO and FT, AIS, PS MG, 6 BRB, SA, ledge top MGB"
46,"L1 but BLB, Bottom of TRD, BB. Still MGB at ledge top"
49,"HL 23, W 41 45, but TC, ledge MGB, LOM, PP will be DD"
56,"W 50 53, but TC, LOM"
61,"H1, BLB, F W, AIL, but most BO F, NS"
65,"H1, PS MG 62, but top of TRD"
66,"OO, but 65 is also ib. TTR, LOM"
68,"B IB, CC BRB, TRD so OOD is MGB"
70,"4 CC BRB, but bigger bar so SX, back in 61 TTR so PP BTC bounce"
