BAR NUMBER,DESCRIPTION
1,"BBLB near bottom of Y TR, AIL, but at MA and top of Y TR, PP TRO"
2,"CC BLB, AIL, but top of Y TR"
3,"ORV down from MA, but 3 BLB, AIL, BTC, SS2, PP BB"
8,"H1, 8 CC BLB, BTC. Doji so weak BSB, but no top yet, HOY MGA"
10,"DT HOY, PH, BBLB 9 so BX, L2 3, BRB, AIBLE, but PP BB since only 1st BBRB of day, SS2"
11,"H1 but BRB, BX, SA, then TR soon"
13,"SBD, but near 50% PB"
14,"CC BBRB, AIS, but BUDC. should test 12 L for LBL"
16,"L1, but tail, BBLB 15, middle of TR, LOM"
18,"HL DB 14, H2 11, 12 L and HOY MGA, but 3 BRB, PP LOM"
22,"L2 16, DT 10, but tail, 3 BLB, AIL, SS2, PP BB"
25,"H1, AIL, GX and HOD TGT, L1=2 and BO DT MM TA, but 3 BRB, top of TR"
27,"H1, TGTA"
29,"H1, AIL, but MMT just 2t above, BX 28"
31,"MDT, COL, MMT, 2LU 28, AIBLE, but still AIL, ps TTRD"
33,"H1, AIL, but PP TTRD, LOM, BB2"
39,"H2 but TTR room to MA, LOM, LPB"
41,"H3 so WBLF, but BRD, TTR, EPB, LOM, LPB"
45,"f BO, but cc BRB, PS MG, BB2"
47,"2eb but TTR, still BDGD, EP, BTW"
50,"MAG, 2eb 45, AIL, BT 26, COL, 2LD 43, highest P B since 29, but still TTRD"
51,"CC BLB COH, AIL BTC"
54,"H1, AIL, MGA 42 LH, but TTR 32"
56,"LH MTR but 7 BWBRB, SS2, still BTC since 51"
62,"H1, BTC, but many bars in tight BL CH so PTg soon"
64,"H1 but doji, PW 51 56 59 63, BB2, PS SA and PTg"
66,"PW, BRB, AIBLE"
68,"H1, MMTA, but BX, BB2, PS SA 66 67 BRB"
69,"NW 9 30, PW, 2es, but tail, MMTA, SS2"
