BAR NUMBER,DESCRIPTION
1,"bull doji, but just below MA after Y selloff, middle of Y range, pp LOM. 11 am FOMC minutes"
3,"L1 at MA, but tail, TTR, LOM"
6,"cc BLB, AIL, but still BOM, LOM"
10,oo BLF BSB
13,"CC BLB, PS MG, BTC"
16,"LH MTR, HST, AIBLE, but 4 cc BLB, SS2"
19,"BT 10, but 4 BRB, BB2"
21,"LH but AIL, at ma, MRV, SS2"
22,"DB, and a measured move up"">DBBF at MA, but doji, ok if WSS, btw"
24,"f BO below DB, but 6 BTTR, LOM, BB2"
25,"BL ib, H1 24, AIL"
28,"H1, AIL, but BRB, 5t 27 for 18B, LPB"
29,"f BO 18b, 5t, MDT, but 7 BBLMC, BLB, SS2"
30,"HH MTR, 5t"
32,SBD
34,"bull ii, BOM"
36,SBD
38,"DB HL 80, but SA 37"
39,L1 but far below MA so PP BB 37
42,"H2 37, W 23 37, PL"
43,"cc BBLB at bottom of TR, IL"
45,SBU
49,"PW 43 45, AIBLE, but 11 am report, BTW to S"
50,"H1 but BRB, PW, btw for report"
54,"DT HOY, ET 15 27, F BO PW, PW 39 49, but 11 am report, increased risk of reversal up after down"
56,"Big doji so big reversal down, PP will remain HOD. ET, OK S but huge bar so big risk, btw"
60,"ET 23 42 at 60ma, AIBRE, but pp will not get new HOD after so many reversals"
63,"H1, but doji, PP SA 62, stop above 56"
66,"L2 62, but might get 1 more push up after strong 60 61"
70,"H2 68, AIL, but top of TTR 52 and PP will not get new HOD after so many reversals"
