BAR NUMBER,DESCRIPTION
1,"GD, but doji, just above LOY and 60ma, BB SA"
2,"BRB, but tail, at SP. AIS but pp BB"
3,"bigger BRB, AIS, ps T1BD"
5,"L1 but BBRB 4 so SX, PS BB 5 and 4, LOM"
7,"MDB, f BO LOY, PB, but 4 BTTR, BRB, LOM"
9,"LL DB 4 but cc BRB, LOM"
11,"L3 but 2 BLB, LOM"
14,"ii but doji, TTR, LP"
15,"BBLB but top of TTR, just below ma and 60ma, HPW"
17,"f BO below 14 ii, COH, good BSB, ok swing B"
19,"OU, BTC"
21,"H1, ib, but tail, BRB 20, LrP B"
22,"f BO TTR and 60ma and ma, ii, PH, SS2 since PS BL CH"
24,"HL in BL CH, AIL, but 3 BRB, BB2"
25,"HL, AIL, COH, but 3 BRB"
29,SBU
32,"W 1- 20, bear ii, but 2 dojis, just above MA, SBU 29 30, BB"
34,"H1, AIL, BDG 21, but doji after 3 BRB, ps SA and TTR"
38,"H1 in BL CH, PS TTRD with 30 MG, but doji, LBRM"
40,"MDB but BRB, weak rally, p W 30 37, SA 37"
44,"ioi BLF, but W 30 37, BB2, ps MRV down to MA"
51,"DB 33 just above 60ma, but W top 43 and 9 BBRMC, SA"
55,"LH MTR, but bottom of UTR and just above 60ma"
57,SBD
58,"CC BRB, STC, but back in LTR"
60,"DB HL 9, COH, AIBRE, but 5 BRB, BB2"
61,"L1 but doji, back in earlier TTR, PS BB, SS2"
63,"MDT, AIS, OOW MGB"
64,SBD but BBRB20
66,"BL ib, AIBRE, PS EG and test of 64 SX H and MA"
69,"H1, MGA, but BRB, SA, BB2. L1 but PP AIL and 2LSU, PS BB"
