BAR NUMBER,DESCRIPTION
1,"GU, F BO HOY, PS OD day, OOW MGB, but BLB, tails, LOM"
2,"MDT, F BO HOY, COL, PH, but BLB 1, BR might need L2, HPW"
4,"H1 but doji after BRB, LOM"
5,"CC BLB, new HOD, BTC, GX H MGA, AIL, but still might get L2 or PW early HOD"
8,"L2, but 4 BLB, PP BB. Might test 3 H since weak BSB and SBR"
9,"H1, SPBL, GX H MGA, but doji, PS SA and above 7"
11,"W 1 7 but BLB, TTR, GX H MGA, SS2"
14,"DB 10, Tri 8 12, AIL, TGA, but BRB, TTR"
16,"CC BLB, BO, BTC"
18,"W 1 10, AIBLE, but 3 BLB, SS2"
20,"H1, SPBL, BTC, but ps W 1 10"
24,"W 10 17, BR IB, PH, AIBLE, but 4 BLB, MRV, SS2, PS one more push up to PW 17 23"
27,"PW 17 23, COL, MDT, CCT 10 W, PH, AIBLE, but SPBL and TC, SS2"
30,"H1, 5t, AIL, but BRB, BUDC, still on S 27, PP TTR, BB2"
32,"W 7 23, BRB, AIBLE, but SB 31, SS2"
38,"H2, 20GB but TC, MRV, SA for 2LSD after 32 W"
47,"WBLF 29 37 42 43, BL ioi, BBLB 46, BT 10, F BO, MAG, but TC, MRV, PP will get PB within 3 bars"
50,"LH DT 41, but 4 BLB, PP BB"
52,"HL PB from 49 BO above WBLF, AIL"
58,"LH MTR but 2 BLB 57, SS2"
62,"SBD, AIS, but tail, 60ma, OOD, PS 2LT"
64,"2LT, but PP SA and 2LSD"
66,"L1, but 3 dojis at 60ma, PP BB. 2LT 2eb, TRD so should get 1t above 46 L for SBL, but SA around MA and 46 L"
70,"H1, back to AIL, 62 SX H MGA, but at MA and 46L, BB2. L2 but BLB, SS2"
