BAR NUMBER,DESCRIPTION
1,"BGU, tail, PP SA"
3,"H1 but TTR, BRB, PP SA. 15 min GX has ooo S signal"
5,"F BO above TTR and HOY, PH, but doji"
8,"H1, DB 1, BLB, but middle of TTR, ps SA"
10,"DT LH, still on"
14,"WBLF just above MA, PL, AIBRE, but OU, middle of TTR, NS, might get DT 10"
16,BTC but top of TR
19,"H1, AIL, but BB 17 so BX. BR want MDT and F 18B"
20,"HH MTR, F 18BO, MDT, COL, PH, AIBLE, but 6 cc BLB, SS2"
23,"4 CC BRB, STC, but PS BB at MA for 20GB B"
25,"20GBB, but BUDC, TTR likely. 5 cc BRB, AIS, SA"
29,"LH MTR, but TTR, C above MA, LOM, SS2"
33,"WBLF 24 30 at MA, BT 14 H, 50% PB, but TTR in middle of TRD, BB2"
34,"COL and below MA, still on 20 S, but TTR, LPS"
36,"L1, BO, AIS, PS MG, 2LD likely after 35 SBD, but bottom of TRD"
38,"F BO, MDB, but BRB, BB2"
42,"2LD 35, AIBRE, PL, F BO 18B, but TC, BB2"
46,"MDT 44, BR CH below MA, AIS, BT 40, but PP BB 42 and at 2800 BRN"
52,"W 35 42 at 2800 BRN, OOD MGA since TRD, but TC. PP LOM, PS SA around MA"
54,"HL, odds favor test of OOD since PP TRD, but doji, just below MA, PS LOM"
57,"DTBF 46, L2, OD, cc BB at MA, ok swing S, but TRD so PP HL and then test OOD"
62,"HL MTR, COH, AIBRE but 6 cc BRB, still on DT S 57, just below MA, TTR, NS"
66,"L1 but BLB, bottom of TRD, PP BB"
68,"L1 but LBL, at 2800 BRN, PP BB. Still might get back to OOD, but unlikely"
69,"LL MTR but TC, tail, NS"
