BAR NUMBER,DESCRIPTION
1,"BRB but tail, at 60ma, and BR BO below BR CH so should reverse up soon, small GD so should close in 1st hour, despite island top. Y was BR CH so BLF. Should test top of CH today. BRB so SA, BTW"
3,"L1, 2 is BT LOY, but doji after BLB, 60ma, BB, LOM"
5,"F BO LOY, MDB so H2, PL, but ps more TRO"
6,"CC BLB, AIL, BB. DT at LOY but on B above 5, SS2"
9,"H1, but doji after BBRB, top of BR CH, test 2800, ps SA. BR wat 2LT but need MDT since 2LSU likely after SBU 7"
12,"W 2 8, DTBF 75, AIBLE, PH, but still AIL"
13,"DB 8, AIL, but TTR, LOM, still on 12 S, MGB LOY, 60ma"
15,W 2es
16,"COL, BO below 13, more down"
17,"BBRB, but OS BB LOD since 7 is DFU"
19,"LL MTR, F 18BO, PL, but 5 BRB, PP MRV"
20,"CC BBLB, AIL, PL, PS MTR, not just MRV"
21,"SBU, PP 18BU soon"
22,"f 18BO, ET 2 12, BX, but MRV, BB. Might get PB to MA and 8 L"
24,"H1 but LBRM above 12, BBRB 23, MRV"
25,"ET 2 12 2es, AIBLE, PH, but MRV more likely. Might get deep PB since BX and TRD"
27,"H1 at MA, 50P, but doji 2 BBRB, LOM, BB2"
30,"COL, big OD, more down, but BRTR"
33,"50P, W 24 27, AIL, MA, but doji, 4 BRB, room to LOY, WSS, more TR likely"
36,"DT LH 30, LOY and 60ma MGB"
42,"small DB 38 PB nested in big DB PB 4 19, but BRB"
47,C above open of 34 so BGD closed. Now TR or BLT
48,"W 39 43, but middle of TTR 38, TRD. Might run stops below 44 40 DB"
51,"DB 40 44 PB, PP AIL 46, but 3 BRB"
53,"LH but doji, 2 BLB, BB"
57,"W 43 46, but BL CH. ii so BOM. 20 BTTR, LOM, BB2 or SS2"
60,"H2 57, still AIL, should test 36 SX H and maybe 2800, but 20 bar TTR"
61,"COH, AIL, PS BTC"
63,"W 46 55, BRB, AIBLE, TRD, but strong 61 62, SS2, PP BB"
64,"H1, AIL, but TRD, DT 30 at 2800, PS SA"
68,"PW 62 65, BRB, DT LH 25, AIBLE, but 10 BBLMC, SS2"
