BAR NUMBER,DESCRIPTION
1,"GD, but small, BLB, Y TRD, PP bounce. Y was small so PS OU. OOW MGA"
2,"CC BLB, COH, AIB, but PP PB soon. Room to MA"
3,"L1 below MA, but 3 BLB, LPS, ps BB. TRO likely"
4,"MDT, ORV down from around MA, PH, but 3 BLB, SS2"
6,"DB 1 but 3 BRB, AIS, SA, BB2"
8,"L1 but BLB, NS"
11,"L1 but ii late in BRT, PS 3rd bottom and FF"
12,"W 1 9, 2LD form 9 SBD, PL, AIBRE"
14,"W, COH, PL, OK B for test MA, OOD, 9 SX H"
17,"DT 10, COL, AIBLE, but 2 BLB, SS2, BB"
20,BBLB at MA so STC. BL need FT for BO and BLT
21,"WBRF at MA, PH, AIBLE, but tail, AIL, many bars with tails below and many BLB, PP MRV, NS. OOD MGA since pos TRD"
22,H1 but 2 BRB just below MA
25,"H1, SPBL, 9 SX H and 60ma MGA, but BRB"
27,"W 10 15 21 21, but SPBL, BB."
30,"W, COL, but SPBL, 60ma MGA, SS2. Since SPBL but no big gaps, PP will get TR soon"
34,"another W, 50% PB from HOY, LOY, but TC, wait for MDT or TTR or SBD before Sg"
35,"H1 but 4 dojis, PP converting into TTR from SPBL"
40,"H1, SPBL, but 8 dojis and small bars, 50% PB, above MA, BB2, pp becoming TTR"
42,"H2 near MA, but doji,, TTR just below 60ma"
44,SBU
48,"2LU 45, EG, COL, F BO HOD and HLW and 60ma, AIBLE, PH, might test 44 BX L and 42 FF TTR"
52,"H1, 20 GBB, but EG 47, 4 BRB, BB2, PP SA"
55,"MDB at ma, but TTR"
59,"LH MTR but TTR, just above ma and 60ma, btw"
60,"BP B, but doji, apex of TTR, BTW"
62,"LH MTR but TC, only 2t body, SS2"
63,"W 3 47, MMU from LOD to OOD so OOD might be MGA. OD, but BLB, just above MA, TTR"
66,"H1 at MA, but HOD is MM from LOD to OOD, 63 W, TTR 46, PS SA for 2LSD"
70,"LH, might get 2LD from W, OOD MGB, ok swing S, but too early to last to EOD, TTR so LP"
