BAR NUMBER,DESCRIPTION
1,"Y is B SB on daily and OOW 2808.00 is MGA since BL want 10th cc bull week when week closes tm. BRB, tails, bottom of Y 4 hour TR, LOM"
2,"f BO Y TR, COH, PL but 50% PB MGB, ma and 60ma RS above, PP SA 1"
4,"ORV at ma and 60ma, shrinking bodies, PH, but BLB, SS2"
7,"cc BRB, BBRB, AIS, but tail, PP BB 2 for PS DB"
8,"BBRB, but bottom of TR so PS BTC instead of STC, BTW"
9,"SBU but tail, just below MA, LOM, BTW"
10,"L2, BR CH 63, but 2 BLB, LL DB 2, BBLR 9, LOM, PS BB, SS2"
12,"DB 9, truncated W, 2 9, PL, but tail, still LHs since 63, HPW for CC BLB and COH above MA and 9 H"
14,"DT 9 at MA, BT5 but 2 BLB, ps BB for DB PB HL. Still in BR CH bad LP S"
17,"f BO DB, W 2 9, but BRB, just below MA in BR CH, BTW to B above BLB COH"
18,"L1 but BLB, PP BB and below 17"
21,"DB 17, reversal up from 18B, W 2 9, PL, best setup of day"
22,"BBLB COH, AIL. Still TRD but 2LU likely"
24,DT 14 but BB since 2LU likely
26,"OU, AIL, but tail, at 60ma, just below HOD. AIL, 2LSU, but might get deep PB and TRD"
27,"DT LH 4 at 60ma, COL, PW 18 23, AIBLE, but still AIL, 2LSU likely, HOY MGA"
28,"H1, HOD and HOY MGA, AIL, but 2 BRB and at 60ma, ps SA"
30,"MDT, but just above MA, AIL, LPS"
32,"H2 28 at MA, AIL, TGTA, but 3 BRB, need WSS"
34,BLBL so SBU. TRD so PS SA 29 and 4
36,"f BO HOY and HLY and 60ma, COL, W 14 27, but SBU, SS2"
41,"H1 at MA, AIL, but 5 BRB, WSS, ps SA"
42,"SBU, but DBTC 35 will S here"
43,"LH, 2LD from 36 W, DBTC 36, but SBU 42, above MA, AIL, PP MRV, SS2"
45,"H2 41 at MA, COH, but bad B since 3 BRB, many BRB since 27, OOD MGB"
49,"W 41 46, but TC, OOD MGB, LPB 51 HH DT 47, OOD MGB, but cc BLB, ps more SW. mostly LOM today"
53,"L1, OOD MGB, but BLB, bottom of UTR in TTRD, PS BB and below 52 and 31 and OOD"
56,"L1, but BB around OOD, BRTR"
58,"W, DB 31, MDB just above OOD, ok B if WSS"
60,"LH in BRCH, TRD so increased chance of SBD, but 2 BLB, SS2"
61,"SBD, but EG more likely than MG"
63,"L1, 2LD likely, but might be BB for ERT in TRD"
68,"f BO 2eb, ii, TRD. DTBF 63 but low in TRD, OOD MGA, PS BB"
70,"HL PB from 66 67 BO, but TTR, at OOD MGT"
