BAR NUMBER,DESCRIPTION
1,"BBR but tail, middle of Fri TR, LOM. Fri is weak S SB so might trade below Fri L. since weak S SB, PP BB LOY."
3,"HL MTR, DB 78, AIBLM, but 3 CC BRB, BB2"
5,"doji so weak FT after 4 SBU, middle of Y TR, BOM, 3 H MGB"
6,"f BO HOD, ET 76 78, LOY MGB since Fri is S SB"
8,"HL MTR, ET, DB 2, PL, but TRO, BOM"
10,"LH but middle of ET, BOM"
14,"BO and FT, but middle of ET"
16,"4 cc BLB, increases chance of BL BO"
18,"18BU, BBLB, PP SU"
21,"H1 PB from 18BU, but need stop below 12 since PS 2LD, PS DBL 21 and more PB"
24,"COH, still in MC 15, MMTA"
26,"W 9 20, but 12 BLMC, AIBLE, but BB"
27,"H1, AIL, MMTA, but doji so WSS"
29,"W 20 26, COL, MMT, AIBLE, but TC, Other MMTA near HOY"
30,"H1, AIL, MMTA, but W, only 2t from top of CH, ok to BB2"
32,"H1, MGA, but only 1t PB and many BRB since 20 so Lr P"
35,"W 20 25 29 31, COL, AIBLE, 5t 30, but TC, MRV"
36,"H1, but doji and 3 BRB, still on 365 S, not quite to MA, PP SA for 2LSD to ma"
41,"H1 but top of TTR, LOM"
42,"DT LH but tail, bottom of TTR"
45,"NW 39 41 and 5 29, ii, ok swing S. H1, AIL, HOY and MMTA MGA, but TTR 39, ps W"
50,"H1, another 20GBB where the PB did not reach the MA so eager BL"
54,"H1, still SPBL, SBU 52 but doji, ps EG 52"
58,"BX 50 - 57, PS EG and HOD, but 8 BLB, PP BB, SS2"
60,"H1, AIL, but far above MA, BB2"
61,"BX 57, W 5 35, MDT, but just above MA, MRV"
62,"20GB B, H2 61, but TTR, BX 57, LOM, NS"
66,"DT LH MTR in TTR, might test 50 L at bottom of BX, but BLB"
68,"MDB 64 at MA, AIL, but LOM"
