BAR NUMBER,DESCRIPTION
1,"BGU, but tail, CC BX 78. YBX. Small GU usually closes in 1st hour"
3,"H1, COH, AIL, 3 cc BLB, BB, but far above MA, CC BX, PP early HOD"
7,"MW 3 5 CC BX, OD, PH, but TTR, AIL, room to MMTA, NS"
9,"DB HL 1, PL, but still on 7 S"
12,"BL IB COH, BL prevented S below 11, AIL, PP will go Hr, AIBRE"
17,"COH, 9 BBLMC, AIL, APBL, but far above MA, many BRB and dojis"
19,"OD, COL, 75% chance of TR starting by 24 after Y BX, PB, but 12 BBLMC, MRV"
22,"20GB B, 19 L MGA after 12 BBLMC, but CC SBD, doji, LH likely, ps AIS, several FF MGA on 60 and daily chart, PP end of BX on daily chart today or this week, BB2"
25,"DB HL 9, H2, 18 L MGA, but doji, TC, MRV. PS TTR and TRD"
27,"DTBF, but 3 BLB in TTR, 19 L MGA, LOM"
29,"BP B, 19 L MGA, but top of TTR, NS"
30,"W LH MTR, but BLB, TTR, LOM"
32,"S SB for W, COL, should fall below 60m L since S SB, PS end of 6 week BX, but bottom of TTR and TRD"
35,"L1, AIS, but BLB, bottom of TRD, just above HOY, BB"
37,"F BO LOD, test HOY GU, MDB, PL, but TC, MRV"
40,"L2 36, OD at MA, ps MG 24, HOY and COY MGB"
43,"L1, but BLB, W 35 42, W 24 35, BB and around COY"
46,"NW, ii, AIBRE, PL, but TC so PP MRV. Might test 40 H at top of W CH. TRD so OOD MGA"
49,"DT 43 at MA, but tail, 4 BLB, NW, PB AIL and BB and below 44 for test 40 SX H and OOD, SS2"
54,"WBRF at MA and OOD, but might get BO and test 30 H top of BR CH"
55,SBU
59,"2LT 54, DT 30, COL, AIBLE, ok swing S, but PP TTR, SS2"
63,"H1, test MA, AIL, but 3 dojis and 3 BRB, LOM"
67,"ii, BP B but PP SA since TTR, DT 58, DT 30, but TTR, LOM, btw"
70,"OU after 68 OU, AIL, PB to MA, but TTR at top of TRD, weak TE"
