BAR NUMBER,DESCRIPTION
1,"BBLB but testing HOY and Y ended with HH MTR. Tail, btw"
3,"W 77 81, COH, PL, but BBRB 2 and still on S below 75. BOM"
5,"DT LH 1, still on 75 S, but 3 CC BLB, middle of TR, LP S"
7,"DT 1 LH MTR after Y HH MTR, PH, ok swing S below and below 2, but still BOM"
8,"L1, COL, AIS"
11,"DB LOY, H2 3, MDB, COH, SX, PL, but PP MRV after 4 BBRB"
13,"4 CC BLB, AIL, but PP MRV"
14,"BBLB, but tail and at MA. Might test 5 L since RLOB"
15,"still BTC, but tail. Should test 5 L since RLOB"
18,"HH DT 5, BX, but doji, 8 BBLMC, AIL, BB around MA and 2 L, SS2"
19,"H1 but BRB, top of TR, PP SA and above 16, then more PB. AIL, but BX"
20,"BX, DT 5 LH MTR, MDT, but BLB, BB around MA and 2 L. AIBLE below"
22,"H2 but 2 BRB, should test MA and 2 L, ps SA"
24,"HL MTR, COH, but need stop below 11, TRD, now 2 day TRI"
27,"L2 25, LH, BRB, but TRD, MRV"
31,"HL, apex Tri 11 24, but 5 BWBLB, BB2"
34,"DB HL 24, MDB, COH 33, but MRV, apex of Tri"
39,"LH but apex of Tri, 7 BBLMC, BB, LOM"
42,"HL, AIL, but tail, apex of Tri"
47,"L2 39, DTBF 27, but TTR 44, TC 33, AIL, NS, btw"
48,"H1, AIL, apex of Tri, but weak rally, Lr P B"
51,"W 39 47, F BO 27, DT HH 27, but tail, TC, NS"
53,"3 CC BRB, more down"
54,"COL, 4 CC BRB, AIS, STC"
58,"LL DB 24, but 8 CC BRB, SA. has not hit 60 MA in 8 days so should get there today or TM"
60,"L1, 60ma MGB, but bottom of TRD, PP BB 58"
63,"DB 58, DB 24, but 3 BBRB, TTR 57, just below MA, PP more SW"
64,"DTBF, 60ma MGB, but cc BLB, bottom of TRD, PP BB, might C near OOD for another DD"
70,"H1, TC, OOD MGA, but BRB, TRD, PS SA"
