BAR NUMBER,DESCRIPTION
1,"big GU, COH, AIL, 25% chance of L of day or at least until 11 am FOMC"
2,FT so T1b Bl. Small bodies so might soon go SW
5,"F BO above bull MC, MM up from 2 day BRF, tail, ph, but 5 cc BLB, t1b, AIL, BB"
8,"BP S but BLB, AIL. DBL exited when 1t above 5 L, BUDC"
11,"HL but LOD and MA MGB, 6 BBRMC, SA"
14,"DB LL 1 at MA, PL, but doji, CC big BRB, BB2"
17,"LH MTR, but TC, prob TR, SS2"
20,"HL but big BRB 18, BB2"
25,"Big BRB, BO new LOY and below 18 bar range, 3 cc BRB, AIS, STC for test HOY. BL want WBLF"
28,"W 1 13, MDB, good BLB, PL, but 4 big BRB, MMT and HOY MGB, BB2"
29,BP S but W bottom and SP just below to prob BB around HOY
30,"W 1 13 2eb, test HOY, MMD 5 H to 1 L, PL, ok B, even tho BRB"
33,"3 BR PB, AIL even tho doji"
35,"DT 29 at MA, weak rally, ok swing S but SW more likely"
44,"big bear BO, biggest bar late in bear so prob EG. Better to BTC than STC. Prob SV test 60ma and COY, F BO below W"
47,"big BLB, ok swing B above for LOD"
51,"bear ioi in BR CH, but AIL, BB for 2LU"
54,"HL MTR, AIL but most recent FOMC meetings led to TR"
56,"BP B but big BRB, poss SA, btw"
58,"W 49 55, but TC, AIL, and OOD is magnet above so BB"
65,"W 49 57 but TC, doji. AIBLE. Mostly LOM"
71,"DB 67, AIL, but BRB in TTR, better to wait. Often get late, brief BO of TTR at end of FOMC day, but wft"
