BAR NUMBER,DESCRIPTION
1,"opened in middle 3rd of Y, and Y was big day. Poss ID. Doji, TRD likely. SP around 51 L and RS at HOY. Friday, so poss big move UD in final hour to test H, L, or O of week."
2,"big bull RB but middle of Y ch up from 51, just below MA, after doji, BB2"
3,L2 at MA. PH but after big BLB and BB around 50% from Y rally. Poss LOM
8,"H2 2, 50% PB, PL, but 6 BBRMC, doji, BB2. BP S, but prob BB"
11,"DT at MA, good BRB, PH, but strong 9 10, poss BB and below LOD"
14,"W 2 7, PL, but 1t BLB, ok to BB2. BP S but BLB and LBLM below 2 and 7"
16,"BP S but BLB, bottom of W and LOM, BB"
22,"LH at MA, 2es, but middle of small day, LOM"
25,"BP B, BLB, but doji, C below MA, middle of small day. No BO o f18 bar range yet, BOM, but prob will remain small TRD all day. MGA are 60ma, COY, HOY, OOW"
33,"DT 3, PH, but TC, trending closes 25, BB. Should fall below 20 H so SBRM in TRD"
38,"small WBLF, AIL, but DT at top of TRD. AIL, bulls have slightly Hr prob, bears have less risk. OOW MGA. If there is BO, prob will be small since big Bos usually come before 9 or 10 am. Prob will stay small day"
43,"BP S but middle of small day and mostly LOM, prob BB"
50,"LH, top of TRD, but AIL, BB"
53,"OU, HL, AIL, should get new HOD. 40% chance of rally to OOW"
59,"F BO, test 60ma, but prob 2LU. 50% chance of test OOW. Since late BO, prob will test back below 3 H before EOD"
64,"F BO 2es, but TC, OOW MGA, prob BB, but limited up"
67,"W 59 64, 33 H MGB for SBR, but TC, AIL, BLB, MRV. Not good math for BL or BR"
