BAR NUMBER,DESCRIPTION
1,"I leave early today for doc appt. BLB, F BO LOY, PL, ok B"
2,"cc BLB, AIL, BTC, but small bars so poss TRO"
4,"tail, but 4 cc BLB, BTC. Might get OU day"
6,"2 BLB BO, poss MG to HOY"
10,"F BO HOY, but 10 BBLMC, BB. CC BC 1 2, 5 6, 8 9, so odds favor TTR, possibly for rest of day. COL, 8 L is MGB since bottom of last BX, only B if WSS since risk of deeper PB after CBX"
11,"H1, BLB, but OU BX, prob SA and SA HOY, then TTR for 1 hour or more. Poss reversal down to new LOD and then OD after OU!"
12,"F BO HOY 2es, CBX, f OU, PH, but BLB, TR likely. 40% chance endless PB into BRT"
16,"H2 11 at MA, ok swing B, BL want SC BLT, but 3 BRB, AIS, MRV 8, L MGB. TR likely, maybe for rest of day"
23,"HH MTR, f BO HOY 2es, but TC 16, BO of 18 bar range, AIL, MRV. TR likely, SS2, B PB"
27,"50% PB to ma and 60ma, AIL, B zone, ok H1 B if stop below 16"
33,"W 9 23, but TC 28, TC 16, SOBR did not make money below 23, BB, esp around 28 L"
44,"BR BO but AIL, prob HL, BB 28, so BTC"
45,"H237, AIL"
51,"DT LH MTR in TTR, but doji, above 42, and Thurs H Con 80 above was BTC and therefore MGA"
