BAR NUMBER,DESCRIPTION
1,"big GD, BLB, test LOY, PL, Poss ID, ok BA. BB"
2,"f BO LOY but big bar so big risk, BRB so LP, TRO likely"
3,"L2 1, PH, but 2 big dojis, at 20 day EMA SP, TRO"
5,"MDT 3, PH, but TTR"
6,"big BRB, AIS, PH"
7,"big BRB, just above LLW, poss SV and LOD. STC, but better to S HR"
8,"f BO LOY 2eb, COH, ok B. test of LLW"
9,"cc BLB, AIL, but BDUC"
11,"LH, BRB, but AIL, BB. Might get deep PB and TR"
13,"BP B, AIL, but BRB"
14,"Big BLB, poss 2LU but more likely at least small 2LU after surprise bar"
18,"PW 10 14, prob will PB below 3 H, BDUC. AIBLE. Bar 18 so BR will S below, but unlikely to reach LOD, prob BB around 3 H, MA, 16 L, and 11 H"
20,"H1, AIL, ok B if stop below 13, but prob SA. Poss TTR. Should test 60ma at some point today"
24,"H2 at MA, AIL, 60ma MGA, but TTR, doji, RD so prob not much more up. LBR want PB to below 11 H. Since TR likely, might get deep PB to below 11 H"
27,"f BO below h2 BLF, AIL, but TTR, LOM, SA 21 and 18"
31,"LH MRV, BB, AIL, but TTR. SA 31 and 18"
38,"W LH MTR, 40% chance of swing down, but prob will remain TRD and stay above 13 L"
43,"BP S, but near SP of 1 L, LPS"
44,"HL MTR, H2 27, MDB, but doji. LBL 27 will prob make money. Prob DD and C around open"
48,"WBRF 42 45 at MA, but TRD, BB"
54,"PB from BO above WBRF, but BLTR, SA 52, prob stay around OOD"
60,"BP B but CH, OOD MGB, SA"
62,"H2 above MA, AIL, BLB, 60ma MGA, but top of TTR, LBRM, weak BLCH, OOD MGB"
66,"BP B, 60m MGA, but weak CH, LBRM, prob will get test of OOD"
68,"DT LH 38, f BO 60ma, OOD MGB, but TC"
72,"H2, but BRB, TTR, OOD MGB"
