BAR NUMBER,DESCRIPTION
1,"big BRB, BO below LLW so triggering weekly S signal. BX on DWM so selloff likely soon, PH"
2,"cc big BRB, AIS, 70% chance 1 will remain HOD so either BRT or TRD likely. SX, far below MA so prob SU to MA soon"
3,"BP S, but doji, SX, BB, but AIS"
6,"f BO LOY 2ed, bull ii, ok swing B, but prob BLTR or BRF more likely. Bulls want to get back above last week’s L and 1 H. AIS, BRTR"
8,"cc BLB, AIL, PL, but prob TRO"
12,"PW near MA but 9 BBLMC, BB"
13,"H1, AIL, TCH, ok B but BDUC"
15,"W 4 11, f BO HOY, 50% PB, but AIL, BLB, TTR, MRV"
17,"BPB, G below 9 and below 16 so SPBL. BR need to close gaps to convert into TR"
19,"CC tops, W 4 8 11, L2 18 15. Might get 1 more push up to another W. odds favor swing down for 1 – 2 hours. Still SPBL, but slightly more likely to be CC tops"
21,"BP B, SPBL, MMT at 2573, but poss only scalp since poss CC PW"
24,"CC W tops, AIBLE, prob TBTLSD, but TC so MRV. MMTG"
26,"3 cc BRB, prob 2LSD, but still AIL, SPBL, H1. ok B if stop below 16, but BB2"
32,"H2, F BO, BLB, SV test O and 16 L at bottom of W, AIL, but tail, TR likely"
39,"LH MTR, but prob TR, BB 40 and 31, still AIL"
49,"DB LL 31, AIL, but Tri 16 31 and TTR so better as LOM. TGTA 38 LH, TGTB LLW. Prob TR for rest of day. After 5 weak bull bars on daily, odds are bear body today so C below O of 1"
52,"L2 at MA, MGB LLW, but AIL, BB 49"
57,"W 40 48, BT 12 H so poss MMU, AIL, but room to MGB LLW, BBLO"
68,"BP B, MMTA, HOD MGA, but BRB, OOD MGB, prob SA. BR might wait to S around 28 H"
70,"DT LH MTR 38, 1t F BO 38, OOD and LLW MGB, but BLB"
