BAR NUMBER,DESCRIPTION
1,"big GU, BLB, but middle of 3 week TTR. AIL, but HPW"
2,"F BO HOY and 60ma, AIBL exit below"
3,"bull ib, 3 bar TTR, AIL, but now LrP S below 2. H2, AIL, but 3 bar TTR. BOM, PH and PL, Ok BA, OK SB, but neither is HP. Increased chance of TRD"
6,"H2, AIL, PL, but TTR"
7,"COH, AIL, BTC, but weak BSB 6, TTR, prob not big bull trend"
9,"2nd f BO HOY, but 1t body, AIL, BB. Might get 1 – 2 more small legs up to PW top. Bulls want BO above Monday’s major LH, but not enough momentum so far to get there"
11,"BP B but PW 2 8 or 3 8, small BLB, prob BLTR. Poss SA. SPBL so SS2"
12,"OD, AIBLE below 12, but still AIL. LBR 11 H need 1 more tick, else trapped"
13,"H2, AIL, BTC, MGA, ok B, but poss 3rd leg up in PW top"
16,"H1, room to Monday’s major LH MGA, but PW 2 10, prob TTR SD here or soon, poss SA"
18,"BP B but PW, CBX, LBRM above 17, SA, then 10 – 20 bars SB"
20,"MDT but SPBL, BB 18 L at MA, MRV"
25,"DB 18, AIL, ok B"
32,"F BO but 8 BLB, BB"
34,"BP B, but poss TTR soon so stop below 25"
36,"biggest BLB more than 20 bars into BL so STC, but only experts and only scalp"
37,"F BO but doji, MRV, might test MA and 26 BX L. SPBL so only S with lim orders"
39,"BP B, but 3 BRB. Only 1t BRB, but TR likely so only B if stop below 34. SA 37, but poss MMU. Less likely, new ATH"
44,"f BO, 2LU< ok S but MRV to around MA and 39 L or 36 L"
54,"DB 39, BT Mon H, Tri 39 48, ok B but poss FF"
58,"W 19 43, F BO tri FF, but 7 BLB, SS2, better to only S with lim orders. Might be SD for rest of day, but BRT unlikely"
61,BP B but prob sa and 2LSD after Tri FF. better than 50% chance of PB below Mon H and 48 L before eod
63,"LH, but MRV"
71,"F BO 48 TRL, MDB 69, ok B but TCH, BB2. Still AIL but still might get BR BO and MMD to 24 L. More likely, TR for rest of day"
