BAR NUMBER,DESCRIPTION
1,"GD but doji, 50% PB, just above 60ma, BB. TBRCH so MRV, SA, but prob around MA, COY, and 50% PB. Endless PB from HOY, but strong BLT Y so prob MRV down. Odds favor test up, but BL will prob need DB, so odds favor test back down after test of OOD"
3,"3 dojis jus above 60 ma, BB. SA, but near MA"
4,"ORV up from 60 MA, but 4 dojis, should test MA, but maybe more TTR 1st"
6,"L2, PH, but doji, just above 60ma, only 1 BRB today, prob BB, SS2"
7,"MDB 7, only 1 BRB today, ORV, PL, ok swing B"
8,"LH MTR, ORV and L2 at MS, but 5 BLB, AIL, BB. TRO"
10,"HL, DB at 60ma, ok swing B, but doji in middle of TTR"
14,"DB HL, PL, but doji, middle of TTR"
15,"COH, Hr prob BA than above 14 doji, but still middle of TTR, BOM"
18,DBL might exit
19,"ii just below MA, ph, but doji, just above 60ma, prob more TTR"
21,"f BO LOD, 18 bar range, 60 ma, PL, ok swing B, but doji"
25,"BP S, BR CH, but prob BB since 60ma keeps creating reversals up. Prob not strong bull trend day, but might test COY. So far, small day, TRD"
26,"BRB at bottom of TR, LOM, BTC"
27,"big BLB, BR with STC, but prob AIL"
28,"L2 but AIL, BB"
31,"big BRB, but bottom of TR, prob AIL, BTC"
32,"HL, AIL, ok swing B, but better to B with lim orders."
38,"BP B but top of TR, LP B, LOM, poss SA. BL will B bars in Lower half"
41,"BP B but BR at top of TR, SA"
48,"DB 32, W 37 41, but middle of TR, LOM, better to B with lim orders"
55,"BP B, but middle of TR, LOM, need to B near bottom and S near top, and better to not enter in middle. Prob will remain small day since still small after 10 am. If get BO, prob will not go far"
60,"DB 48 but LOM, TC"
63,"DB 26 at 60ma, AIL, in B zone, but better to B with lim orders below bars since TTR"
66,"DT 61 but bottom of small day. Btw. Poss BB, but final hour so better to now B with lim orders"
73,"bull ioi, LOM, BB. too L in TR to S>"
