BAR NUMBER,DESCRIPTION
1,"I leave early today for my talk tomorrow in Las Vegas. WBLF, HL MTR, but BRB. Also Y is S SB for W top and a bear bar therefore today will prob have to test below LOY in 1st hour today."
2,"BP S but weak BR CH and at 60ma. Even tho test below LOY likely, difficult to structure S here"
4,"HL MTR at 60ma, DB 54, PL, ok swing B, but tail, and MGB LOY"
5,"DTBF below MA, LOY MGB, but cc BLB, TTR, btw"
7,"big BO, SC"
9,"still STC, but at bottom of 2 day channel and 50% PB from 6 day rally so prob bounce soon. Prob BR day or TRD. Poss 2LT and BL CH all day, but 90% chance will not get above HOD. Also, more likely 2LD than 2LT since S signal on daily and very big BO"
11,"f BO LOY, ii, 2LT, but BB2. More likely BRF with SA around MA. Might enter TR and then TRSV"
14,"AIL, therefore selloff was 2LT, BDUC"
17,"MA, test LOY, ii, but strong rally, BB for at least small 2LU. But BDUC so prob SA soon and then TR"
21,"bear ii, 2LU, PB above LOY, test 60ma, prob top of TR here or soon"
25,"f BO 18, but TR so poss SA and more down so stop below 9, BB"
27,"HL MTR 2eb, ioi, ok B but prob TR so most will scalp"
31,"BO, BTC, might test HOD"
36,"ET 15 19, but 10 bar BLMC, LPS, HOD MGA"
40,"H1 after BX and 3 BRB, SA, TTR likely"
45,H2 but big bar in middle of TTR. Only B if WSS
47,"DTBF but TTR, prob will remain AIL all day, BB and BB 44"
