BAR NUMBER,DESCRIPTION
1,"big BRB in middle of Y TTR, prob LOM"
2,"ORV up from LOY, PL, COH, AIL, but top of TTR, risk is big, prob is L so prob more SA"
4,"LH 2es, but BLB, LOM"
6,"DB ORV, AIL, but big bar at top of TTR, LOM, btw"
10,"H3 2 6, AIL, COH, PL, ok B"
12,"F BO HOD, test OOM, PH, but AIL, prob BB"
16,"MDB 13, HL, weak BL CH, AIL, but top of TTR"
21,"F BO HOD, W 1 3 11, pH, but 6 cc BLB, DB at LOY, BB for BO above HOY so MRV"
25,"B1 pt below 22 for scalp. 5 BRB, SA for 2 LSD"
33,"LH DT 21, PH, but prob MRV. TRD so poss deep PB"
35,"Big BBR, but BL CH, BT 10 H, prob BTC"
36,"H2, 50% PB, AIL, but 3 cc BRB, room to 60ma so BL need stop below LOD"
48,"F BO Fri H, but 3 BLB, room to 17t above 10, AIL, B PB"
50,"BP B, AIL, TGTA, but doji, 2 BRB, prob will need H2. LOM"
67,"BP B but SA for test OOD before EOD. Weak rally, OOD in middle so MGB. Prob DD and C near OOD"
68,"f BO, 17t 10, OOD MGB, ok S, but LOM so BSLO"
71,"BP S, odds favor at least 1t below OOD since weak rally, but SP at 35 L and 60ma. Prob TTR for rest of day around OOD"
