BAR NUMBER,DESCRIPTION
1,"Big GU, COH, BTC, 25% chance LOD"
2,"FT BLB, BTC, BB"
5,"F BO HOY and ATH, but 1t BRB, T1BL, BB"
6,"H1, AIL, but 3 dojis, poss PB or TTR soon"
7,"f BO HOY 2es but 4 dojis, only 1 small BRB so far, BB"
8,"H2 6, AIL, strong BLT"
13,"L2 5, PW 4 11, COL, PH, AILBE, but still AIL, MRV, BB"
14,"BP B, SPBL, AIL, ok B but doji, and poss 3rd leg up in PW"
18,"BP B but PW, small bars, poss SA"
20,"NW 4 13 16, COL, PH, but SPBL, MRV, prob TTR SD soon"
24,"H1 but TTR, BB2, prob LOM"
28,"BP B, AIL, but TTR, room to MA"
32,"DT MTR in TTR, ok swing S since small risk. LP, prob 20gb BB, and more TTR"
36,"20GB B at MA, AIL, but TTR, still on DT TTR S, hpw"
41,"H1, 20GB B, BLB, ok B bit prob scalp"
44,"DT MTR 30 an 19, ledge, but TTR just above MA, AIL, BB"
52,"FF 49 TTR, W 43 50, ph, but BLB"
56,"BP B at MA but big BRB 54 so 2LSD, SA. More TTR likely"
67,"LH MTR, but most F. need strong bear BO, else, will be f BO and H2 56"
71,"F BO, ok K for TRS up, but 4 H MGB, and 4 cc BRB 70 so poss 1 more leg down. Weak BO so prob not MMD"
