BAR NUMBER,DESCRIPTION
1,Big BLB but top of TTR. Still AIL from Y
2,"LH MTR, PH, but middle of TTR"
3,"ORV but doji and BRB, TTR, SA"
6,"PB from LH MTR, 2es, but TTR, LOM"
11,"3 CC brb, AIS, but small bars, bottom of TTR, not strong STC, poss 2LD in TR"
13,"BO, but bad STC, poss BB for big H2 B"
14,"H2 3, big H2 81, PL, but 5 cc BRB, MRV"
17,"BP S, but AIL, BB. Might test 13 L C"
20,"LH, 50% PB in BR CH, 5t, STC BR 13 are scaling in for test of 13 C, but AIL, 7 BBLMC, prob BB around 13 C, then more TRD"
24,"DB at bottom of TR, PL"
26,"BP S, but BLB, just above DB, AIL, BB"
28,"Tri 14 24, PL, but small bar so poss one more new L. ok B if WSS"
35,"f BO below Tri, ok B, but might fall a little further"
44,"L2 at MA but 3 dojis, AIL, BB, and below LOD"
50,strong enough reversal so AIL and should test OOD. BB
64,"f BO ledge 49 H 2es, W 42 47, test OOD, but missed OOD by 2t. TRD, should get to within at least 1t of OOD. BB"
69,"DB 61, test top of ledge, OOD MGA, OK B but need stop below 47 so big risk and small reward. Weak B, LOM"
