BAR NUMBER,DESCRIPTION
1,BRB but middle of Fri TTR
2,"big BLB, still AIL, PL, but risk of OD day since W HH MTR on daily and in BX"
3,"BTC, but increased risk of F BO HOY, then OD day"
4,"3 BLB, BB, but risk of ORV down and F BO HOY, ok to wait"
5,"big BRB, PH, but OD after doji so not HP. Ok to wait for 3 BRB"
8,"H1 at MA, 50% PB, BT HOY, AIL, but 4 BR, SA, MRV. Odds are OD at some point today unless big bull BO"
14,"Tri 2 7, ok B, but still likely to trade below LOY at some point today"
16,"LH MTR, 2FBO HOY, test 3 C, PH, ok S, but HPW"
18,"another B, but apex of tri, BOM,"
21,"BR RV, AIS"
25,"BP S, but 60ma SP just below, DBR. Poss BB, btw to S rally. BL want MDB and 2LT 7. 10% chance of BL RV back above HOY, but prob BLTR"
27,"f BO LOY, MDB, 2LT, MMD from H to OOD, ok swing B for BO HOY and OU after OD. Prob TRD and might C around OOD"
28,"BO and FT, AIL, but prob BLTR, poss TTRD. Might get back to 14 H since that was a reasonable B"
30,"BP S at MA, but AIL, BB. BRSC"
36,"H2 but just below MA, prob SA for test 27 B SB H. might get new LOD and test 60ma, but prob not big bear day"
40,"H2, AIL, 50% PB, test 27 H, but still prob will remain TRD. Poss SA for test LOD and 60ma. Small quiet day so prob will stay TRD and C around OOD"
50,"H2 but 6 BRB, TTR, in S zone between OOD and HOY, SA"
54,"W 25 29 44, W 29 44, DT, but AIL, BB around 40 L, SA and up to 14 H. TRD"
60,"F BO DB 50 56, but TTR, room to 40 L, LOM. Should test 14 H since reasonable B, but btw since only 6t TTR"
70,"H2 60, AIL, but TTR, btw"
