BAR NUMBER,DESCRIPTION
1,"GU but BRB, PH. LP S since doji, LOM, btw"
2,"BP B but doji, far above MA, prob SA"
4,"2FB HOY but BLB 3, TTR, LOM, btw"
7,"H2 2 for PB from BO HOY, ORV up, PL, but too far above MA, TTR, LP B"
9,"BO and FT, AIL, BTC, but only 1 big BLB and ORV did not PB to MA, ok BB but not BTC"
11,"W 4 9 but BLB, AIL, LPS, BB, poss SPBL"
13,"BP B, AIL, poss SPBL, but top of weak rally"
17,"W 4 14, but 15t above 5 so prob will reach 17t. PH, but SS2"
18,"BP B, 17t MGA, but doji, weak rally so might get reversal down from around top of 18 bar range"
20,"DT 15, W 15, top of 18 bar range 2es, ph, but MGA, blb, lps"
22,"H2, TGT 2t above HOD (17t above 5), but only 4t below tgt. Still SPBL, but more likely BLTR"
26,"Big BO, but biggest BL late in trend so poss EG"
29,"iii BLF, at least small 2LU and poss MMU"
33,"BO, still BTC, but CBX so PB at any time"
36,"PW 26 34, CBX, strong BRB, prob SD for at least 10 bars so TTR, LOM. AIBLE since prob not much more up. 30% chance of test of 26 L by eod"
40,"H1, AIL, but 5 bar TTR after CBX, prob sa and more TTR. Only B if WSS"
45,"CBX, COL, W 26 36, AIBLE, ok swing S"
48,"20GB B, but strong RV, AIS, SA. Might test 44 L"
55,"H2 48, 50% PB, test 24 top of 1st W, 15ma, B zone, but BRB, AIS, SA near MA, 48 L, or 50 H"
61,"2 bar BO above MA, poss MG. prob SA HOD"
67,"ii, BP B, ok B but ET 36 44, CBX 61 63, BTC, poss FF. do not S"
71,"DD 67 ii, AIBLE, ok scalp S"
74,"BP B, AIL. but doji, 3 BRB, SA and TR"
