BAR NUMBER,DESCRIPTION
1,"GU, F BO HOY, PH and PL"
2,"Bull IB, test of G, PL, ok B"
6,"Pw 1 3 but BLB, t1b BL, BB"
7,LBR made money above 4
8,"F BO HOY 2es, PH"
12,"BR BO and FT but 3 tails, at COY and MA, poss DB 1, PL. prob bounce, but prob LH and TR after BUDC"
15,"LH MTR, AIS, but only 2 bar rally. Strong BLB 14, prob more TR, but prob will fall below LOD at some point since 1st hour was BR rv bar"
19,"W 1 12, PL, but doji, AIS, TC, room to 50% PB, 74 L and 44 H so MGB. BBLO"
22,"BP S, AIS, MGB, but BLTR"
24,"W 1 12 19, f BO 74, good B SB, ok B since PL, but LP since TC and TGTB, should fall to 44 H"
26,"BP S, AIS, TGTB"
28,"W but doji, TGTB"
31,"W, f BO below 44 H so BT, 50% PB, prob BLTR soon, but big bear doji, BB2. Might fall to Y 55 C or 60ma"
32,"F BO 44T and below BR CH, prob BRTR, PL, ok swing B, but prob MRV since TC. Should test OOD by EOD, and might C around OOD for DD"
35,"BP S at MA, DT 26, AIS, but 4 BLB, 31 at SP, BB around 32 B SB H"
37,"HL, OOD MGA, AIL, but BLTR"
41,"L2 but AIL, TC, BSLO. TR likely so might test 37 L or LOD"
44,DB 37 but BRB. TR
48,"DT 40, TR"
52,"DB, MDB but 4 BRB, LOM"
54,"nested H2, should test OOD, but maybe more TR 1st"
62,BR BO but HL likely so BTC for test OOD
64,"HL 2es, AIL, should test OOD so ok swing, but H in TTR so Lr P. BOM, TRSV"
70,"f BO, W 44 54, but only 1t body, ok swing for test of OOD, but HPW"
