BAR NUMBER,DESCRIPTION
1,"GU, O on L so prob will trade below L"
2,"F BO HOY, MGB, PH, ok S"
3,"BP B, but doji, still on S below 1"
4,"f BO HOY 2es, ok swing S but early dojis, prob TRO"
5,"DB, and a measured move up"">DBBF but BRB, TRO, prob SA and more SD to maybe WBLF near MA. Still on S below 2 and 4, but TRO so 50% chance of BO above 1, then more TR"
9,"F BO HOD, HH MTR, L2 2, ph, but 4 BLB, AIL, BB"
12,"HH MTR, 2es, COL, ok swing S for HOD, but prob more TRO"
15,"DB 5, another test of G below LOD, ok B"
18,"big BO, more up, but poss TTRD since early small TR"
20,"BP B but tails, poss FF and UTR"
23,"big bear bar, AIBLE, prob start of UTR in TTRD"
28,"BP B near MA, BT 9 H, but 6 bar BR MC, prob UTR so prob SA and SA HOD. Might be SW for 2 hours. If TTRD, then 60% chance of PB at least 1t below 9 H before EOD"
32,"BO, more up"
33,"cc big BLB, more up, btc, but prob W and SA 22"
36,"pause, prob PTg soon, but still BTC. AIBLE 4t below BLB and 1t below BRB"
40,AIBLE 4t below
42,"BP B, but extreme BX, MM, F BO W 2 22, prob SD to bottom of ch"
44,"BX, 60 min PW, MDT 40 room to MA, ok S"
48,"20GB B but 2 big BRB, BB2, might test 22 H BO and maybe 27 L, prob AIS since new H unlikely and poss selloff to 27 L"
51,"BO but not big, prob BRTR"
54,"1t F BO below 22 H, good BLB, AIBRE, ok B but TC, AIS, HPW, prob TTR for rest of day"
58,"MDC at SP of 22 H BOP, ok B for test 42 L. AIS, TC, but odds favor TR so leg up"
60,"LH MTR, L2 at MA but prob TTR for rest of day"
69,"DB HL 27, COH, AIBRE for close around middle of day at 22 H. ok B, but prob need MDB"
