BAR NUMBER,DESCRIPTION
1,"Big BLB, AIL after Y SPBL, but top of TTR, small DT 68 l8 LH MTR, 3 day DT. TRSV"
4,"LH MTR but 4 BRBLMC, AIL, LPS"
5,"BP B, AIL, prob at least a little Hr, but doji at top of TR. Ok to wait to see what BO looks like before Bg or Sg"
8,"HH MTR, ioi, W 1 3, but BLB. Ok swing S, but MRV more likely. AIBLE below 7 BRB"
10,"DB 7, AIL, good BLB, but top of weak rally, still on W S 8, ok to wait"
13,"HH MTR, MDT, F BO W, PH, AIBLE, ok swing S, but TC, 1t BRB, prob 2LU from 11, MRV more likely. Weak rally so TR or RD likely. Might get L4 top, CC tops after 1 more leg up"
16,"L4 4 8 13, PH, ok S, but 5 dojis, AIL, prob BB. BLTR, not much more up before 2 hours SD and TRD"
17,"H2 14, but SA"
22,"WBLF, but big BLB, AIL, but bigger risk"
24,"BO above 18 bar range so prob will not fall below LOD. TRD likely so prob swing down soon. 3 cc BLB, so BB for 2LU"
26,"F BO, PH, HH MTR, ok swing S, but 3 BLB so MRV likely"
28,"BP B but 3 BRB, SA"
31,"BP S but doji, DB 22, BB,"
32,"DB 22, AIL, MDB, but SA around 50% PB and above HOD. More TRD likely"
39,"BO, AIL, might reach 17t above 10 H"
45,"f BO, 2es, but TC, MMTA, BB"
54,"f BO 2es, but TC, BB"
59,"H2 at MA, AIL, odds favor Hr to MMTA, but weak rally so might get BRTR. SW for rest of day"
67,"18t above 10 so poss some PTg, but 7 BBLMC and final hour so many bears will not S with lim orders"
70,"F BO, 2es, 18t above 10, but better to S with lim orders since SPBL. PTg more likely than BTC short covering since rally has been weak so prob BLTR"
