BAR NUMBER,DESCRIPTION
1,"BLB, COH and above HOY, 4 day BL CH, AIL, but only 40% chance of big bull day since top of 3 week W. more likely, TRD or BR RD"
2,"CC BLB, BTC, but might get BRB soon and ORV down"
5,"t1b BL, ok B but btw since risk of ORV down from top of 3 week BL W top. SS2"
7,"test of 4 C so BTC DBL 4 decided to exit. PH, but more likely BUDC"
9,"DB 1 at MA, 50% PB, but BUDC, DBL above, TR likely"
10,"BP S, AIS, but CC BLB. TR likely, but should fall below LOD"
14,"DB HL 80, test COY, PW 8 12, TR likely soon, AIBRE. PH but AIS so MRV"
15,"L1, NG 12 L, AIBR S or wait for 2es, might get OD day, but weak FT after big BRB so CSX and poss TR soon. MMT below near 60ma SP"
17,"PW 8 14, COH, MMD from H to OOD, TR likely. AIBRE. MRV, but PL since almost to 18 and at LOD"
21,"DTBF at MA, but 4 CC BLB COH, AIL, OOD MG, BB, prob TRD"
27,"HL MTR, but LP after DTBF"
29,"BO, more down, poss OD, but BB 60ma and LOY"
32,L1 but prob scalp and then bounce since OD
34,"L1, BRB, but poss BB since prob bounce up from below LOY after OD. 60ma SP"
35,"W 1 16, OD, MDB, PL, but BRB, ok to wait, but AIBRE 1t or 4t above"
36,"prob AIL, might get back to O for DD"
39,"DTBF 31, but reversal up from below LOY and 60ma, AIL, BB"
41,"L2 at MA, but AIL, BB, should get above 16 L and poss to OOD"
42,"cup and handle is BLF after rev. AIL, but TRD likely"
52,"F bo 48 23e, BRB, but TCH, AIL, BB around 40L for HL MTR"
58,"LL DB 40, HL MTR, W 50 54, but TC, BR ii, LP B"
65,"HL MTR 2eb but only doji, 3 hour TR, and LOY MGB. Bears want C to be below LOY since would be stronger top on daily chart. BL want C above LOY and near middle of day"
67,"HL MTR, W 57 65, but BRB, LOY MGB"
73,"W 58 65 67 70 but 1t body, TTR 64, NS"
