BAR NUMBER,DESCRIPTION
1,"doji in Y 4 hour TR, LOM. Y was big doji and weak S SB for W on daily. Prob BB around LOY. Poss ID. Near LOY so prob will test LOY in 1st hour. Odds favor swing up from there, but likely TRD"
3,"BP S, LOY MGB, but prob BB around LOY"
5,"HL test LOY, PL, but BRB, 5 BBRMC, AIS, BB2"
10,"DT LH 1, but AIL. COL, but BB. Top of today’s range so btw"
11,"H1 but top of today’s range, poss SA"
12,"DT LH 1 2es, good SSB, PH, but more likely more TR"
14,"H2 HL but middle of TTR, 2 strong BRB, need stop below LOD, poss SA, btw"
16,"W HL but big bear bar. PL, AIL, ok to wait"
17,"big BLB, AIL, should test COY so BTC, but since early TR, prob TTRD"
18,no BRB so FT and prob MMU
19,"BO 18 bar range, but big tail"
22,"L2, test COY, but AIL, BL will B 50% PB near 16 H"
26,"HL, AIL, 50% PB, but doji, TC, near top of small day"
33,"OU, TC, AIL, BTC"
37,"f BO, W 9 19, 2 day ET, but TC, BB, SS2"
39,"BT 81 H, but cc BRB, poss SA at 36 C for DBL. might get MMU to HOY, but more likely will get TTRD and not reach HOY"
44,"PW, prob UTR in TTRD"
45,"BP B but PW, SA. Should test MA and 39 L"
53,"Tri, but prob FF and TTRD so SA. Poss HOD, but BB around MA and 39 L"
62,"BP B, SPBL, but limited up"
65,"W 43 60, but SPBL so LP stop entry S"
69,"BP B, AIL, but prob will not get above HOY, TTR so bad for stop entries since limited reward"
