BAR NUMBER,DESCRIPTION
1,"big GD, BLB, but big tail, prob TR for 1st hour. PL, but BB2"
2,"cc BLB, but doji, wait to B. BP S but 2 BLB, BB and below 1"
5,"f BO LOY 2eb, PL, but big bar, TRO, ok to wait. Might get DT or W at MA"
7,"new HOD, BLB, AIL, but tail so poss TRO"
8,"another big BLB, above LOY, AIL, prob BL TD or TRD. 70% chance 4 will remain LOD"
11,"WBRF at MA, but BLB, AIL. TR likely so ok S but BB around 50% PB"
15,"DB 10, 50% PB, HL MTR, AIL, but W so prob 2LSD, SA around 11 L"
19,"W 2 11, but strong BLB, AIL, MRV. Might test down to 15 L, but TTR more likely"
23,"big BRB, BO below 15 L, AIS, but prob BB 15 and below LOD, many BLB today, TRD since"
25,BP S but 2 BLB
26,18BD
32,BP S but 3 doijs
34,"PW 24 29, AIBRE"
35,"BP S, AIBR S, but prob TR soon. LLW MGB"
38,"PW, CSX, but big BLR, AIS"
39,"BP S but doji, LBL made money below 34, MMT, just above LLW SP, BB"
40,"PB, MDB, AIBRE, prob TR and test of MA and 34 H"
42,"DT 35 at MA but strong BLB, AIL, doji, BB"
44,"BP B, ok swing B"
50,"F BO, BRB, near OOD, but SPBL, BB"
51,"H1, should get to OOD, but might enter TTR 1st"
54,"BP B, should get to OOD, but then prob PB"
57,"BP S, AIL, 2LU likely after strong 56, but BRD, OOD MGB, SA, 56 BX L MGB"
58,"MDT, MGB, but BLB, AIL, BSLO"
64,H2 60 but strong enough 62 GU bar so SA
68,"big BLB, RB, but top of TR. Surprise bar so should go Hr, but a little early for BTC to make it to end of day. BL want C above HOD, but will be happy with C above open"
