BAR NUMBER,DESCRIPTION
1,"GU, BR doji, HOY and ATH MGA"
2,"big BLB, BTC"
3,"CC BLB, but need FT since 50% of strong BO on open F"
4,"COL, F BO, PH, AIBLE, ok S, but prob TRO. Might get cc OD days"
5,"big BRB, CC BRB, AIS, PH, but prob BB around MA and 50% PB"
6,"DB 1 but SA, BP S. room to 50% PB and MA so prob more down, but BLB so increased odds of early TR, esp since TC up to 3 H"
11,"PW 5 8, PL, AIBRE, but TC so MRV, BB2. BR wait to S Hr since TR likely after BUBD13 L1 but PW at 60ma and strong BLB 11 so BB. Prob AIL, but BLTR likely"
16,"DTBF 13, 5t, but LPS"
18,"Tri, slightly Hr P for BL since PW at 60ma and good BL RB, but TTR NS, btw"
24,"BO below 20 HL, AIS, but TTR NS"
28,"HL but AIS, BRB, SA, BR CH"
31,"BR CH, BRB, SA"
33,"LL MTR but BRB, 8 cc BRB, BB2. Still might fall below LOY for cc OD days"
34,"LL MTR at 60ma, but TBRC, BB, prob SA and more SD."
36,"CC BLB, LBL have been making money, BB and below 35 for BLTR"
38,"3 cc BLB, AIL, BTC, but should get PB to 33 H for LBR to get out since reasonable S for them"
41,"DT 22, ii, but 4 good BLB, AIL, BB, LPS. Might get PB to 33 H, BL want BO and COD at OOD for DD"
51,"ET 39 45, DT 13, BT 1 L, but AIL, OOD MGA. Might test 50 L before testing OOD, but odds favor C around OOD"
59,"f BO 50, bull ioi, ail, ok B for test OOD, but Hr P if WSS"
61,"LH but 3 BLB, AIL, OOD MGA, LPS"
65,"TRSD, LH, but TTR since 40, more likely more TTR. Still might test OOD"
