BAR NUMBER,DESCRIPTION
1,"W 12 51, BR want 2LD after Y selloff to 11, but doji in Y 70 bar TTR, prob LOM"
2,"BRB, COL but too L in BL CH, TTR, btw"
3,"H2 in BL CH, but mostly TTR, btw, TRO"
6,"PW 1 3, DB 75, PL, but TC, middle of TTR, BB2"
8,"3 cc BLB, AIL, BTC, but not strong rally since Y 35 L so prob BL TR"
16,"DT a, 2es, PH, ok swing, but AIL, TC, prob SW"
19,"WBLF 14 16, 50% PB, AIL, but TTR, top of small TR, weak rally. Range only 3.5 pts, still BOM"
21,"F BO HOD and 18 bar range, ph, but doji, TC, still AIL, SS2"
24,"3 cc BRB, but each only 1t so still AIL. BP B but 3 BRB, LBRM Sg 18 H, TTR, LPB"
29,"H2 in BL CH, AIL, but TTR. Range only 4 pts so 95% chance of BO above H or below L. strong trend unlikely"
39,"MDT 36 near top of CH, but SPBL, might try to reach Y 3 C since reasonable BTC"
52,"WBLF 42 47 49, AIL, but TTR, small day, ok to wait"
59,"missed Y C of 3 by 1t, f BO top of 2 day BL CH, W 21 39, PW 53 55, PH, but BR need 1 more bar for AIS"
62,"F BO 54 L, small ET 49 54, and 37 43 49 54, but since W top, prob SA or above HOD. Might get LH and 2LSD to test OOD in day that is mostly TRD. Bulls want new ATH. Unlikely to get big move UD since small day and now late"
