BAR NUMBER,DESCRIPTION
1,"doji, far below 2 ay ch, in middle of Y range, TR likely. Might test beginning of 2 day ch. BB, SA"
6,"BP S but doji, TTR, 60ma, BB. 6 BBRMC so prob SA around MA"
7,"Big OU, ORV up from 60ma, PL"
8,"DT at ma, BTC with stop below bar. DT at MA, PH, but at 60ma and TRD likely so LP S this L"
11,"f BO, PW 4 7, but strong enough BO for 2LU. Since TR likely, might get deep PB before 2LU"
14,"PW 7 10, but AIL, TC, room to COY, LPS"
18,"BT 1, good BLB, AIL, room to COY and ATH, but prob SA HOD. Might go SW for a few bars after PW top"
22,"DT, 5t, BLTR, LH MTR, but 2 strong BLB, AIL, TGTA, BB. Poss SPBL, but TRD more likely"
27,"Tri 14 21, ledge top, ii. AIL, but prob BLTR. LH MTR, ok s for HOD, but MGA, LPS"
32,"W 1 14, F BO HOY, F BO Tri 14 21 25, PH, ok S, but TC so MR. pron 2LSD"
41,"PW 33 36 38, DB HL 18 ,BLB, AIBRE, but prob SA. Since TR, might get close to HOD"
50,"DT 32, 2es top of TR, but BLB, TC 42, MRv"
55,"W 49 53, but only 4t from HOD, TTR likely"
57,"W 49 54, good BLB, but only 5t to HOD, TTR, poss still AIS, and might test OOD, btw"
66,"2LT, SV test OOD, 60ma, 6 H, but prob will stay within 2 points of OOD for rest of day and be DD. Might test 57 H"
71,"bear ii at MA, but 2 pts above OOD and OOD is magnet, SA"
