BAR NUMBER,DESCRIPTION
1,"GU to new ATH, but big BRB, PH. Since O on H, prob will not be HOD. Y big W bottom so prob BB for 2LSU. Y had small range so poss OD, but not likely"
2,"bar FT, prob BRTR"
4,"ORV up from ma, PL, ok B, but 2t tail, prob MRV. BUDC, prob TRO"
8,"cc BLB COH, BTC. Small bars, TR PA so far, so might be BLTR"
13,"PW 6 8, but 10 BBLMC, SS2, MRV"
15,"H1 but PW top and weak rally, LPB"
16,"FOB HOY 2es, PW, PH, but TRD likely"
18,"H1 at MA, AIL, but BUDC, SW likely, poss TTR and LOM"
21,"LH, might get swing down after 17 give up bar. Still no BO of 18 bar range, 90% chance either 13 is HOD or 4 is LOD"
26,"HL, bad FT, still AIL, BL BTC 25 and 17 L. tail, TTR, better to B with lim orders"
32,"LH but 3 BLB, TRD, 2LU likely"
37,"L2, LH, ok swing S but AIL, TTR, SWU more likely"
45,"W 30 36, LH, but TC, AIL, LP S. might get BO above HOD, then MMU based on L to O"
49,"DT 13, ok swing S for HOD, but prob more TTD"
54,"2 BRB COL, 5 CC BRB after DT, below MA, OOW TGTB, late in day, AIS, but since tr, prob bounce BL made money Bg strong Br C 1 3 17 25 and will BTC, but prob SA and 2LD"
56,"f BO, DB HL 25, bull ii, but 5 cc BRB, OOW tgtb, prob AIS and SA"
57,"LH, but LOM, better to S above 56. STC BR 25 never got out so MGB"
64,"DB, small W but MRV"
69,"DTLH, ok S for test OOW, but prob not big move"
