BAR NUMBER,DESCRIPTION
1,"BLB, new ATH, but tail, top of 7 day W BL CH. MM tgt 2559.50 on daily"
2,"BP B, AIL, but BRB, SA"
5,"f BO HOY, poss OD day, but MGA, 6 BBLMC. 25% chance HOD"
11,"CC BRB, AIS, but big tail 60ma and COY, 18t below 5, might test L of 1 for SBL, might go SW for 1 – 2 h in TTR"
16,"MDB at 60ma, W 1 11, even tho DB11, COH, AIBRE, PL, but MRV, AIS. Prob TR soon. BR want OD"
21,"L2 17 just below MA, BRB, ok L2 swing S but TTR, BB, 1t BRB. Many BLL will exit below L2 since still AIS, but 50% chance BB and test OOD so ok swing B"
26,"F BO DT 17 21, but AIL, TTR, BOM"
31,"OD, 4 CC BRB, might be AIL, but prob BB LOD and LOY since small bars with prominent tails all day"
35,"W 1 16, PL, OK swing B, AIBRE, but MRV. Still might go below LOY for OD, but prob BB and not big bear day"
41,"LH in BR CH, 5t, AIS, but 8 BBLMC, prob BB and below LOD and LOY. TR likely for test 24 LH, and prob COD around OOD for DD"
53,"DT LH 24, bear iii, but prob BB around 45 L and more TR"
56,"HL, AIL, but 2 dojis, room to 45 HL, limited up to around OOD, more TTR likely, prob C around OOD"
65,"HSB 16 34 so Tri, nested Tri 45 54, AIL, but prob magnet at OOD and C around OOD, so prob TTR and not good math for B scalp"
