BAR NUMBER,DESCRIPTION
1,"I leave at noon today to get ready for the futures.io webinar at 1:30. doji in middle of Y TR, LOM. AIL from Y"
2,"ORV up from MA, but middle of Y TR and 1st bar is doji, LP B, prob TRO"
3,"MDT, but AIL, TRO, btw"
4,"H2 at MA, AIL, but TTR so Lr P"
9,"W 1 3, BV test COH, PH, AIBLE, but BLB, LOM"
13,"BO to new LOD, AIS, but weak selloff and 60ma just below, LPS"
16,"PW 11 13, ORV up from 60MA, prob BRLT, PL, AIBRE, but MRV, BB2"
17,"L1 but DBR so prob BB around 15 C. AIS, but SS2. PL, ok swing B"
19,"good BLB, BR giving up, AIL, BOM 7 H and 16 L"
20,"CC BLB, but need BO 7 HOD. BTC BL 7 will exit so might get PB. BB want DT 7 and HOD, but prob BB. Prob weak BL day or TRD, if TRD, can get deep PB. Still BOM"
24,"DT 7, ii, like 9, BOM, but strong enough rev up from 60 MA so AIL and either BL or TR. LP S"
26,"HL, AIL, but doji, big BRB, BB2, still BOM and 4 pt TR"
27,"L1 but doji, BLB 26, AIL, BB and below 26. Small range day, early enough so still can be big trend day. If so, down more likely because W on daily, and BX on D, W, M"
31,"HL, 2eb, AIL, but TTR, middle of TRD, still BOM, ok to wait"
39,"W 27 34 LH, ok swing S, but middle of 7t TTR, ok to wait. Only 4 pt range so odds favor slightly bigger, which means either small new H or L"
45,"WBLF 37 41, AIL, but 7t TTR for 20 bars, btw"
53,"ET 25 29, HL, BOM, but BTR TTR"
67,"PW 50 58, but running out of time and BO likely before EOD. Since near HOD, BO above H for 1 – 2 pts is likely. LP S"
