BAR NUMBER,DESCRIPTION
1,"G above MMT on daily, but bear doji, STC"
2,"BRB, AIS, F BO HOY, STC"
3,"ORV up from MMT, btu doji, 2 BRB, SA. Weak FT Sg so poss ORV once closer to MA"
6,"tiny PW 1 3, ii, PL, but TC, room to MA and HOY, AIS, BB2"
7,"BP S, but weak SO. Still might become OD day"
9,"PW ORV at ma but only 1t body. Prob early TR. More likely 1 will remain HOD than 9 will be LOD. PL, but prob TR"
13,"DT 7 but doji, BLB, BB for test 7 H"
18,"LH MTR, DT 7, AIS, but 3 BLB, TRO"
24,"DB, and a measured move up"">DBBLF, PL, but big bar, TTR 5"
28,"LH, but bottom of TR after DB, BB. BOM, small day"
41,"LH MTR but TC, AIL, but unlikely to get big BO UD"
49,"BP B, AIL, but might get DT 1, btw"
57,"1t f BO, but doji, TC, still AIL, B PB unless big bear bar soon. Might C around MMT on daily chart since oscillating around it all day"
60,"doji, BR Fd to get 3 cc BRB, prob no new LOD, but might C in middle around daily MMT"
66,"BP B, AIL, but 11 BBRMC, SA. Prob will stay between HOD and 2559.75 MMT"
71,"LH, but 5 cc BLB, TTR, wft"
