BAR NUMBER,DESCRIPTION
1,"Big GD, big bar, but BLB, BD BUDC, prob a lot of TR trading today"
2,"BP S, PH, ok swing S"
9,"PW 1 3 5 6, LBL made money below 1 3 5, prob TR and test MA and OOD for 60 min doji"
10,"CC strong BLB, ALL, but BDUC"
12,"60 min bar is big doji, prob TRD, and poss 1 is HOD and 9 is LOD"
13,"small PW near MA, LBL from 8 H should make money. AIL, BB and around 8H. prob TR for next few hours"
19,"DT LH 1 at OOW, 2LT, but prob BB since room to OOD. Prob TR. Might test 14 L, but more likely TTR since LBR not yet making money, plus room to HOD, OOW, 60ma"
28,"Tri, AIL, but TTR, need stop below 14 since might get deep PB in big TR"
32,"F BO, AIL, ok B"
37,"DT1 but 5 BLB, AIL, BB"
39,"BP B, AIL, but 2 big BRB so poss SA and more SW"
45,"EG 43 at 60ma, but prob 2LU to LOY"
52,"F BO above LOY, 2LU 43, W 36 43, SBR above 43 should make money, AIBLE, prob 2LSD"
55,"BP B, but W 36 43, 60ma, prob SA for 2LSD"
61,"H2, AIL, but big BLB with tail. AIBL B but near top of TTR"
67,"BX 64, NW 43 51 and 19 43, 2es, might get PTg at EOD, but BLB, AIL, LPS"
69,"H2, AIL, but TTR, and PTg likely soon"
