BAR NUMBER,DESCRIPTION
1,"doji, AIL, but top of 3 day and 5 day channels on 15 min chart, so prob will reversed down within 5 bars on 15 min chart. Small GU on monthly chart, Cd immediately"
2,"strong bull bar, BTC, but prob not much up since top of CH"
3,"another doji, but no bear body, AIL, BTC. Y TR poss FF. not strong rally, top of ch, but no top, BB"
6,"big bar so BX above top of CH, still BTC, but T1b BL, BB, SS2"
11,"PW, PH, but 11 bars without BRB, SS2. Extreme BX so better to B Lr than 11 L"
13,"H1, but BUDC, poss TTR, LOM, reversing down from f BO above top of BL CH so odds favor SD to bottom of ch"
15,"MDB 13, but LBL form 11 L will S at 11 L so SA"
16,"LH but BLB, AIL, TTR, MRV. PW 10 so poss endless PB, TRSV"
24,"BR BO and FT, prob still AIL. tails, small bars, prob BLTR. Should test 16 LH"
26,"LH in BR CH, TL MGB after F BO above BL CH, but cc BLB, weak bear BO and FT, BB for test 16 LH"
31,"W 13 24, HL 2, but 2t above BL TL so MGB, doji, big BRB, BB2"
34,"BDBU so TRD, might test 16 H, but SA 26 and 16, BB and below 31 LOD"
38,"MDT, DT 26, but AIL, 7 BBLMC, BB"
46,"DT 16 but 16 BBLMC, BB. Prob SA around 16 H and HOD, but AIL, SPBL, too early to S"
54,"L2, SCT 35 47, but BLB, SPBL, LPS. TTR at top of TRD so LP B also."
62,"W 46 54 but SPBBL, LPS. TC, but more of a TTR, btw"
69,"OD but still AIL, SPBL. TTR, LOM, but AIL. btw"
