BAR NUMBER,DESCRIPTION
1,"big GU but BRB, ph, but 3t tail, btw"
3,"cc BRB so AIS, but OOD is HOD and that is rarely. Therefore will prob get new HOW within 1st hour. Bears want DT or W top, BL want DB or WBLF. Prob TR open. 2 big BRB early on make strong BL day unlikely"
6,"f BO HOY 2es but 3 cc BLB, HOD is magnet since also OOD. LP S"
10,"F BO HOD, F BO HOY 2es, BRB, but 5 BLB, poss SPBL, still AIL. Ok S for PH, but prob BB or around LOD and MA"
12,"3 cc BRB, AIS, STC. Should test LOD and MA. Poss MMD from DT 1 10"
17,"bull ii, DB 2 at MA, PL so ok swing B, but 8 BBRMC, AIS, many BRB today so strong BLT unlikely, SA. Poss small TR day"
26,"BO above small W LH. AIL, odds favor bull BO, but stop is further. BOM, ok B or S, but HPW"
36,"1t F BO, ok S for PH, but SPBL, BO of 18 bar range, 80% chance of Hr prices since range still only 3.75 pts, but prob will remain small day. Maybe TTRD"
51,"doji after big BLB so BX, but SPBL so MRV"
54,"1st PB, B PB, but poss SA hod, then TR"
61,HH but MRV. Should test MA. Might test ood since in middle 3rd
67,"20GB B, DB 54, but 6 cc BRB, OOD MGB, prob SA and SD, BB2"
70,"LH, but 2 dojis, better to STC or at 67 H than with stop since bottom of 20 bar TTR. TGTB is OOD for poss DD"
73,"F BO below HST, but TTR, LOM, wft"
