BAR NUMBER,DESCRIPTION
1,"small GU but BRB, HH MTR, room to MA. OOD is HOD so prob will get above H within 1st hour. TC 78 so BR will prob need 2es"
2,"cc BRB, AIS, but still should get above HOD today"
4,"ORV from near MA and 61, but 3 cc BRB, prob SA and above HOD"
6,"F BO HOY, DT LH 1, HST, 2es, but tail, HOD magnet, prob TRO. LOM"
10,"H2, ORV, PL, but 5 BRB, AIS, SA, BB2"
12,"W ORV at MA, at 74 H BOP, 50% PB, PL, but only 1t BB, BB2"
18,"F BO W bottom 3 10 12, L of 18 bar range, another W 3 12, ok B for LOD, but 50% chance of BO below and swing down. Prob small day and TR day"
24,"L2, 5t, but doji, BL exit below 18 so poss BB. Still no BO of 18 bar range. 90% chance either 1 will remain HOD or 18 will be LOD"
27,"F BO, 2LT 18 W, COH, ok B but might get small 2LD. AIBRE. BB 28 and 27"
30,"L1, AIS, 78 BX L is MGB, poss SPBR, but 4 cc BLB, LBL made money below 18, BB"
34,"Tri 27 34, but doji, still AIS unless strong BO above MA. Ok B for PL, but HPW for bull BO above MA"
43,"L4 at MA, AIBR S again, but prob BB lod"
50,"W 3 27 but 1t BLB after big BRB, BB2"
62,"ioii, AIS, weak B. BP S for test 60ma and LOY. Prob not much more down, but might go OD"
65,"DB 60 at 60 MA, just above LOY and at 60ma SP. AIS, but good B SB so 1st good stop entry B all day. AIBRE"
67,"DT 63, AIS, ok swing for test of HOY, but at 60ma and just above LOY so prob not much Lr. Poss OD"
72,"BLB and STC, AIBRE, despite TC, or exit 4t above"
