BAR NUMBER,DESCRIPTION
1,"GU, O on L, but prob ID so should test closer to LOY. Also, O = L so 80% chance will fall below LOU"
2,"big bear OD, should test ma and maybe LOY, but prob BB around MA and COY"
4,"AIS, 3 cc BRB, SA, but odds favor ORV up from around LOY, then ID"
7,"PW 1 5, ORV, 5t 5, HLMTR, BLB, PL, at SP of LOY, but big bar and might get 3rd push down after strong 2 3"
13,"W 5 10, AIS, but prob early LOD and BB. BL need BO above BRF"
15,"LH 2es but should test 1 C for BTC BLs. Also, ID likely, and reversing up from LOY so should rally 2 – 3 hours. Prob BLTR and TRD"
16,"BP B, but BRB. Odds favor up"
18,"bad FT, AIBLE below, but AIL, BT 15 H, NG, poss MMU"
26,"H2, AIL, should test C of 1"
30,"W 10 20, but SPBL and MMTA, MRV"
36,"iiii BLF, AIL as long as stays above 25 L, which was DB 25 BT of 15 H"
45,"DB, and a measured move up"">DBBF 25, AIL, but big bar in TTR, ok to wait"
56,"bull iii above ma, AIL, MMTA but prob SA above hod and at TG, the test back to OOD for DD"
61,"f BO, W 45 50, bear ii, at MMT, should test OOD, but might get 1 more push up. AIBLE"
66,"test OOD, but SA, prob DD"
69,"f BO, PW 62 65, should test OOD and maybe 68 SX H"
71,"BP S but 3 BLB, TRD, BB"
