BAR NUMBER,DESCRIPTION
1,"BLB, DB LOY, PL, but Y was ioi S SB and testing LOY so should test below"
2,"BO LOY so S signal on daily chart, but doji"
5,"big BRB, AIS"
6,"f BL LOY but doji, AIS, SA"
11,"PW 1 6 but cc big BRB, SA. AIBRE, but S below BRB"
12,"L1, AIBR S"
16,"another PW, CSX, AIBRE, but W below BRB"
18,"L1, AIBR S"
23,"PW 11 15, just above LLW, good BLB, AIBRE, PL so ok B"
25,"AIL, but MRV so should test down soon"
27,"F BO, but 3 BLB, AIL. MRV after TCH so might test LOD. MDT, AIBLE. BL need MTR"
33,"BO below 23, AIS, but prob BB LLW."
36,"L1, AIS, but bottom of SX, at daily MA, and prob will bounce up from OD on weekly so SS2"
37,"F BO, should get above 23 L BOP since 26 touched 17 L. should also get back above LLW. PL, but MRV. LL, but 14 BBRMC so not LL MTR. If strong MRV, BL will try for HL MTR"
41,"20GB S, but now AIL, BB for 2LSU"
44,"HL but only 2 bar PB so not clear HL MTR, even tho AIL"
46,"L2 but TC, AIL"
49,"DB 44, BTC 26 TGTA"
51,"3 strong BLB, BTC"
57,"BP B but BRB, prob MGB around 50% PB from H to L"
60,"DT 56, prob PB to around 26 H, then prob TR for rest of day, and day will prob C around middle"
64,"MA PB but 4 BRB, prob SA and TTR for rest of day"
66,"LH but TTR, AIL, BB. Might get one more new H for w with 26 and 60. Porb TR for rest of day around middle of day’s range"
73,"W 26 60, but TC 64, SS2. BP B but BRB, SC, middle of day is MGB, prob SA for close around middle"
