BAR NUMBER,DESCRIPTION
1,"GU, BLB, but at Tues L, which was ioi S SB, and Y was BDUC. TR likely soon"
2,"f BO 60ma, but TC 75, BB,"
4,"f BO 60ma, test HOY, F BO above Tues L2es, PH, ok swing S, but MRV. Might get deep PB to below 72 H"
6,"3cc BRB, AIS, but prob BRTR"
11,"ORV at 72 BOP, 50% PB, MA, PL, but 7 cc BRB, AIS, MRV"
16,"LU MTR, but strong RV, AIL, BB. BOM, odds favor BL BO"
19,"BO above 18 bar range, but doji, DT HOY, prob TTR and BOM. HH MTR but doji, TC, SS2"
21,"HH MTR 2es, PH, but TTR more likely"
23,"f BO, PB from BO of 18 bar range, still AIL but middle of TR"
26,"LH but 3 BLB, TRD, BB"
30,"HL for 2LU, but tail"
32,"BO and FT, AIL, but top of TRD, prob LH soon"
35,"LH MTR, L2 26, PH, ok S"
40,"F BO, LL DB 22"
42,"BP S but 2 dojis, BB"
43,"OU, MDB in TR, ok B but prob BLTR"
52,"LH 2es but strong enough 46 so prob BB, TTR"
53,"H2 50, but doji, TTR"
58,"LH, L2 48, but TTR, near magnet of OOD"
61,"LH 2es, but 2 pt TTR at OOD so more TTR likely"
73,"DT 67 but bottom of small TRD, OOD magnet above, BB and below 71"
