BAR NUMBER,DESCRIPTION
1,"GU, BLB, AIL, but small bar, Y was TR, BB2"
3,"H2 but big BRB 2, TR PA, poss LOM. PL, btw"
4,"H3, LL, still AIL, but big BRB, TRO"
6,"DT 2, but AIL, odds favor MMU after 5 BO above 4, triggering H3 B"
9,"ii, AIL, HLW MGA, but might need WSS since BRB and many reversals, and LBR still trying to get back to 6 H"
11,"H1, AIL, G 16 H, but 3 BRB"
15,"H2, bull ioi, ok B, but weak bull, poss DT 10"
18,"ii, poss SPBL, AIL, should test HLW, ok B"
22,"H1, should test HLW, ok B. SPBL, do not S"
25,"SPBL, BTC, do not S"
29,"PW 16 21, but SPBL, 18 bar BLMC, BB, do not S"
30,"H1, ok B but CBX so poss TTR soon"
34,"EG 31 32, L1 =2 from Wednesday, prob will stay around OOW for rest of day since doji likely on weekly chart"
37,"ii H1, but TTR, prob SA HOD, then more TTR, and prob will C around OOW"
42,"H1 but top of TTR, SA for test MA and 35 L, and maybe 30 L"
44,"LH but MRV in TTR, AIL, BB at MA and 36 L. BR need cc big bear bars to become AIS"
52,"MDB at MA, AIL, but middle of TTR. Prob SA at 40 H or 1 pt Hr. TTR so many will scalp B here"
65,"in B zone at MA, but LH likely, then test OOW"
71,"L2 LH, should test OOW buy end of day"
