BAR NUMBER,DESCRIPTION
1,"doji, small GU, still AIL, SPBL since 31 Y, but BB2"
2,"BLB, still AIL, BB around MA"
4,"ORV up from MA, but strong 3 so might get f BO HOY 2es"
7,"bear ii, 2nd F BO HOY so ok S for PH, but strong 4 5 so more likely BB and one more push up. But, if new H, then bears will look for W top and early HOD"
13,"Tri ORV at ma, PL, but tail, still on 7 S. BOM"
16,"bear ii, Tri, still on 7 S, but above MA and still on 13 B. BOM"
22,"1t F BO LOD, BLB, ok B for swing up, but still TTR. Only 3.5 pt range so 998% chance will get either new H or L, or both. Bears want BP S in BR CH, but now AIL. Still in middle of TTR so still BOM, but slightly Hr P for BL"
27,"DT LH MTR in TTR, bear ioi, 40% chance of swing down. Odds favor BB and new HOD, but range will prob remain small. Should get at least 1 – 2 pts bigger since only 3.5 pts"
40,"DT 5, but TC, AIL, LPS. Range still only 3.5 pts so should get bigger. Ok to be flat"
52,"H2 at MA, BLB, AIL, range should get bigger"
68,"MDT, W 14 43, but SPBL, BB"
71,"h2 at MA, AIL, SPBL, but small range so prob not much up"
75,"F BO top of CH, but strong enough BO so LPS"
