BAR NUMBER,DESCRIPTION
1,"50% PB, COH, AIL, bottom of TR (HST) is MGA, ok B"
2,"cc BLB but just below 4 hour TR, RS"
3,"BP S but 3t tail, AIL, LPS. Prob TR below HOY and above 60ma"
8,"L2 but not quite at MA< AIL, prob BB"
9,"DB 4, AIL, room to TR and COY, ok swing B"
11,"ORV at MA and bottom of TR, COL, but 5 good BLB, BB"
12,"BP B, room to COY, AIL, but poss PW top soon"
15,"ORV test of bottom of Y TR, PW, LH MTR, PH, but many BLB COU, MRV more likely"
18,"BP S but BRB, BB"
19,"DB 12, but 3 CC BRB, BB2"
21,"H2, but LOM"
22,"big OD, AIS, but TRD, LOM, BB at 4 start of BL CH, LOD, and at 60 ma"
24,STC for test 60ma
25,"still STC but only 2t above 60ma, btw to S PB or strong BO below since prob bounce soon"
27,"SV test 60ma, PL, LBL at 1 L are Bg, strong BLB, AIBRE, but MRV"
32,"L2, BRB, AIS, BR want SCBR, but more likely BB LOD and TTRD. BR need strong swing down from here. Poss BB around MD from HOD to OOD for poss DD"
35,"FF 27, W 1 27, SV test 60ma, PL, ok B, but LTR in TTRD likely. OOD MGA at EOD for poss DD"
38,"DTBF 32 but BB, prob AIL, should get back above L of 1 and should test OOD, but might test LOD 1st"
44,"SPBL, but prob SA around L of 1 and OOD, prob TTRD"
49,"DT BF 31, bear ioi, 1t BO above 1 L, but SPBL, MRV. Might test 39 F and 50% PB"
53,"BR BO but LTR so prob BTC, not STC. BB 39 and LOD"
56,"HL MTE, but 2 BR dojis, more SW likely. 60% chance of testing OOD before EOD. Prob DD"
62,"BP B, MDB, OOD MGA, but top of 6 bar TTR at top of LTR, NS. should test OOD and C around OOD, but might test 54 L 1st"
67,"3 cc good BRB, but might form DB 54 HL MTR. Bears want STC"
72,"W 39 54 HL MTR, but 6 BRB in TC, not enough time for swing. Still might reach OOD. AIBRE"
