BAR NUMBER,DESCRIPTION
1,"f BO Y TR, but O is HOD so odds are Emini will get above O at some point"
2,"ORV, PB to below top of TR, but doji, small bars, btw"
4,"f BO Y TR 2es, BRB, PH, ok swing S, but odds are O will not remain HOD"
6,"BLB so F BO. H2 Orv up from MA, but only 1t BLB, LPB, still AIS and on S below 4. small bars, ok to wait for more info"
7,"OD, G below 3, still AIS, but small bars, 50% PB from GU, test of ma and 60ma, 2 dojis so weak selloff. Next TGT is COY, then bottom of Y TR, which is LOY"
9,"ORV, W 1 5 PB to MA, 50% PB, AIBRE. TC, doji, weak B, but PL"
12,"DT 7, but cc BLB after W ORV so AIL, BB. Small TTR so far, lots of reversals, lots of lim order entries and scaling in, most should wait"
17,"DT LH 1, but should get above 1. Since small day, might get F BO above 18 bar range. BTC, but prob PB soon after BO"
20,"BO, but TC, BTC. Since PB likely soon, ok to B small and scale in Lr. F brlow 16 and 18 so poss SPBL and MMU"
22,"big bar so BX BO above TC, PB likely soon. LBR will S 1 pt above 1. AIL, BL want MMU, but TTR likely after weak BO of quiet TR"
28,"B1 but 7 BBRMC, prob TTR and more SW. AIL, but stop below 9 LOD. Poss SA for test 9 BX L"
31,"LH but 3 BLB, AIL. TR likely for at least another hour, LOM"
33,"F BO, but TTR, LOM, poss for rest of day"
52,"BLB at MA, AIL, odds favor at least minor new H since small day, but TTR, NS. Not likely to get big BO since too late in day and day is small"
62,"DT MTR 22, should test OOD and prob will stay around OOD for rest of day to create cc doji days and ii on daily"
64,"BP B, test of MA, but prob not much up"
72,"f BO, MDT, but OOD only 5t below, and risk is 7t, and prob not 70%. Wft"
