BAR NUMBER,DESCRIPTION
1,"Y ended with small W inside a 2 day w. it is a 2 d SCT, but the CH was tight so the odds are against a big bear trend. BX on 5 and 60 min and daily charts so bulls will take profits around HOY. Therefore TRD likely. Now deciding on direction of 1st swing"
2,"cc BLB, AIL, but test HOY, btw"
3,"ORV down from ma, but 2 day TC, btw"
5,"ORV up from 15ma, 20GB B on 15m, H2 1, PL, but 2 dojis, big BRB, prob TRO"
7,"DT test HOY but no BRB in 4 bars, AIL, BB"
11,"BP from 6 BLR, but top of TTR, tail, LOM"
13,"DT 2 but OD, middle of TTR, LOM"
15,"H2 9, still AIL, but tail, LPB"
22,"f BO HOY, MDT, prob BLTR, but AIL, G 13 H and 17 H, G below 17, 8 BBLMC, BB, SPBL"
23,"BP B, SPBL, poss BO and TTRD, but top of 3 day ch, prob BLTR"
25,"F BO HOY, but SPBL, TC, BB, but poss SA and UTR and TTRD"
30,"H1, SPBL, but far above MA, CBX, so prob PB soon. Don’t S"
32,"PW 26 29 31, but wait ti B since too far above MA, and PW, prob PB soon"
36,"PW but TC so MRV. If BLF lasts about 10 bars, bears will be ready to S bear BO and FT"
40,"4 BRB, BUDC. 20 GBB, but SA, PH, BB2"
44,"LH but MRV, BB 40, prob LOM, UTR in TTRD. Should test near 34 C at some point since BTC BL never got out"
49,"DTBF 44, L2, but LBL 34 C will B Lr so LPS"
54,"f BO, BDUC, should get to midpt of 34 BTC B entry so odds favor SU. Surprise bar so poss 2LD 1st"
60,"HL after strong 53 RV, but TR likely. LBL from 34 BTC need rally above 56 H to get out breakeven. Bears want C below OOD for B RD. TR most likely"
63,"Tri, MDB, good BLB, TGTA is MP of entry for 34 BTC SBL. Bodies shrinking on daily chart so today will prob have less than 5 point body. This means C below 2535.00"
70,"LH MTR but BLB, prob SW until EOD with C below 2535.00"
