BAR NUMBER,DESCRIPTION
1,"bull doji, new ATH, AIL, room to top of BL CH above, but weak BSB"
2,"2 dojis, but AIL, BLB, BB. F BO HOY but 2 BLB, BB"
5,"f BO HOY 2es but no bear bars, TC. PH, but SS2. Poss BB for test of top of CH"
7,"bull ioi, AIL, f L2, TGTA, but TTR, LOM"
12,"DT 5, COL, bear ii, PH, but AIL, BOM, ok to wait"
13,"f DT, AIL, bears will give up above 12, but weak B SB, ttr, so LP BA. BL need BO and FT"
17,"f BO DT, COL 16, PH, ok swing S, esp if WSS. Still AIL so poss 2LU after 14 BO, but weak rally so prob BLTR. AIBLE"
21,"H2 18, but 2es 16 20. AIBL will B above 20 and ALBR will exit there"
24,"4 CC BLB, BTC, but top of BL CH, small bars, so prob will not reach MM up from 23 MG"
30,"H1, still BTC, but CBX, MMT 4t above, prob PW soon, better to B PB. Only B if WSS since TR likely soon"
32,"weaker BO 31 at MMT, CBX, better to B PB, BR will start to scale in at new H"
36,"BRB in 17 BBLMC, CBX, AIBLE and wait 5 – 10 bars before Bg again. 32 – 34 is strong BX in CBX to prob EG, but might get 1 more pushup. TGT is 33 L bottom of BX"
39,"BT 31 H but 4 BRB after PW and extreme BX, prob SA for test 33 BX L"
42,"DB at 31 H so 2nd BOT, but BRB, prob TR"
45,"DT, but MRV. BTC BL 35 Sd out of longs so prob TR"
49,"Tri 35 44 but middle of TR, AIL, LPS, TRSV, but odds against big rally, and odds slightly favor test 33 BX L before eod"
61,"WBLF 46 51, AIL, HL 39, ok B for TRS, but prob will not go up 4 pts since 30 bar TTR"
68,"HH MTR, F BO, 2LT 64, but strong enough BO so BB. Btw"
74,"H2 but TTR, wft"
