BAR NUMBER,DESCRIPTION
1,"doji at 50% PB of Y’s BX so TR open, and increased chance of TRD. Might get back into Y TTR and stay sideways, creating a H1 BSB on daily chart for Monday"
2,"COH, PL, but not big, and big GD so prob TRO, LPB. Bulls want DB or W bottom, and BR want DT or W at MA"
3,"BT 39 L, PH, but another doji in TTR. LPS"
5,"F BO Y TTR 2eb, PL, still on B above 2, but BRB, TTR"
8,"ORV L2 at MA, PH, but cc strong BLB. Confusing open so LP B2 and LP S 8. Prob more SW"
10,H1 but BRB and just below MA. LPB
12,"ORV at MA, W 3 7, PH, but BLB. BR need CC big BRB for swing down. TRD still most likely"
15,"F BO LOD, but strong BLB, AIS, SA, but LBL 10 L will prob make money so should test above 10 L. might get 1 more push down 1st. prob TRD, even tho now AIS"
16,"BP S, AIS, but strong BLB 15, prob TRD or TTRD, LP S"
18,"PW 10 14, but doji, BB2. Prob TRD or TTRD. If TRD, OOD will be magnet at EOD for poss DD"
19,"BP S but BLB, LBL making money, BB"
21,"PW 2eb, reversing up from bottom of 18 bar range, PL, ok swing B"
26,"L2 at MA, but LBL making money all day so prob BB around 20 L and LOD. 40% chance of DTBF 16 and MMD below 18. More likely, this selloff is BLF and day will be DD, closing around the open"
28,"W 1 18, but tail, strong 26 27, BB2. BPS, but BLB just above Y 21 BX bottom and 60ma, LBL made money many times, prob BB LOD."
31,"DB with 27 W bottom, near SP, iii FF, ok swing B, but BRB, BL need BO above MA else still BR CH"
36,"W 1 18 27, many tests of 27 L, bull ioi, many BLB COH, weak selloff so prob BLTR, often reverses 24 or 26 if TRD, ALBRE, ok swing B for 2 hours SU. OOD magnet, day will prob C around O and form DD"
40,"DTBF 24, but 4 cc BLB, AIL, BB around MA, which was RS. Might get deep PB to near LOD since TRD likely"
45,"HL, bull ii, AIL, but middle of TR, big bar, btw"
55,"H2 above MA, AIL but just below O, which is magnet at eod"
67,"W 47 58 but small range, just above O MGB, prob C around O. TTR, wft"
