BAR NUMBER,DESCRIPTION
1,"Bull bar, triggered B signal on daily chart, but small bar, tails, 120 bar TTR, btw. Since room to MA, LBL will prob B 1 – 2 pts below 1 and not at 1 L"
2,"OD, F BO HOY, LH MTR, but tail, TC"
3,"cc BLB, AIS, but prob BRTL"
4,"big BRB, still STC, but prob bounce soon. BL will try to get back above HOY to trigger B signal again"
6,"ORV up from 15ma, COY, 5t below 4 C so BR scalped, but 3 strong BRB, AIS, prob SA. But, since might go back above HOY and L of 1, BR need stop above 1"
8,"L1 but BLB at 15ma and COY, TTR, BB"
11,L2 but TTR. Still AIS and might get OD so ok swing S
12,"f L2, ORV up from 15ma, but TTR, AIS, LOM. SA around HOY, BB around LOY"
17,"W 81 6, strong BLB, PL, SBL starting Bg around 1 L so MGA, ok swing B. AIBRE. Should test HOY since Y was BSB on daily chart and B triggered on open"
25,"L2 19, 50% PB so poss BR CH, poss 2LT in TRD, but TC, HOY MGA, AIL, prob BB"
31,"DT 25, LH in early BR CH, but more likely BB for closer test of HOY"
34,"many BRB so poss AIS, but tiny bars in middle of TR so SW more likely"
42,"DB 21 2eb, AIL, but TC, middle of very TTR, btw"
56,"LH, iiiii, but TTR, LPS. Tgt 60ma and LOY"
61,"big BRB, but TRD and at 60ma and new LOD. BL will BTC, stop order bulls want MDB. BR want to S Hr, not neat LOD"
62,"f BO LOD, test 60ma, but stop order BL prefer BB2"
64,"L1, AIS, but prob BB around LOY. L1=2 is 2t below LOY"
70,"l1=2 MMD, 2LD 61, 9t below LOW, good BLB, should bounce soon, but 6 bar BRB BO so many BL will not B with stop unless 2nd entry. usually not big rally late in day after TRS down, but might get back above 60ma"
72,"L1 but 3 BLB, too late for STC so prob SU, BB, esp around 69 C where STC BR will B back their shorts"
