BAR NUMBER,DESCRIPTION
1,"OU after H2 80, PL, but TTR at MA and 60ma"
3,"H1, 3 BLB, but top of TR 78"
4,"SBU, OOW MGA"
5,"CC BBLB, SBU"
7,"F BO HOY, BX, AIBLE, MRV, SS2. PS deep PB from BTC"
9,"H1, AIL, but 3 BRB, tail, PS SA and SW"
11,"F BO HOY 2es so L2 top, but tail, strong BL BO, SS2"
15,"AIL, BOM, COH, but need stop at least a little below 9"
17,"oo BLF, 16 OD BRT, should get above OOW and PS top of Aug ledge 2946.00, but TTR late in BLT so PS FF"
18,SBU
19,"BRB, but 2LSU likely, H1, room to Aug ledge top MGA"
22,"at top of Aug ledge, OOW and FF MGB, BRD so DBL, PW 10 18, FF 16, AIBLE, SS2, PP MRV"
24,"H1 but 3 BRB, far above MA, BB2, PS DBL SA"
27,"H2 but 5 BRB, room to MA, PP SA. EPB"
32,"SBD, FF 16 MGB, but 20 GBB, PS 2LT 28, SS2"
33,"BLD so bad FT, but still FF MGB, EPB"
35,"CC BRB COL, BO below OOW, cc BRB, PS AIS, should test apex of FF 16"
37,"SX at bottom of FF, PTG likely, might be more BTC than STC. SS2, BB2"
38,"SX, PW 32 BO, DB 16, AIBRE, should test 37 SX H, but MRV"
40,"L1 but 37 SX H MGA, SS2. PP TR for rest of day"
44,"WBRF at MA, but TC, TTR likely"
48,L1 but PP BB 37 since more TR likely and OOW MGA
50,"F BO, OOW MGA"
52,"SBU, AIL, should get above 44 RHST since TR likely and expect BO beyond SR"
54,"F BO, but 5 BLB, SS2"
55,"H1 but BX at top of TR 44, BB2. BC BL exit 4 – 6t below BLB"
56,"SBD but test HOY and 60ma, PA 2LT 37"
57,"ET 37 49, AIBRE, but TR, better to wait for breakout or 2nd signal. Low probability, bad for stop entries."">BBBR for H2 BL 38, BB2, some BL will wait to B 50% PB to reduce risk"
58,"L1, but BLB, big REVU 57, PP BB, SS2"
60,"ET 2eb, but PP MRV and continued TR since 7"
62,"DTBF at MA, but PP MRV and HL"
64,"DBHL 60, HL MTR, but 2 BRB, might get 1 more leg down, need stop below 56"
66,"ioi, H3 and Tri, HL MTR 2eb. BOM for swing up to OOW or down to 60ma. Still on 62 S and 64 B"
