BAR NUMBER,DESCRIPTION
1,"BLB COH, T1bB, BTC. BGU."
2,BRD but BL will BTC to prevent dip below 2
3,"BBLB COH, BTC"
5,"BX, MDT, F BO HOY, AIBLE, PH"
6,"H1, AIL, but small body, 5t, still on 5 S, far above MA"
7,"SBU, but PS SA 4 since many bars with tails, far above MA"
11,"COH, BTR, but micro SCT 7 spike, many bars with tails, TR likely soon"
13,"f BO HOY 2es, nested SCT with 4 and 7 spikes, 5t 11, many bars with tails, TR likely soon, AIBLE, but SPBL, MRV"
16,"H1 but 3 BRB, lots of TR bars, BB2, PP SA and above HOD. TR likely"
20,"W 4 13, but only 1t BRD, SS2"
21,"H1, HLW MGA, but 2 BRD"
24,"H1, HLW MGA"
26,"PW 19 23, CC W top 13, DT HLW, PH, but TC, PP MRV. 99.99% chance of touch of MA at some point today. Many bars with tails to TR likely at some point"
27,SBD
28,"20GBB, but 3 BBRB, AIS. BUDC"
30,"20GB B, but SBDM, doji, AIS, PP SA"
33,"L1 but BB at 5 L for SBR, tail 31, TR likely, SS3"
34,"W 28 31, DB 5, but BRB, BB2"
36,"L2, PS MG 31 but BLB, btw"
38,"L1, but huge REVU from new LOD, PP BB, SS2"
39,"HL, PP AIL for f BO LOD and big REVU. BLD, PP TR for rest of day and C around middle of range"
43,"OD, HH DT 37 but 4 BLB, PP BB and TR"
47,"ii, DB HL 39, AIL but BLTR"
49,"H1 but big tail 48, TR, better to wait for breakout or 2nd signal. Low probability, bad for stop entries."">BBBR, BB2. 40% chance new HOD even though f 18BO UD so odds favor TR"
52,"W 37 43, but 8 BBLMC, doji, BB, SS2"
54,"L2 52, f BO 48, but BLB, TC, SS2"
57,"H1, BL CH, but 3 BRB"
64,"W 48 54, LH, but 6 BLB, HLW MGA, SS2"
67,"H1, AIL, MGA, but TTR, BBR, BB2"
70,"2es but TTR, just above MA, MGA, LPS"
