BAR NUMBER,DESCRIPTION
1,"BLD, AIS from Fri, PH, 60ma MGB and Oct 7 H BP MGB, but just above LOY, far below MA, SS2. Y is S SB for L2 and DT on daily. Last week is B SB on weekly. Every day last week had at least one reversal."
2,"BO LOY, MGB, but tails, far below MA, not STC, BTW"
3,"F BO LOY, H2 79, but doji, MGB, BB2"
5,"DT 1 but SBU 4, cc BLB 4, COH 4, AIL, PP BB"
6,"H1, AIL 4, COY and MA MGB, but top of TTR"
9,"DT 80 at MA and COY, 60ma and Oct 7 H TGTB, L 2 5, PH, but TBRCH, AIBLE, MRV, TRO"
12,"DB HL MTR, but 4 BRB, just below MA, PP MRV"
15,"3 CC BLB, AIL, but TRO"
17,"ii, H1 and DT 8, BOM, 50% chance BO will F"
19,"F 18BO, BBRB, OD, OO, W 1 8, but tail, middle of TRO, SS2"
20,"H1 but doji, after OO so AIS, SA"
22,"L1 at MA after OO and f 18BO, but cc BLB, middle of TR, many BLB, still in BOM, still PS PB from 18BO, BTW"
24,"DB 20, PB from 18BO, but BRB just below MA, middle of BOM. PP TTRD, should get BO UD within 5 – 10 bars"
27,"LH DT, but CC BLB, SS2"
28,"H1 but middle of TTR, BW"
30,"OD again, HSTBF, but LH and HL 12 20 24 so TRI, BOM, LOM"
33,"ii, apex of TRI, BTW"
34,"f BO, but BLB, still in BOM"
36,"F BO Tri 20 24, but 2 BRB, still BOM"
42,"H2 20, H4 28 33 36, WBLF, COH, AIBRE, but LOM, TC, MBB, HPW"
46,"OD, 3 CC BRB, MDT at MA, unable to get BO and FT above MA all day, MGB, but TTR, LOM"
50,"F BO 42, LOM"
52,"H1, IB, but at MA, middle of TR, HPW"
54,"cc BLB COH and above MA, 4 cc BLB, AIL, but still TRD"
55,"BLT, but 4 BLB, cc C above MA, SS2"
56,"H1 but tail, stop below 50"
58,"f BO MA and BR TL 2ex, should test 51 H BOP and MA"
59,"BR ioi, L2 55, AIBLE, PP MRV down to below 51 BOP H"
62,"BO, PS MG, but might be BTC since BT 51 H and MA PP now SP. SS2"
66,"L1, OOD MGB since TRD, but BLB, low in TTR, PS BB, btw"
68,"W 56 62, but doji, room to MA MGB, TC"
