BAR NUMBER,DESCRIPTION
1,"small GU, but doji. LOM. PP will test HOY"
2,"BL IB, CC BLB, AIL, H1, PL, but tails 1 and 2 so not yet strong"
4,"BX, PH, COL, AIBLE, but PP BB after 4 BLB and GU"
6,"H1, but small BLB, BRB 5, far above MA, NS, HPW2B"
7,"BO, PS MG, BTC"
8,"BLD so BL FT, still BTC, T1BU"
9,BBLL. Fri SX H and HLW MGA
10,"CC BX, L2 5, PH, but only 1 BRB, BLB, BB, SS2"
11,"H1, HLW and 3000 BRN MGA, but BRB, PS PW"
12,"BO, SBU, but tail, PS PW soon"
14,"BO, still BTC, 3000 BRN MGA, but PS PW 9 12"
16,"H1, 3000 MGA, but doji, PW, PP PB soon"
18,"still BTC, but extreme BX, exit below any bar since PTG likely soon"
19,"F 18B0, F BO 3000 and HLW, PW 9 12 14 18, COL, PH, AIBLE, might get PB to below HLW since weekly B signal, but PP MRV"
21,"SBD, should test HLW"
23,"H1, AIL, just above HLW so BT, but SBD 21, PP MRV and more TR"
25,"LH, HLW and MA MGB, but MRV, PP too L in developing TR 15"
27,"H2, but TR 16, HLW MGB"
29,"LH DT in TR, but doji, AIL, PP BB and below 23"
32,"L2 29, LH, F BO DT, but PP MRV. H1 but BRB, BLTR, PP SA"
36,"H2 33, HL, AIL, but almost to MA for 20GBB, 3 BRB, PP SA, BB2"
39,"LH but AIL, BB at MA, TTR"
40,"Tri 26 36, but doji, just above MA. PP FF, SA 19 and maybe 31. 99.5% chance of at least 3 bars touching MA at some point today"
43,"W 24 31, LH MTR, should get PB to MA here or soon, but SBU 41 42 so PS one more brief new H before PB"
48,"20GBB, good BSB, but SBD 47 and will get at least one more bar with L below MA so need stop below 23"
52,"BO, PS MG, might get new HOD but PP SA 19 since another PB to MA likely today"
54,"1 t f BO HOD, HH MTR, COL, L2 50, 99.9% chance of at least one more bar with L below MA, AIBLE, ok S esp if WSS"
56,"H1 in BL CH 26, but L above MA, BRB, BB2"
60,"W 43 54, COL, should get PB below MA, AIBLE"
62,"PB to MA, but 3 BRB, W top, and only 3 bars will L below MA, PP SA, might test HLW and 23 bottom of BL CH"
67,"H2 62 but 4 BRB, HLW MGB, PP SA"
69,"BO, HLW MGB, 6 CC BRB, but small and L in TR 15, not strong STC, S PB. might bounce soon"
