BAR NUMBER,DESCRIPTION
1,GD but middle of Y TR. 60ma MGB and HLY MGA. BRD. LOM
3,"cc BLB, room to HLW and ma, but small bodies, big tails. L1, room to 60ma, but cc BLB, PP BB. TRO."
6,"BBRB, C near L, 3 BRB, AIS, 60ma MGB, but every bar has tails, not strong STC. PP TRO."
8,"LL DB 1, F BO Y TR 2eb, PL, AIBRE, but tail, 4 BRB, PS SA, room to 60ma MGB, BB2"
10,"BO, BBLB COH, 3 BLB, AIL, but top of TR and just below MA"
11,"FT, PP will go HR"
12,"COH, BO 1, PS MG, 5 CC BLB, BTC, but just below HLW"
13,BRB after 12 BO so DBL 12
14,"DT 3 just below HLW, but AIL, BLB, BB, SS2"
15,"H1 but BRB, BB2, PS SA"
16,"OU, DBL not giving up, PP will get BL BO"
17,"BO, BTC, should test GX H and maybe COY"
20,"F 18BO, F BO HLW, W 3 13, PH, AIBLE, but TC, MRV. Might oscillate around HLW and remain ID"
22,SBD
24,ii PS FF
25,"SBD. 7 BBRMC, but middle of TRD"
26,"BRT, W 20 22, COH, still AIL, but 8 BBRMC, MRV"
29,"LH DT but 3 BBLB, MRV"
30,"H1 but CC BBRB, PS SA, BB2. Oscillating around HLW for 20 bars and PS all day"
32,"L1, might test 25 C, but middle of TR 13"
35,"L1, 60ma MGB, but 2 dojis"
38,"H2 20 but BRB, TC, PS SA. L1 but small bars, weak BRT, L in TRD, PS BB, SS2"
40,"ioi, BOM, weak BR CH, but 60ma MGB"
42,"BRT 41 but doji, SPBR, 60ma and GX L MGB, PP SA, PS MG"
43,"L1, SPBR, but BLB, PS BLSC below, but LP B since SPBR"
48,"W 42 46, good B SB, SX, just above LOD, PP MRVU to at least MA, AIBRE. Still should test 60ma and GX today, but might be SU for an hour"
50,"DTBF 43 at MA, but BLB, PP 2LSU after SX"
53,"ioii BRF at MA, MGA, but TTR, TR, better to wait for breakout or 2nd signal. Low probability, bad for stop entries."">BBBR, LWP"
56,"DB HL, ioi, should test 26 L BOP and 60ma today. Mkt deciding which 1st. TRD, PP will C around OOD, but MGB. Might rally for hour and then PS quick move down to 60ma at EOD"
60,ii should test above 26 L and 60ma
61,SBU but reached 26 L MGN and TRD. Might get C around OOD for DD
64,"H1 but BRB, TRD, PS BRT 62, PP SA"
65,"EBRT, MDT, but 3 dojis, AIL 61, HLW MGA, SS2"
67,"5 BRB, 60ma MGB, but small, not strong STC"
69,"SBD, 7 BRB, but at 61 BX L and OOD"
