BAR NUMBER,DESCRIPTION
1,"small GU above 3000 BRN, but doji, LOM. Should test 60ma today since too many bars above it"
2,"H1, AIL, but another doji"
3,"COH, PL, but 2 dojis, BB2"
4,"CC BLB COH, BTC, but 2 is weak B SB so might get test of 2 H within 1st hour"
5,"L2, PH, 2 H MGB since weak BSB, but 3 BLB, SS2"
9,"H1, BT 2, MDB, AIL, but lots of TR bars so PP SA 6"
10,"W 1 5, PH, NW since 60 min W also, but BLD, SS2"
13,"L1, CC BRB, but just above MA, TRO"
15,"DB at MA, but doji, 3 BRB, PS SA. L1, AIS, might get MMD 2 to 60MA"
16,SBD
17,"F BO, but cc BRB, 2LD likely, SA"
18,"L1, AIS, but BLD so LRP"
20,"PW 12 14 17, f 18BO, test HLW, F BO 2 2eb, but TR, better to wait for breakout or 2nd signal. Low probability, bad for stop entries."">BBBR, tail so LRP"
22,"DTBF 18, BRB, 40% chance swing down, but only 2t body"
26,"HL, but MRV, still on DTBF, BB2"
27,"L1, still on 22 S, AIS, should reach 60ma today, but middle of TR 18, PS LOM"
30,"W 2 19, but only 1t BLD, BB2, should test 60ma today. L1 but W and BLB, PS BB"
32,"L1, AIS, but BLB COH, LBL MM, NW 2 19 and 26 29, PP BB. AIBRE above, ok B for bounce, PL, but should reach 60ma today even if bounce here"
35,"NW, ii 2eb, but PP MRV since 60ma MGB"
37,"3 cc BLB after NW, AIL, 2LSU likely"
40,"iii bull flag, but small bear bars, PS FF"
43,"W 32 37, FF 40, 60ma MGB, but small bars, loss of momentum, PP MRV"
46,"SBU, but weak rally"
47,"W 37 43 but SBU, SS2"
50,"DT with W top but BLB, SPBL, OOD and 21 H and 3000 MGA, SS2"
51,"H1 but BRB, LBRM above prior H"
53,"W 46 50, PH, AIBLE, but small doji, TGTA, only S if WSS"
55,"SBD, but TR since 18 so PS BRT and PS BLSC BTC. More likely, will work LR down to 60ma before EOD"
56,"EBRT, OOD MGA, but 60ma MGB, BB2"
58,"ioi, 2eb, but TR 38, 60ma MGB"
60,"LH for 2LSD from W top, but 4 BLB, PP BB, SS2"
61,"H1, AIL, but BRB, top of TR, PS SA"
66,"H1, but BRB, PW 56 60, test OOD, PP SA"
67,"PW, L2 54, test of OOD, MDT, AIBRE, 60ma MGB, but SPBL, PP MRV"
70,"OO, BOM, OOD MGA and 60ma MGB, but TR, better to wait for breakout or 2nd signal. Low probability, bad for stop entries."">BBBR"
