BAR NUMBER,DESCRIPTION
1,"BBLB COL, 20 GB B on 60m, but just below MA and middle of TR, and Y was S SB for W on daily and GX L just below, and OOD = LOD and that usually does not last all day. BB2. Should test below L of day. MGB"
3,"H1, but BRD just below MA, MGB,"
5,"BX at MA, MGB, PH, but 5 BBLMC, NS"
7,"SBD, MGB, but PS BRT and HL MTR"
8,"HL MTR but 2t tail, MGB, PS SA, BB2"
10,"H2, HL MTR, DB 1, AIBRE, but should trade below 1 and LOY, BB2"
16,"f BO LOY and 60ma, W 55 1, MDB 14, PL, but TC, MRV"
19,"L1 but 4 BLB, 2LU likely, BB"
20,H1 but BRB just below MA
21,"BO, PS MG, but need FT, else still LH in BRCH at MA"
22,"bad FT, AIBLE"
24,H1 but DBL 21 might exit
25,SBD
26,"H2 but after SBD and in BRCH, BB2"
27,"OD, SBD"
28,"FT, PP will get new LOD"
30,"CC BBRB, PS MG, STC"
31,"W 1 15, but tail, 4 BRB, BB2"
32,L1
34,BBRL
35,"PL, AIBRE, ok B for test 34 SX H and MA"
36,"L1 but BLB, SX, BB"
38,"L2 but doji, far below MA, PP BB. Should test 34 SX H and MA"
41,"TC, PP AIL, PS LOD 35"
44,"SBU, day might C above HLW and near HOD but more likely DD"
46,"CC BX44, PTG here ore soon, AIBRE"
50,"H1, HLH and 60ma and OOD MGA, but BRB"
54,"H1, but 3rd leg up and in SZ, PS SA"
55,"big OD, SBD, but AIL, near MA, PP BTC for scalp. Might stay SW around MA until EOD and then try to close above HLW"
58,"H1, HLW MGA, but 3LU"
61,"W 46 55 but 3t tail, HLW MGA"
64,"DB 56 at MA, HLW and 27 SX H MGA, but 4 BRB, might get 2LSD from W"
68,"H1, should get above HLW, but might stall there until EOD"
