BAR NUMBER,DESCRIPTION
1,"GU to new ATH on daily and weekly chart. OOD = LOD = LOW so PP will get new LOD, but AIL, BTC"
2,"CC BLB, BTC, but tail, OOD = LOD = LOW so PP PB soon"
3,"BRB, PH, BX, MGB, but only 1t, SS2"
4,"BX, F BO HOY and ATH, but BLB, 4 BBLMC, PP BB, SS2"
7,"BX, L2, PH, LOD MGB, but TTR"
8,"H1, AIL, but TTR and still on 7 S, BB2 or wait for BO 4"
9,"still on 7 S, but BR will exit above 9 LH or 4. AIBLE will B above BLB COH for PS SPBL"
10,"OU, AIL, but tail, TTR, BOM"
12,"FF, PH, but SBU 11, PP BB for 2LSU. SS2"
14,"FF top, PH, AIBLE, but TR, better to wait for breakout or 2nd signal. Low probability, bad for stop entries."">BBBR, bottom of TTR, still AIL, HPWS2"
16,L1
18,"f BO, but tail, 16 did not go above 15 so not H2, MA and LOD MGB"
19,"L1 but BLB just above MA, PS W 14 17, still AIL"
23,"HL DB 1, 20GBB, W 17 20, but 4 BRB, LOB MGB, BB2, PS SA"
24,"L1 but BLB at MA, PS BB, SS2"
26,"ioi, BOM, but TTR 20 at MA, LOD MGB, BB2, SS2, LOM"
28,"LH MTR, MGB, but TTR 18, 3 BLB, AIL, LOM, SS2"
30,"HL at MA, AIL, but TTR, LOM"
34,"cc BLB COH, but top of TTR 19, PS SA 28"
36,LH MTR but 3 BLB
38,"H1 but tail, 2 BBRB, LOM, SA"
40,"L1, HST 28 35, COL, but TTR"
42,BBRB at bottom of TR so PP BTC
43,"H2 38, AIL, but TTR"
50,"H1 but BLD at top of TTR, LOM, BTW"
54,"DT 36 but 4 BLB, AIL, LOM, TTR, BOM, SS2"
61,"H2 at MA, AIL, mostly above MA, BLCH, but top of TTR, LOM, BTWB2, PP SA 55"
64,BBRB so BTC
67,"H2 at MA, AIL, but LOM, LPB. Might get attempt at BO or trap UD before EOD, but PP not big trend"
