BAR NUMBER,DESCRIPTION
1,"GU above HOY and 3000, PL, but 9 pf past 10 days have had at least on reversal. BBRB, PP SA"
2,BLB but big tail. TRO
3,"F BO HOY, far above MA, COL, PH"
4,"CC BBRB, MGB, AIS. Should test weekly B SB H 2994.00 from 2 weeks ago since tested it many times"
6,"L1, room to TGT and 2 MA, but BLB, PS W 1 5"
7,"L1, MGB, but doji, weak BRT"
8,"test H 2 weeks ago and MA, MW 4 6, LL DB 1, PL, AIBRE, but doji, 7 BBRMC, BB2"
12,"MW at MA 2eb, but 7 BBRMC, BTW"
13,"LH MTR but 4 BLB, middle of TRO, PP will test below weekly B RB H from 2 weeks ago, but 4 BLB, PS BB, SS2"
14,"oo, AIL 12, but middle of TRO, small bars, MGB, LPB"
15,"L2 12, LH DT 2, still on 2 S, f OO, but TRO, doji, TBLCH"
17,"H1 at MA, COH, AIL, SPBL, but still in BOM with MGB LOD"
21,"LH MTR, L3, but BLB, SPBL, SS2"
23,"H1, SPBL, but doji, weak rally, LBRM, PS SA and above 22"
25,"LH MTR, W 15 21, COL, PH, AIBLE"
28,"ii BLF at MA, but still on 25 S, stop above 25, DBR might exit"
30,"OO, LH DT 25, still on 25 S, PH"
32,"H2 28 at MA, AIL, still PS SPBL, but TTR 20, still on 24 LH MT S, CC BBRB, PS 2LSD, BB2"
36,"BO and FT, becoming BTC, PP will get 18BO"
38,"H1 but doji and at top of 18B, DT2, weak rally, BTR"
40,"H1, PB from 18BO, AIL, but 3 dojis, weak rally"
42,"F 18 BO, PH, TRD, should test OOD by end of day, but 2t tail, might get 1 more leg up to W 1st"
48,"H2 at MA, but TTR 37, should get PB to OOD before EOD, need WSS s"
53,"W 44 48, should test 48 H, but doji, TC, OOD MGB, PP MRV"
55,SBU
56,"CC BBLB COH, PP more up, maybe to HLW. BR want EBRT, but PP need MDT"
60,"H1 at MA, BL CH, but 4 BRB, W top, BB2"
68,"DT 56 W so DT MTR, BR IOI, but at MA, too many BLB, BLCH, HLW MGA"
