BAR NUMBER,DESCRIPTION
1,"GU but small so PP will C. BLB, PP BB around HOY and HLW. Tail, PP TRO after Y TR PA"
2,"BBRB but just above HOY, tail, PS BTC, btw"
3,"H1, PL but TR, better to wait for breakout or 2nd signal. Low probability, bad for stop entries."">BBBR, BBRB 2, PP TRO, PS SA, BB2"
5,"H1 or H2, PL, but room to MA, 2 BBRB, PS SA 4 for W top"
6,"COH, more up, but PP more TRO"
8,"F BO HOY, W 1 4, PH, AIBLE, but 2 dojis"
9,"COL, W top, F BO HOY 2es, PH, but just above MA, HOY, WLW, TRO"
10,"LL DB 2 at MA and HOY, PL, but BRD, 4 BRB, BB2, PP AIS after W top and 4 BRB, but still BOM"
11,"COH, PL, but still BOM"
13,"LH MTR but only 2t body, still above MA, BTW, still TRO"
14,"HL at MA, holding above MA, like Y, but top of TTR"
17,"LH MTR but 4 BLB, above MA, AIL, PP BB. Still in BOM"
18,"f BO W 1 4 7, HH MTR, OD, PH, but 4 BLB and just above MA, still AIL"
19,"H1 but doji, many reversals down from top of TR, BB2"
20,"F BO HOD 7 2es, MDT 18, still on 18 S, but BLB just above MA, SS2. Still AIL and in BOM"
24,"BO, PS MG but need FT, still above 10 LOD"
25,"DB HL 10, COH, PL, but 6 BBRMC, still in BOM, BB2"
27,"LH MTR, still on 18 HH MTR S, but 3 BLB"
29,"CC BRB COL, might get 18BO"
31,"F 18BO, ET 2 7 10 18, PL, AIBRE, but 1t BLB, BB2"
32,SBU
35,"H1, AIL 33, but at 27 LH in middle of TRD, BB2, PS SA"
37,"DT 18, but only 1t BRB, 8 BBLMC, GX H MGA, PS BB, SS2"
38,"H1, MGA, should get 18BO, but 2 BRB, top of TRD, need WSS"
40,"MDT, DT, but TTR, MGA, PS BB, SS2"
43,SBD but PB more likely than BRT
44,"H2 but BRB after BBRB, PP SA, BB2"
48,"TTR 44, AIL, ioii, PP BB, but need WSS since middle of TRD"
49,"F BO below ii, AIL, W 38 45, but top half of TRD, need WSS"
51,"f BO, 5t, COL, DT PB, PH, but TTR, PS BB, SS2"
52,"CC BRB, should test 31 H for LBR to exit"
54,"W 38 45, BT 31, but 3 BRB, 1t BLB, BB2"
55,"COH, cc BLB, might test 51 H or HOD, but middle of TRD"
58,"H1 but top of TR, BB2. LH but 5 BLB, BB2. PS tri after ET so PS diamond pattern, BOM"
59,"SBD, but TRD, PS BRT, BL might BTC"
61,"SBD, PP will test 60ma and MMD, PS TTRD"
62,"L1, room to 60ma but BLB"
66,"L1 but at MMT and 60ma, PS 3LD for PW bottom"
69,"PW 61 65 at SP of MMT, 60MA, 3000 BRN, AIBRE, might close gap below 61, but TR, better to wait for breakout or 2nd signal. Low probability, bad for stop entries."">BBBR"
