BAR NUMBER,DESCRIPTION
1,"W 68 80, F BO LOY, but 2 dojis"
2,"Big OU, W, F BO LOY, test OOM, SBU, PL, but TR, better to wait for breakout or 2nd signal. Low probability, bad for stop entries."">BBBR, TC so PP MRV"
3,"BLB FT, 50% chance will remain LOD"
4,"LH at MA, but 6 BWBRB, AIL, BB around 50% PB and LOY, SS2"
6,"H1 but just below MA, TTR 2, BB2"
9,"L1 after OD, PH, but AIL, PP BB around 1 H and 50% PB, SS2"
12,"HL MTR but 5 BRB, just below MA, EPB, PS SPBR, BB2"
14,"HL MTR 2eb, DB LOY, but doji after big BRB, just below MA, BB2"
15,"BBLB COH, CC BLB, AIL, PL"
16,"CC BBLB COH, C above MA, but not far above. BTC for L1=2 and test of 60ma and PS 73 SX H"
17,"3 CC BTC bars, but just below MA, PS 2LT in TRD, BB2"
21,"H1, DB BT 8, PS MG, but 4 BTTR just below 60ma"
23,"PW 13 17, FF 20, f 18BO, COL, 60ma, PH, AIBLE, but PS BB for 3LU after strong 15 – 17"
24,"H1, AIL, AIBRE or above 22, but at 60ma, PS FF 20 ii, tails since 18, still on 23 FF S"
26,"H2, BL ioi, COH, AIBRE, still AIL, but at 60ma, CH since 18 so PS TR 18"
28,"DT 22, TWU 17 22, TWU 4 17, FF 20, PH, AIBLE, but 1t BRD, SS2"
29,"SBD, should fall below 21 and 8 H BP and PS below 13 H BOP, but TRD more likely than BRT"
32,"BO, but middle of TRD, PP BTC, but 2LD likely after bounce"
33,"HL in BLCH, but SA after 5 BRB and SBD 29 and 32, BB2"
34,"L1 but CC BLB, middle of TRD, PP LBLB"
36,"H2 but doji, just below MA, BB2, PS TTR and LOM"
39,"LH MTR but SBU 38, SS2"
43,"HL but 4 BRB, TTR, SA"
44,"Tri 28 39, COL, but PP BB 36. Still PB from 17, but could go LR"
47,"ii, WBLF 18 36, but SBD 45, still might test 14 L but unlikely"
53,"MDT at MA, LH, room to 14 L MGB, but 9 BBLMC"
55,SBD
57,"L1 but BLB 56, PP BB around H from 2 weeks ago and 14 L"
58,"SBD, room to 14 HL but low in TR day, PP BB 14"
61,"HL DB 14, MDB 59, PL, but need stop below 14 or 1 since doji, 9 BBRMC, room to 14 L"
63,"DB HL MTR 14, BL IOI, PL, AIBRE"
64,"DTBR 62 but 2 BBLB COH, DB, PP BB"
65,"H1, still on 63 B, but BRB just below MA"
68,"W 59 62 64 at MA, LOY and OOD MGB, but 3 BLB, TC, SS2"
