BAR NUMBER,DESCRIPTION
1,"BGU but COL, PH"
2,"CC BBRL, AIS, T1BD, but MRV since TC 62. PP TRO"
3,"SX, test of HLW, but doji, CC BBRB, SA, BB2"
4,"OD, AIS, T1BD, PP BRT or TR, BLT unlikely"
5,"SBD, STC"
8,"H2 3 at 60MA, AIBRE, PP bounce here or soon, only B if WSS"
10,"H2, PL, but BRD, HPWB2"
12,"MDT 9, but TTR in SX so PP FF, then TR"
13,"FF, PL, AIBRE, or wait for BLB"
14,"BLB, FF, PL, but PP MRV, might test HOY"
16,"LH, WBRF 8 11, AIS, but 2LSU likely after SX, PP BB, SS2"
17,"DTBF 11, AIS, 40% chance of new L and MMD, but PP BB for 2LSU"
18,"HL, 2LSU likely, BL want SPBL and REVU to near HOD, but TR, better to wait for breakout or 2nd signal. Low probability, bad for stop entries."">BBBR, just below MA, TTR"
20,"BO, PS MG, AIL, but tail 19, bars not big, still PS BLTR"
21,"f BO, W 11 15, but SPBL, doji, BB"
22,"H1, SPBL, 4 SX H MGA, but BRB, need WSS since PS SA"
24,"SBU, SPBL, but at 4 SX H, might get PTG and TTR soon"
28,"ii, L1 after PW top, 22 BX L MGA, but SPBL, SS2"
29,"H1 but very fast move down, 3 BRB, PP TR, PS SA, BTC BL will exit around 25 C"
31,"DT LH MTR, COL, but TR more likely than BRT"
32,SBD
33,"CC BBRB COL, STC, AIS, but PP TR and BB around LOD and 60ma"
35,"HL 13, MDB, PP TR, but 5 CC BRB, BTW for BL bars before BG"
37,"cc BLBL, SBU, but PP MRV in TRD"
41,"H1 but BRB, MDT, SA, MGB at 35 H"
46,"ii, Tri 13 34, but room to 60ma MGB, PP SA"
48,"MDT 45, L1, room to 60ma, but BLB, PP BB around 60ma"
50,"L1 but BLD and just above 60ma, PS BB, BTWS2"
54,"HL in Tri at 60ma, COH"
57,"LH but 4 BLB, PP AIL, BB"
58,"H1, room to 42 LH"
59,"L2 but 6 BLB, SPBL, BB"
63,"f BO, but 10 BLB, BB for 2LU"
65,"H1, 2LU likely"
68,"DT 42, 2LU 62, BRB, AIBLE, but might get 3LU to 42 H"
