BAR NUMBER,DESCRIPTION
1,"HL, F BO below 60ma, COH, PL, but Y was Tri and this is the middle and just below MA"
2,"CC BLB, AIL, but middle of Y TRI"
4,"IB, H1, but BRB 3 and middle of TRI, PS SA 3"
6,"HH DT 3, near top of Y TRI, but 6 BBLMC, 1t BRD, PP BB, SS2"
8,"oo BLF, but TTR"
9,"CC BLBL COH, BTC"
12,"BX, test of HOY, COL, PL, AIBLE, but 4 BBLB, PP BB, SS2"
14,"H1, AIL"
16,"MDB, 5t, SBU"
18,"PS EG, but 1t BRB, ok to hold long, or exit 4 – 5 ticks below"
21,"SBU, still BTC, might get above Sept H to form OU on monthly chart"
24,"BO above Sept H so Oct is OU, might get PB soon, PW after 16 big BO ok to exit on C or below bar. MRV, still room to MM from 11 H, but usually get PB after triggering HTF B, and after extreme BX. PS TR soon for 2 – 3 hours"
26,"H1, room to MMTA, but BX at HLM, 2 BRB, BB2, PS SA and 1 – 3 hour TTR"
28,"H1 but PW after 16 BS, PP SA BRB. Might test 21 BX L"
30,"LH, PW 2ES, LBRM, AIBLE, but PP MRV"
31,"SBD, MA MGB"
33,"L1 but BLB at MA, 20GBB, PP BB"
34,"MDB, 20GBB, PP AIL, room to 29 S SB L but BLB so MGA for LBL. TR likely after PW BX"
38,"LH MTR, but doji, not enough bars for MTR so PP more TR, MG 30 H, BB around MA and 32 L"
45,ioi at MA but TTR and 21 BX L MGB
47,"DT LH MTR, but TTR"
50,"F BO, DB 32, but doji"
54,"LH in BRCH, L1, still on 47 S, MGB, but bottom of TTR"
56,"F BO, H2 32, but cc BRB, AIS, 21 L MGB"
58,"L1 in weak BRCH, AIS, room to 21 BX L, but PP BRTR"
62,"F BO 21 BX L, BRTR, W 50 56, LBLM, COH, AIBRE, PL"
64,"3 CC BLB COH after W bottom and BRTL, should test 51 H, PP AIL, but not strong rally"
67,DTBF 58 but 2LSU likely after W bottom
68,"HL, 2LSU likely, but cc BRB, LRP"
