BAR NUMBER,DESCRIPTION
1,"f BO LOY, H2 25, COY and MA MGA, PL but doji and Y was LOM"
2,"cc BLB, MDB, PL, BTC, should test MA. Y was small range so PS OU today"
5,"bigger BLB so PP PTG, but still BTC. Better to B PB"
6,"BX, LH, but 6 BBLMC, SS2"
8,"H1, AIL, might become OU day, but 2 BBRB, might be DBL 5C, need stop below 1"
12,"DT LH, but doji, 4 BBLMC, AIL, BB. H1 should get above 5 H of 1st H"
13,"SBU, BTC"
16,"OU, but BBBL"
18,"ii BLF, but BX, doji, just went OU, BBBL 16, PP not much more up before 5 – 10 bars of PTG"
20,"DT 16, BX, f 18BO, PH, AIBLE or below 18 ii, but tail, MRV"
21,SBD
23,"BBRB, but testing 5 H BOP, 50% PB, PP bounce soon, not good STC"
24,"H2, 50% PB, COH, but 4 BRB, room to 13 BX L, BB2 and need WSS"
25,"L1 but 2 BLB, middle of PS TRD, PP LOM"
28,"L1 but BLB at MA, 50% PB, TTR, PP BB, LOM"
29,"DB 24, OU, COH, AIL, but top of TTR 22, BTW"
30,"SBD, OO, but tail, test of LOY, might be BRTP in TRD. Might go OD after OU"
31,"BLD so bad FT. SV test LOY, PW 17 23, 2LT 23, but TR, better to wait for breakout or 2nd signal. Low probability, bad for stop entries."">BBBR, doji, BTW"
34,"SBU, AIL, PS MG, but BUBC"
37,"F BO 30 oo, but 6 BLB, AIL, SS2"
39,"H1, AIL, MM TA from 34 MG, but 3 BRB, top of TRD, PP SA, PS TTR"
42,"H2, AIL, but 6 BRB, PS TTR, need WSS"
49,"MDB, W 42 48, but BRB, SPBR, BB2"
54,"DTBF 40, but TTR"
55,"SBD, but PS BRTP"
56,"L1 but BLB, TRD, PS BB, SS2"
60,"1 bar FF 56, AIBRE, but SPBL, 1t BLB, BB2"
62,"DTBF 59, SPBR, but dojis"
64,"FF 62 but only 1t BLD and 2t tail, BB2"
65,"L1, SPBR, but dojis, bottom of TRD"
67,"HL, TRI 1 31, PW 55 63, AIBRE, PS 2LSU to MA, but BBRB, TC HPWB2"
68,bad FT
71,"more bad FT, AIBLE. DTBF 65, 40% chance of swing down"
