BAR NUMBER,DESCRIPTION
1,"FOMC announcement at 11 am PST today. Day traders should exit positions before the report and wait until at least 10 minutes after the report before trading again to allow for a trend to begin."">FOMCD. SBD. OO BRF, PH, but bottom of 2 day TR, just above LOY and 60ma and July H. Y was outside day with small range. Small chance today could be OU sinc might get big move with FOMC."
2,"CC BRB but tail, at SP, TR, better to wait for breakout or 2nd signal. Low probability, bad for stop entries."">BBBR"
3,"F BO SP, MDB, but 3t tail, BB2"
4,"L1 but at SP and not quite to EMA, 4 BTTR"
8,"f BO SP, big bounce, PL, AIBRE, f BO LOY 2eb so H2, but TR, better to wait for breakout or 2nd signal. Low probability, bad for stop entries."">BBBR, 6 BTTR so LP"
9,"DTBF 5 at MA so L2 but cc BLB, big REVU, TTR, LOM, SS2"
11,"DTBF, COL, but bottom of TTR after big REVU,"
13,"HL, still on 8 B, but TTR, BRB, BTW"
18,"FT after 17 BO, AIL, SPBL, PP BB, but weak rally, AIBLE 4t below. L2 11, but TC, doji, AIL, SS2"
20,"H1 but BRB, PP SA"
21,"OD, 4 BWBLB, PS test 13 HL"
22,"3 cc BRB COL, AIS, should test 13 L"
24,"DB 13 HL MTR, COH, PL, but 4 BBRB, LOM, BB2"
26,"L1 but L in TRD, PP BB 13 and 8"
28,"H2 24, DB 8 HL MTR, PL, but TR, better to wait for breakout or 2nd signal. Low probability, bad for stop entries."">BBBR"
32,"CC BLB, 5 BWBRB, AIL"
33,"HH DT 6 but 6 BLB, BB"
34,"H1, 7 BLB,"
37,"HH DT 16 but 10 BLB, BB"
38,"H1 but BRB, TRD, PS SA"
39,"MDT, 2es, ET 9 12 18 might test 33c highest body in BOP"
42,"C at 33 C so BTC for MMU, but 5 BRB"
46,"LH but at ma and 60ma and middle of TR, btw for FOMC"
55,"FOMC report, btw for at least 2 bars after report. HL DB 1, BBLB, OU, but tail, btw"
56,"ioi but TR, better to wait for breakout or 2nd signal. Low probability, bad for stop entries."">BBBR, ET 10 13 27, BTW"
57,SBU
60,"ET top, ii, AIBLE, but SBU 57 so PP MRV. TRD so might dip below 55 H BOP and test 56 B SB H"
61,"SBD but middle of TR, still HL 55"
64,"CC BBLB, AIL, might go above HOY for OU"
65,"BO, tail, but C above HOD, HOY MGA, BTC"
68,"H1, MGA, but BRB, PS SA, but PP BB. 50% chance of OU day"
