BAR NUMBER,DESCRIPTION
1,"YBX. BRD at MA, BTW. Y was OO on daily so BOM"
2,"BR IB so L1 PB from BO below 76 NL of DT, PH, MGB"
3,"CC BBRB, AIS, STC, but PP TRO after BUBD"
7,"BBRB in STC so PP PTG here or soon, so SS2"
8,"L1 but BLB, SX 7, at SP 60ma, July H, OOW, PS FF"
9,"BBRBL, PP EG, but PS MG"
10,"L1 but BLB in Y TR, PP not much more down"
12,"L1 PW 7 9 11, PP PTG and TR soon"
14,"PW 9 11, F BO LOY, CC SX, AIBRE, PL, but PP MRV after 14 BBRMC. 13 SX H and MA MGA"
15,"CC BLB, more up"
16,"COH, AIL, but PP MRV, test of MA. 2LSU likely after extreme SX and 3 day ET bottom"
19,"BRB so PB, H1, but BRB, at MA, BDUC, PP SA"
23,"H1 but SBD 22, PP SA for 2LSD"
26,"H2, 50PB, HL MTR, but TR, better to wait for breakout or 2nd signal. Low probability, bad for stop entries."">BBBR, TR more likely, PP too H up in TR to B, BB2"
27,"DT 20 at MA, but doji after SBU, LPS, but PP in TR. Bottom of range might be around LOY and to might be around 60ma and 9 SX H. OOW will PP be MGN for rest of week"
32,"HL MTR, but SBD 31 so MRV"
37,"DTBF, SCBR from 31 BR BO, but PP TR and BB around LOY and LOD. TR likely"
41,"HL MTR, W 32 35 38 39, but tail, TC, MRV, might test 33 top of BR CH"
44,"DT 33 but 4 BLB, SS2"
47,"ii, HL, 29 L MGA, might test 27 LH, but 2 dojis, PS TTR"
50,L2 but room to 29 L for LBL
53,"H1 but 3 BRB, BB2, might test 40 L and LOD"
54,"L1, but PP BB 45, more TR"
55,BO but TR so PS BTC and BRT
58,"DB, Tri 14 40 55, MDB, but just below MA and might test 40 L or LOD"
61,"L2 at MA, room to 40 L, but doji"
64,"LL DB 40, DB HL MTR, might test 50 LH, but doji, TR, better to wait for breakout or 2nd signal. Low probability, bad for stop entries."">BBBR, 3 BRB"
66,"BO, should test 61 H and PP 50 H, and maybe OOW, but PP will soon get PB to HL 1st"
70,"DT 50 but 7 BLB, 29 LH MGA, PP BB, SS2"
