BAR NUMBER,DESCRIPTION
1,"YBX. BLD, Y TTR MGB, PP TRO"
4,"4 BBRMC, 3 BRB, LOM, SA around 1 L where SBL began to B"
6,"L1, but LOM"
7,"HL DB at bottom of Y TTR and 50% PB, PL, but doji, TRO"
9,"HH DT, but SBU 8, BB"
11,"H1 but tail, 2 BRB, LOM, SA 9"
13,"HH DT, W, but doji, LOM, SS2"
14,"H1, AIL, COY MGA, SPBL, but BRB, PP BLTR"
16,"H1, BRB. BL want BO above W 9 13 and MMU to HOY"
18,"BO, BTC, but small, tail, PP not strong BLT"
20,"BBLB, but testing COY and HOY, weak BTC because of tails, PP PB here or soon"
22,"H1 but at RS, BBRB, PP SA, BB2,"
23,"H2, but BRB at RS of HOY, BB2, PS SA and TTR soon"
26,"F BO HOY but SBU 25, SS2"
29,"ii, SPBL, but BRB around HOY, many tails, PP TR soon, PS FF, BB2"
30,"DT 27, cc W tops 15 and 20 25 27, F BO HOY, TR likely, AIBLE, PP SD for 1 – 2 hours"
33,"H1 but cc BRB, CC tops, SA"
36,"SBD but TR, might test 36 H"
38,"DB 23, but PP SA around 36 SX H, 20 H, HOY for LH MTR and HST. TR likely"
42,"H1 but doji, BRB, 2LD likely, S"
44,"BBRB, PS MG, but TRD, test Aug ledge top, 50% PB, PS 2LT"
46,"2LT 38 down to SP at top of LR TR and Aug ledge top, but BRD, BB2"
49,SBU but TRD so PS BLT
51,"f BO, 2LT, SS2"
53,"ioi H2, but TTR and TRD, PS SA, BB2"
55,"OD, AIBLE,"
56,"SBD, might test 49 BX L, top of ledge and maybe OOD for DD"
60,"L1, OOD MGB, but BLB, TRD, PP BB 46 and OOD"
64,"COL, OOD MGB, 10 BBRMC, but tails 61 62 63, PS PW 52 57"
66,"f BO OOD, ledge MGA, PW 56 61,AIBRE, but 12 BBRMC, BB2"
68,"L1 but BBLB, OOD SP just below, PP BB and TTR for rest of day"
