BAR NUMBER,DESCRIPTION
1,BGD
2,"BBRB, COL, AIS, but far below MA, tail 1, PP TRO"
3,"SX, but 2t BLB, BB2"
4,"L1, AIS, 2900 BRN MGB, but far below MA, tail 1, BLB 3, SS2. TRO."
6,"L1, T1B down, but SX, 2900 MGB"
9,"PW 3 5 7, MDB, 2900, PL, AIBRE, but TC, PP MRV"
11,"L1, AIS, but tail, PS HL and 2LSU after SX, SS2. BL rely on stop below 8"
14,"BD 8, but still AIS, BBLBBR, top of TTR so LP, might get 50% PB to middle of TTR"
15,"DT, COL, AIS, but TTR, BOM"
17,"DB PB, PL, but PP SA around 3 H and MA"
18,SBU
19,"f BO DT, but doji, 2LSU likely, BB"
21,"H1 but tail and at MA, LP B"
22,"W 15 18, 2LU 18, at MA, AIBLE, but BLB, SS2"
24,"cc BBRB, AIS, BRCH down from MA, but TR more likely. BDGDC 14"
27,"f 18BO, PL, but tail, doji, BB2, PS TTR. L1 but BB, BR S near EMA"
31,"L2 at MA, AIS, BR CH, but many BLB and dojis so PS BB and SPBL rally in TR"
34,"WBRF at MA but SMPL, more likely BLBO and test of 23 SX H"
36,"F BO, but SS2, PP BB around MA and 30 H BOP"
38,"H1, should get BO above 36 to trigger 60 min B, but BRB"
39,SBU
41,"f 18BO, PW 30 36, AIBLE, but big BO, SS2"
46,"H1 at MA, BT 36, AIL, but WSS"
49,"LT but 4 BLB, BB"
50,"H1 but BRB, top of UTR in TTRD, PP SA"
53,"DT 40 at HOD, OD, but PP MRV"
55,"H1 at MA but 3 BBRB, BB2"
57,"H2 but TTR, btw"
58,"L1 but above MA, doji, AIL, BL will try to get COH for good B SB for TM on daily chart"
61,"SBU, 60ma MGA. Might stay around OOD for rest of day. BL want BL body on daily"
64,BBLL
65,"W 22 40 at 60ma, AIBLE"
66,"SBD but big tail, still might C around OOD"
67,"L1 but TR, better to wait for breakout or 2nd signal. Low probability, bad for stop entries."">BBBR, middle of TRD, TR, better to wait for breakout or 2nd signal. Low probability, bad for stop entries."">BBBR, NS"
70,"DB 66 but 5 cc BBRB, BB2"
