BAR NUMBER,DESCRIPTION
1,"F BO Y BR CH, DT 71, room to MA, but big GU, SS2"
2,"H1 but just below 60ma and HOY, BBRB1, far above MA, BB2. PP TRO"
4,"F BO BR CH, room to MA, 2es but BLB, PP BB 1 and around MA. TRO"
6,"DB 2 at MA, LBL 4 L so MGA< but SBD 5 so BB2"
10,"ioi, COH, still on 6 B, but top of TTR and LOM, did not test MA, BB2"
12,"LH DT but 4 BLB, still on 6 B, BB"
13,"DT LH, BRD, top of TR, ok to exit below, but still SPBL"
14,"H1 but BRB, top of TR, still on S below 3, BB2. BOM"
16,"MDT 13, LH MTR, but doji, SS2"
18,"PB to MA, H2 14, PL, but top of TTR, many BRB, 45% chance SA and BLT and OD"
21,"f 18BO, LL DB 5, PB from GU, still BOM, but 3 BRB, BB2"
22,"SBU, but tail"
23,"L1 but cc BLB, SBU 22, BB. LOM. Still BOM"
24,"H1, but BRB, middle of TTR, LOM. Might test 16 LH and convert BR CH to TR or BLT."
26,"CC BLB, should test 16 H and maybe get 18BO above after f BO below, but 60ma RS above"
29,"F 18BO after F 18BO at LOD, 4 BLB, TC, SS2"
31,"H1, 2LU likely, but just below 60ma"
34,"f 18BO 2es, but SPBL, BB"
36,"DB, and a measured move up"">DBBF 30, but BRB, just below 60ma, WSS. Might be BLTR and might get deep PB"
42,BRT at MA but top of TTR and at 60ma
43,"FF 42, W 13 28, F BO HOY, but BLB, MRV"
47,"DB 41, AIL, but PP LH after BX 43"
52,BX so PTRs STC
53,"LH MTR but 6 BLB, AIL, FOMC minutes at 11 am, SS2"
56,"HL in TTRD, ioi, but tail"
60,"H1 but BRB, top of UTR in TTRD, just below HOY"
62,"H1, 9 BBLMC, room to HOD and HOY, but weak rally, top of UTR in TTRD"
64,"H1, but just below HOY"
66,"H1 but BRB, 12 BBLMC so BX, PS SA, BB2"
69,"14 BBLMC so BX, ii, AIBLE, PP MRV if triggers. H1, but PP FF since ii late in BLT"
