BAR NUMBER,DESCRIPTION
1,BGU. Testing OOW. Today is Friday and there have been 9 consecutive bull trend bars on weekly chart. OOW will PP be MGT today in final hour.
2,"CC BLB, COH, AIL, T1BL, BTC, but just below OOW MGA, early TR likely"
5,"F BO OOW, MDT, PH, but No BRB for 5 bars, 5 BBLMC, SS2"
8,"L1, CC BRB so AIS, room to MA, but tail"
9,"COL, STC"
11,"COL but BBRB so SX at ma and 50% PB and HOY, SS2, PS BTC instead of STC"
14,"SX to SP, MDB, PL, AIBLE, PL but MRV more likely"
16,"DTBF 14 but BBLR, SX at SP, SS2"
18,"L2, W 12 15, AIS, might get test 60ma"
19,"OD, AIS, but tail, ps BB 13 for W 1 13"
22,"L1 but BLB, W 1 13, W 17 21, just above 60ma, PP BB"
24,"W, AIBRE, but tail, 6 BBRMC, BB2. Weak BRT since every bar has tail below and might be forming W at 60ma SP"
27,"L1, AIS, COY MGB, but PP TR soon"
28,SBD
29,"STC, but BBRB20"
30,"EG, W 13 25, test COY, AIBRE, ok B for 1 – 2 hours SU and PS LOD"
32,"3 CC BLB, AIL, TGT 27 H top of SX. BR want DTBR 27 H"
33,"COH, BTC, 27 H TGT, but at MA, TR likely soon"
38,"BRB, but 1st PB in MC, BTC and BB"
39,"OU, room to 15 H and 2800, still BTC"
42,"L2, ok to exit, but room to TGTA"
46,"PW 37 41, AIBLE, 2LSD likely, but TC, MRV, LP S"
48,"DB 44 but after BX, BB2"
56,"oo, AIL, OOW MGA, but ps FF, and OOW PP too far above"
58,"3 cc BLB, BTC"
59,"SBU, but ps EG. BL want MMU to HOD and OOW"
62,"H2, OOW MGA, but BR ioi, PS SA for 2LU, btw"
65,"H2, BRTP, but after SBD so ps 2LSD. Also, MGB is MA and 2800"
68,"L1, BX 59, 2800 MGB, FF 55, but BRB just above MA, NS. BL want WBLF 61 64 67 69"
