BAR NUMBER,DESCRIPTION
1,"BBLB after 9 BBLMC, T1BU, PL, should get up to 2800 this week after strong rally on Fri and 60 min W bottom"
2,"cc BLB, more up, but ps BX"
3,"F BO HOY, but doji, BB, SS2. 60 min W LH just a little Hr so MGA"
5,"still BTC and T1BU, just below LH, but 2 dojis, BX since 73"
8,"H1, but PS PW BX 1 7 and SA, 4/4/19 L NL of 60 min HST and BOP MGA. 1st BRB in 17 bars so MRV. Sometimes get deep PB and swing down for 2 – 3 hours, but PP only BLTR"
11,"PW 2 7, but TGTA. AIBLE, PH"
13,"PW, MDT, PH, AIBLE, but TC, SPBL, MGA, MRV"
14,"H1, MGA, but many bars in TC since 73, extreme BX, PP FF"
16,"still BTC and BX. Net TGT is L from 2 weeks ago, MGA since ioi on weekly"
17,"4 CC BLB late in BX, AIBLE 4-6t below"
18,"H1, MGA"
22,"BRB COL, just below RS, AIBLE, but might get 1 more push up to 2nd cc PW 16 21"
23,"H1, but 3LU in cc PW, L of 2 weeks ago tgt just above, PS ff"
27,"cc PW 2 7 10 and 16 21, BX, at TGT, AIBLE, PH, PS swing down, but PP TBTLSD, ps TTR or TR for rest of day"
32,"W 11 27, COL, PH, AIBLE, PP MRV"
35,"H1 but 4 BRB, PP TTR and LOM, PB SA and above HOD. Still AIL, BB2"
38,"LH but AIL, VTTR, doji, SS2, LOM"
39,"H2, AIL, but VTTR, 2LSD likely after BX"
40,"LH MTR, L2, but VTTR, just above MA"
42,"H2, just above MA, MMTA, but TTR"
44,"COH, ok B"
47,"f BO, but 3 BLB, TGT, BB"
48,"OU H1, but odds favor PB to MA since only 1 day every 3 years stays above it all day. PP SA and at MMT"
50,"W 40 46, should get PB to MA, AIBLE, ok S if WSS"
55,H1 but SA since should touch MA soon
58,"20GB B but BRB, BB2"
63,"W 32 50, BRB, but at MA, SPBL, LPS"
67,"ioi after oo, AIL, above MA, but VTTR, LOM"
68,"COH, BTC, but top of VTTR and just below MMT, btw"
