BAR NUMBER,DESCRIPTION
1,"YBX. BRB, SA. Tail below, SS2"
2,"BLB, but tail, BO above BL CH, BRB1, PP SA"
3,"f BO HOY and BL CH, PH"
4,"H1 but tail, still on 3 S, BB2"
5,"CC BLB, AIL, but 2 BRB, BX, LP"
6,"f BO HOY 2es, COL, PH, AIBLE"
8,"H1 but doji, 2 BRB, SA"
9,"OD, COL, still on 6 S"
10,"OO BLF, PL, but still on 6 S, PP not big rally from here since many BRB and Y BX"
12,"BO, COH, BTC"
13,"CC BLT, but at top of 60m W BR CH, btw"
14,"DBL, PH, but PP MRV"
16,"H1 but BRBR, at top of 60m BR CH"
18,"DT 13, CCT 6, PH, but tail, LPS"
20,"H2 16, AIL, but 2 BBR, 20ma MGB, ps TR, LPB, BB2"
22,"20GB B, W 16 20, but TC, room to 10 BX L, BB2. PP TR. Many BRB today so more balanced than Y"
24,"W eb but BRB, TTR, MRV"
28,"H1, AIL, but BRB and top half of TRD, SA"
31,"DT MTR, but 7 BBLMC, TR, better to wait for breakout or 2nd signal. Low probability, bad for stop entries."">BBBR, still above MA, SS2"
33,"BP B, AIL, but top of TR, NS"
34,"DT PB but doji, AIL, just above MA, SS2"
36,"MDT, DT PB, PH, but 3 dojis, just above MA, LP"
40,"Tri 32 35, ledge, BOM"
42,"H2 32, COH, but PP MRV and more TTR"
45,"LH, COL and below MA, but bottom of TTR, LOM"
50,"BL ioi, still AIL"
51,"3 cc BLB, COH, PS BTC, but top of TR and just below DT"
56,"H1, F BO below ii, AIL, but at DT 17 30. Top of 18B so ps BO and FT"
59,"f BO 18BR, PH"
61,"eBRT, AIL, BLT since HL and HH all day, but more of TRD. SBD, BB2"
68,"ioi below MA, PS test OOD since TRD and F 18BO, but BLB"
69,"SBD, should test OOD"
