BAR NUMBER,DESCRIPTION
1,"GU, but BRD, LOM"
4,"H1, 4 BBL MC, AIL, but BRB, ps SA"
5,"BO, more up, BTC, 5 BBLMC so BB"
8,"H1, ii, but BRB, another TTR, PS PW 3 6. But, 9 BBLMC, BB"
12,"H1, 12 BBLMC, SPBL, but PW 3 6, doji, BBRB, PP SA"
14,"PW 6 11, 2nd BBRB, ok S for scalp"
16,"DB, and a measured move up"">DBBF, AIL, room to March H, but tail"
17,"SBU, SPBL, BTC"
19,"another SBU, PS CC EG, but March H and MMT MGA, still BTC"
24,"H1, room to TGA, but 2 dojis, HPWBL"
26,"OU, but 2 dojis, BV March H, 1t below MMT, ok to exit at mkt or below and wait to B PB. PH, but SPBL, SS2"
29,"H1, COH, AIL, SPBL, but BX, room to MA, might be SA for 2LSD, BTW"
31,"3 cc BLB, SPBL, but tail, just below March H RS, PP 2LSD after BX to TGT, B if using a Wide Stop, and better if can scale in lower"">BWSS"
32,"DT LH at March H, PH but PP MRV"
36,"L1 but BLB, 20GB B, AIL, BB"
38,"20GB B, H2 29, MDB, ioi, AIL, but BRB, PP TR"
40,"DT LH 32 but SBU 39, BB"
42,"BP B, AIL, but TR, PS DT 32"
44,H1 but 3LU and top of TR so LP B
46,"SCT, AIBLE, but 5 BLB, TTR, LPS"
51,"Tri 32 46 LH MTR, but at MA and TTR, NS, HPW"
52,"DB 42 at MA, AIL, COH, but TTR, NS, btw"
54,"COH, BTC"
57,"FF, just below Oct H, PH"
60,"OD, 3 BRB, PD, but LPS"
64,"SBD but late in day so PP not going down to LOD, TR more likely"
65,"BLB, BLT, still AIL since bad FT, but small body, big selloff, PP TR"
67,"H1, but BRB, SA, TR likely"
68,"OB, but big bounce, TR likely, NS"
