BAR NUMBER,DESCRIPTION
1,"BRD at bottom of TTR. TTR is LH MTR, but no good SSD. PP TRO"
4,"F BO TTR, but tail, just below MA, 3 BRB, SA"
6,"DT 1 at ma, PH, but tail"
7,"SBD, CC BRB, AIS"
10,"F BO 4, H2 4, COH, CC BLB, PL, LBL 4L PP will make money, but PP MRV"
12,"L1 at MA in BR CH, but doji, 3 BLB, BB"
13,"SBU, AIL, but tail, C not far above MA"
14,H1 but doji
15,"L2 12 at MA, but tail, 6 BLB, PP AIL, BB"
17,H2 but doji. PL
21,"BL ioi, PL but tail, C below MA, TTR. BL need BLB with COH and far above MA to end BR CH"
23,"BBLB COH, C far above MA, AIL, but TRD so PS deep PB"
24,"F 18BO, PH, but MA now PP SP, SS2"
25,"BT MA, PB from 18BO and BO above MA, AIL, but BBLB in TRD, 2 BRB, stop below 17,"
27,"SBU, should test COY"
29,"W 13 22, DT LH MTR 76, COY, but 5 BLB, SS2, AIL, PS MMU from L to OOD and to HLW"
34,"cc BRB COL, W 2es TRD, AIBLE, ps 2LSD"
36,"H2 31, but SBD 35, PB SA, LOM, TRD, so should test below SP, like 25 BX L"
44,"DB 14, H2 36, W 30 36, but TRD usually falls below SP so PP will fall below 24 and maybe 17"
48,"DBPB 25 44, MDB, good BLB, but PP TRD so LP, PP will fall below 25 L and maybe 13"
55,"LL DB 13, but tail. Should bounce soon. BB2"
56,"L1 but bottom of TRD, 2 BLB, BB"
58,"MDB, DB 13, should test OOD, 2eb, but BBLB, TTR might get deep PB"
60,"L2 at MA, but 2 BLB, bottom half of TRD, OOD MGA, BB and below 53"
65,"f BO DB 53 57, OOD MGA, ok B but doji"
67,"BL IB, CC BLB, OOD MGA, but far above L for stop entry B in TRD. PP will C below open and be bear day"
69,"OD, test OOD, but 4 BLB, LPS, PP BB, but day will PP C below O"
