BAR NUMBER,DESCRIPTION
1,"I leave around noon today so chart is not full day. Doji at HOY, PS DT, but LOM"
3,"BBB, AIL, HLW MGA, BTC"
4,"cc BLB, Wed H and Oct H MGA, but tail, might get PB to 2 H soon since 2 was doji and weak BSB so LBR Sd there."
6,"f BO HOY and HLW, OD, COL, should test LOD"
10,"DB, 50% PB 81, but 2 dojis. Might test 5 L for LBL"
13,LH but tail. Might test 10 H for LBR
15,"DB HL at MA, COH, PL but TR, better to wait for breakout or 2nd signal. Low probability, bad for stop entries."">BBBR, middle of TR. Still might be OD day since Y was small and 60ma is MGB"
17,"DB PB 2eb, AIL, 50% PB from 81, but doji, apex of Tri"
19,"BL ib, 3 BLB, AIL, but doji, Tri"
20,"COH, BTC"
22,BLB but 6 bars into BTC and just below Wed H and Oct H so might get PTg and PB
24,"H1, but doji, BBLB 22 late in BTC, PS SA and PTg. Less likely, F 18BO"
26,"H1, but need stop below 15 since might get 2 – 3 legs down"
29,"PW BX 13 25, COL, PH, f BO Oct H, ok swing S, AIBLE. EG or MG"
30,"H1, AIL, SBU 28. BR stop above 29 or will exit if H2"
32,"COH, BO 29, BTC"
34,"doji, not good BTC"
36,"H1 but BRB, DBL, BB2"
41,"SCT, W, COL, MMT, ok S for 2LSD, AIBLE"
43,"H1, BLB, but 2LSD likely, SA"
45,W 2es. 80% chance of falling at least to 28305.0 since 1t below midpt of S below 29 and below 42
49,"20GB B, H2 42, but should fall more, SA"
52,"DT LH MTR, should fall at least to 2830.50 and maybe to 29 L"
55,"AIS, might test 29L or even get BRT. TR likely soon"
58,"L1 but doji at SP 30 L, PP BB"
60,"DB 30, H2 49, ps bottom of TR, AIBRE, but 10 BBRMC, MRV, BB2"
63,"LH at MA, should test Oct H, which will be MGT for rest of day"
70,"H4, BLB, but TC, doji, MRV, PP SW around Oct H for rest of day"
