BAR NUMBER,DESCRIPTION
1,"BLB, BO above Y BR CH, but 4 hour selloff on Fri to PS MTR around HOY"
3,"BTC, 8 BBLMMC, HOY and 60 min W top TL MGA"
6,"H1, COH, but PS PW at 60min W BL TL"
8,"H1 but tails, at TGT, BX, so PB soon, PS SA. AIBLE 4t below or below BRB"
10,"H1 after 13 BBLMC, but BBRB, BB2, PS TTR"
13,"LH, f BO HOY 2es, but BBLB 10, TTR, LOM"
15,"H2 near MA, AIL, but tail, BBRB 14"
17,"HH MTR but 3 BLB, PP BB, SS2"
21,"2es, COL, but at MA and middle of TR, btw"
22,"CC BBRL, C below 14 L NL of DT, becoming AIS"
23,"cc C below 14 L, AIS, SBD, PP DFD"
26,"f 18BO, PL, HL 77, SX so PP 2LSU, MDB 24, COH, AIBRE, but MRV"
30,"L1 but 5 BBLMC, TTR, SS2"
33,"HL but TTR just below MA, MRV, BB2"
34,"L2 but TTR, NS"
36,"DT 29 at MA, but BLB, TTR, NS"
39,"CC BLB, COH, BTC for test 14 L for LBL"
40,"BO above 36 LH and MA, PB HH, but top of TTR, LP"
43,"ii, room to 14 L, but BRB, weak rally, SA"
47,"H2 at MA, COH, but not strong enough rally 41 to keep GU open above 29 so PS SA and PB below 29 H and maybe 36 H"
48,"DT LH 44, 29 BOP MGB, but TTR, AIL, LPS"
50,"BP B, 14 L MGA, but TTR so Lr P"
52,"W 29 41, AIBLE, but 2 BBLB, SS2"
54,"H1 BLB, AIL, but PP SA 52 for W 29 41, BB2"
58,"H2 54, but 3 BRB, W top, TTR, BB2"
61,"BP B at MA, AIL, but TTR and weak rally, PP SA 55"
64,"W 29 41 51, f BO W 41 51, PH, but 6 BWBRB, SS2"
66,"H1 but 2 BRB, W top, PP SA and above 64"
67,"3 CC BRB after W top, PP 2LSD"
68,"H1 at MA, but 4 BRB, W top, SA. AIS but TTR since 42 so better to only scalp"
