BAR NUMBER,DESCRIPTION
1,"BGU, BRB, SA"
2,"MDT, but BLB, LOM"
5,"ii, BRB, PP has to get closer to MA. SA"
7,"WBF 1 3, but tail, 6 BBRMC, far above MA, PP SA"
8,"cc BLB, COH, PL, still AIL, but PP DT 2 and PB to near MA. PP will get DT and DB and BOM"
11,"HH DT, COL, PH, but 6 BBLMC, PP BB around MA for DB and BOM"
13,"DB HL just above MA, PL, BOM, DT, DB"
15,"Tri, DT PB, but just above MA, still on 13 B. BOM, ok swing B or S, HPW"
17,BRB so STC since BL needed B SB
18,"BBRB, BO, need FT, but PP AIL"
19,"f BO, PL, AIBRE, ok B"
20,"L1, ii, but doji, BB"
21,"OU, AIL, but middle of TRD, NS"
24,"DT LH MTR, W 19 21, but cc BLB, PP will try to get bull 18BO"
26,"big 18BO, ps MMU"
30,"COH, but just below MMT. PP TTRD so PP TR soon"
32,"CC BX at MMT, ET 2 10, MDT, AIBLE, but PP TR for next 2 hours and PP will get new HOD since TTRD is still BLT"
36,"3 CC BRB, SA, PS RD. still PP TTRD with BB around MA and 10 H. TC, BB2"
38,"5 CC BRB, PS AIS"
41,"ET BLF, MMD from HOD to OOD so ps DD, AIBRE, PL, but SBD 40, doji, BB2"
42,BDUC
44,"H1, ii, but BRB, just below MA, PP SA"
46,"MW 41 42 at MA, COL, LH MTR, but PP more TTR. Should reach MP of 46 L and 40 STC, which is around 41 B SB H, MGB"
49,"DB, and a measured move up"">DBBF 44, but TTR in middle of TTR"
50,"BP S at MA, TGTB, but doji"
55,"HL, COL, but 4 BRB, 40 C MGB, BB2"
58,"HL DB 40, H2 55, BR BO below TC 46, AIBRE, PL, but MM MRV"
61,"DTBF 56, 60ma MGB, but OOD in middle of TRD is more important MGA. Doji, LPS, should have COD around OOD for DD"
64,"DTBF 56 at ma, COL, but 6 BBLMC, ps HL"
67,"Tri 40 58, but r BRB, 60ma MGB, PP SA, BB2"
68,"L1, AIS, 60ma MGB"
69,"STC, should touch 60m, but bottom of TRD"
