BAR NUMBER,DESCRIPTION
1,"FOMC announcement at 11 am PST today. Day traders should exit positions before the report and wait until at least 10 minutes after the report before trading again to allow for a trend to begin."">FOMCD. BBRB COL, AIS, but PP BB around LOY and Oct H"
3,"W 40 75, f BO LOY, COH, but 2 BBRB. PL, NS, might need 2eb"
5,"L1 but 2 BLB, LBLM, PP BB 3"
7,"f BO LOY 2eb, W 75 3 but tail, MMTB"
9,"DTBF, AIS, MMTB, but tail, bottom of TTR"
12,"NW 3 6 and 40 75, PL, but tail, LOM, just below MA"
13,"L1, MMTB, but W, TTR, LOM, LBLM, bottom of SX from Y, at LOY SP"
15,"Hl, 5t, but tail, TTR, just below MA, LOM, BOM"
23,"DTBF 8 19, W 13 16 19, 2es 21, ET 5 8, MMTB, still AIS, but middle of TTR"
25,"PP STC, but bottom of TTR and late in Y BRT so PP BB around MMT below LOD"
30,BBRB but 6th cc BRB in STC so might be BTC instead of STC since BR will begin to take profits on SX bar. Btw. BL need MDB
31,"LL MTR, PL, W 75 11, COH, AIBRE, but 6 CC BRB, BB2"
33,"H1 but BRB just below MA, BB2, SA"
34,"L1, MDT 32, 30 C MGB, but PP TR after SX"
36,"L2, AIS, 30 C MGB, but BLB"
37,SBD late in bear trend so PS EG
38,"f BO below BR CH, EG 37, MDB, COH, PL, AIBRE, NS"
39,L1 but 60% chance of test of 37 SX H
45,"L2 but 8 BLB, room to 37 H, BB"
49,"HL, but TTR, wait for 11 am report"
55,"DFU, but Lr P since FOMC often has abrupt reversals"
57,"EG 55, MDT, but DFU, BLB, LPS, PP BLF or TR, SS2"
59,"H1, but BRBR. Odds favor Hr"
60,"COH, BTC, should reach 4850 BRC, but might get PB after every 2 – 4 BLB since BX"
62,"L2 57, but 4 BLB. In FOMC BX, usually get BRB after 2 – 4 BLB. Better to B H1 than S L2"
63,"H1, 2850 BRN MGA, but BRB and PS 3LU in PW 56 62"
65,"PW 56 62, COL, AIBLE, but TC, MGA, NS"
66,"H1 but doji after PW, PP SA"
68,"H2 at MA, but small body after SBD. AIL, TGT but PP need stop below 59 since PW top might remain HOD. BB2"
