BAR NUMBER,DESCRIPTION
1,"BBLB, HL above LOY, PL, but TR, better to wait for breakout or 2nd signal. Low probability, bad for stop entries."">BBBR, TC"
2,"CC BBLB, PL, AIL, but stop far below, tail at MA and 60ma, tail"
3,"smaller body, MDT at 2 MA, btw, but still BTC"
7,"H1, but around 50% PB, PP SA 6"
9,"DT 73 SX H, BRB, MW 6 8, AIBLE. 9 BBRLMC, BB, but BX so ps deep PB"
11,"H1, COH, strong BL"
15,"H1 but 2 dojis, LBRM, PP SA and TR soon. Still T1BU and SPBL, but losing mo. L2 9 but BLD, BB"
16,"H1, SPBL, but BRB, 3LU"
17,"COH, TC, HOY MGA, still BTC"
20,"F BO HOY, BX, BRB, AIBLE, PH, but still AIL, SPBL, SS2, ticks hit 1143, PP not final H"
21,"H1 but 2 BRB, HH DT HOY, PP TR soon, BB2"
23,"H2, BLB, but TTR just below HOY, ps FF"
24,"f BO HOY 2es, COL, PH, but 5 BTTR, PP BB"
26,"H2, AIL, but tail, TTR, PS FF"
30,"BTC, but bigger bar and 5th cc BLB so PS BL will take some profits and BR might STC for scalp, do not BTC"
31,"PW 8 19, COL, DBL, PH, AIBLE, SS2"
32,"H1 but CC BRB, DBL 31, might be SA around 30 C for MDT, BB2"
34,"BO, PP will test MA and 26 FF and HOY"
37,"PW 31 34, still AIL, 20GBB, 80% chance BTC BL 30 will avoid loss so should bounce here or soon. PP TR"
42,"BL ioi at MA, H2, AIL, but TTR and doji"
43,SBU
45,"LH MTR but SBU 43, BB for test 30 C"
49,"LH MTR 2es, test of 30 C, W 39 44, but TC, PP MRV"
51,"DB 47 at MA, still AIL, TC, Tues H TGTA"
53,"HH MTR, W 44 49, but BLB, SS2, BRT unlikely to begin this late in strong BLT day"
54,"H1, F W, but BRB, LBLM, SA, BB2"
56,"BO and FT above W, MMTA, and MMTGA from BO above 16"
58,"IB so H1, MMTA, but 2 dojis, PS small FF"
65,"BX, 11 BBLMC, strong trends usually get PTg in final hour, but MMTA, SS2, AIBLE below BRB"
67,"H1, 1st PP in 11 BBLMC, COH, AIL, MMTA, but PP SA 64 and at MMT, and ps at 68 L, then PP SD PTg for rest of day"
68,"BX at MMT, W 30 64, AIBLE 4 – 6t below BLB or 1t below BRB. PP PTg for rest of day"
