BAR NUMBER,DESCRIPTION
1,"BBLB at 60ma and 50% PB, but tail, pp TRO"
2,"CC BLB, H1, far below MA, AIL, but doji, tail on 1, LOM, btw, BB2, SS2"
3,"MDT, PH, but far below MA so Lr P"
4,SBD
6,"SX, test OOW and Oct H, H2 2 but BRB, PP SA"
7,"L1 but 2 dojis, SX at SP, PS BB"
8,"big OU, MDB at SP, PL, AIBRE"
9,"BLB so FT, AIL, PS BL CH to 60ma, ma, OOD, but doji, weak FT. L2 but cc BLB, PP BB"
11,"L2 7, OOW MGB, COL, AIBLE,"
13,"HL but tail 2 BBRB, SA"
14,"BP S, OOW and Oct H MGB, but 2 BLB, ps LOM"
17,"LL MTR, f BO below OOW and Oct H, H2 13, bottom of TR, PL, but small BLB so Lr P, ok to wait for 2eb. AIBRE"
18,"OD but at SP, ps f 18BO"
21,"F BO OOW and Oct H 2eb, HL LOY, AIBRE, PL"
23,"DTBF 18, LOY MGB, NS, AIBLE or below 21"
25,"STC, LOY MGB"
28,"18BO, LOY MGB, but hesitation at SP OOW, Oct H, HL LOY, might get REVU soon"
30,"CC BBRB late in STC so SX, PP BTC for PTg, MDB 28. 60% chance it will be end of this leg down or there will be one more brief leg down and then 2LSU"
31,"BBLB, SX, AIBRE, PL, but MRV"
32,"L1 but doji, PP BB"
33,"DBL, might exit at 31 H. SS2"
34,"DB but tail, btw to B above BL COH"
35,"DT BF, but cc BLB, SS2. PS FF. BL exit below 34 or 31"
38,"Tri, COL, ok S, but Tri late in BRT is PP FF"
40,"FF, W 6 30, OOW MGA, PL"
41,"BLBL, COH, but just below MA"
43,"C below OOD, but 4 CC BLB, PL, AIL, might test OOW, BB. Not BTC, PS TR"
45,"DT 35 at MA, 40GBS, but tail, 5 BLB, SS2, PP 2LSU after SX"
48,"HL but 4 BBR, BB2"
51,"H2 48, COH, but TTR, NS, still might get 2LD"
52,"DTBF 49, but TTR, NS, PP BB and HL"
55,"HL MTR, OOW MGA, still AIL"
56,"FT, odds favor up"
60,"L2 44, but 5 BLB, now above MA, AIL, TGT, SS2"
62,"H2 59, OOW MGA"
67,"W 44 58, MDT, OD, AIBLE, but just above MA, still room to OOD, 5 BLB, SS2"
69,"SBD, might get 2LSD after W and SBD, but not big, in middle of 40 bar TTR, PP will stay around here for rest of day"
