BAR NUMBER,DESCRIPTION
1,"SGD, F BO LOY and LLW, ET 30 39, COH, PH. Triggered weekly S signal so expect bounce, then another attempt below LOY"
2,"SBU, but at MA and COY, ok to take profit since huge profit and at RS"
3,"ORD, DTBF 80 so PS MMD, PH, but TR, better to wait for breakout or 2nd signal. Low probability, bad for stop entries."">BBBR"
4,"CC BBRB, new L, AIS, but might reverse up again from LOY. BTC BL 2 never had chance to get out after BRB so 2C is MGA"
5,"L1 but BLD, PS BB"
8,"L1 but 2 BLB, BB"
11,"H3, W 1 7 9, PL, but doji. Might get back to 2 C since no MDT there"
14,"L1 at MA, but LBLM, 2 C MGA, PS BB"
15,"H1, PL"
16,"big OU, C above MA, ps AIL"
17,"big FT, AIL, but tail"
18,"PW 10 13, but 4 BLB, 2 C MGA, BB"
19,"H1 but BRB, SA"
20,"MDT, LH, but AIL, BLB, just above MA, BB"
21,"DB, and a measured move up"">DBBF 19 at MA, OU, AIL, 2 C MGA, but TTR at top of TRD so NS"
25,"test of 2 C so PTg, f 18BO, W 17 22, PP PB to MA and maybe 21 bottom of W"
27,"SBD, but AIL, PP BB around 21 L and 13 H"
29,"DB 21, but 4 BRB, BB2"
30,"OD, but still AIL and PP 2eb soon, LPS"
31,"DB 21, H2, COH, AIBRE, HL MTR, PL, but TC, ps more SW"
34,"HL 33, COH, 4 BLB, but TTR"
36,"L2 32, COL, but AIL, 5 cc BLB37 SBD"
40,"H2 31, but 4 BRB"
42,SBU
43,"CC BLB, PS AIL"
44,"HL, might test 36 H"
46,"DTBF 36, L2 43, might test 40 L"
49,"DB, and a measured move up"">DBBF 44 but 4 BRB, BB2"
51,"BP S but ps BB 49 L or 40 L, NS"
52,"SBD, PP AIS, but bottom of TRD"
54,"W 31 40, test 11 H which was weak B SB so SBR sold, but 3 BBRB, tail, BB2"
55,"L1, but CC BLB, bottom of TRD, NS, ps BB"
58,"OD, GX is at LOD so MGB"
60,"LL MTR, F BO LOD, COH, MW 54 57, PL, AIBRE, but TC"
62,"BO and FT, AIL, OOD MGA"
64,"LH, COL, AIBLE, but 4 cc BLB, PP BB for test OOD since TRD"
65,"H1, OOD MGA, AIL, but doji, stop below 60"
68,"H1, HODD MGA, but tail, doji, at OOD MGN, BB2"
