BAR NUMBER,DESCRIPTION
1,"BGU. Tail, PP SA, but AIL, BTC"
2,"CC BLB, AIL, BTC, but PP PB to near MA starting within 5 – 10 bars"
4,"F BO HOY, COL, AIBLE, PH, but PP BB, SS2 after 4 BBLMC"
5,"H1 but doji, PP SA or above 4"
7,"f BO HOY 2es, PH"
9,"DB, and a measured move up"">DBBF 5 but tail, still on 7 S, BB2, odds favor more PB to closer to MA"
12,"still on 7 S, MA MGB, but TTR, Tri, BOM"
14,"HL DB near MA, W 8 11, but doji, TTR, BB2, PS LBR SA"
16,SBU
19,"F BO HOD, FF 14, PH, REVD from 18B, 14 H MGB since bad B SB, but 3 BLB, SS2"
21,"3 BRB, 14 H MGB, SA"
25,"20GBB, MDB, but 4 BRB, 3 dojis, LOM, AIS"
26,"BBLB, but PS DT 22, LOM, BTW"
27,"DT 22 LH MTR, PH, LOD MGB after no BO above 18B, 60ma MGB"
28,"SBD, but tail. PP will get new LOD and test 60ma"
30,"H2 24, BL IB, test 60ma, but 2 BBRB, BB2, small range, might get MMD to COY"
34,"L2 31, BT 25, AIS, 60ma and COY MGB, but BLB, NS"
36,"FT after SBD, but at 60ma, bottom of TRD, BTW"
37,"COL, STC, HOY MGB"
40,"Test HOY, SX, but 6 BRB, BB2. AIBRE 4t above BRB or 1t above BLB"
41,"BBLB COH, AIBRE, but MRV"
47,"DT 36 at MA in BR CH, but 6 BLB, MRV. SBR will S to get down to 40 C"
49,"3 cc BRB, still AIS, but PP BB 40 since BR CH"
51,"f BO LOD, but 4 BRB, BB2"
53,"L1, LLW MGB, but bottom of CH and PP BB 50"
55,"H2 50, f BO 50, but 3 BRB, BB2"
56,"L1, LLW MGB, but doji, 3LD"
60,"L1, LLW MGB but bottom of BR CH"
61,"F BO W 50 55 57, PL, but doji, TC"
62,"COH, ok B, but PP MRV"
63,"CC BLB COH, but at MA so BR will STC"
64,"DT 58 at MA, still AIS, but 4 BLB, PB BB for test 60ma and maybe OOD"
66,"HL, 2LU likely after F BO W, OU, COH, might be AIL"
69,"W 58 63 at 60ma, AIBLE. MA might now be support, MRV down"
