BAR NUMBER,DESCRIPTION
1,"BBLB, AIL from Y REVU, but tail, PS LOM"
2,"BBRB, W 65 78, PH, but tail"
3,"C near L, CC BRB, PH"
4,"3 cc BBRB, W top, SA, PP AIL"
5,"MDT, AIS, but BLD, just above MA"
8,"W 1 4, ORV at 60ma and 68 BOP, PL"
9,"CC BBLB, PS AIL"
10,"3 BBLB, AIL"
12,"DT LH, AIBLE, PH, SBR 7 H might avoid loss, PP will PB at least halfway to 7 H and maybe to 7 H"
14,SBD
15,"new LOD, STC, AIS"
18,"BLB in STC, AIBRE, HL LOY, W 80 7, test OOD, PL, but BB2"
19,"L1, AIS, MGB, but SX, PS SVT of SP of OOM, LOY, LLW"
21,"COL, STC, but CC SX at SP"
23,"W 7 17, COH, PL, test LLW, AIBRE, but HPW"
24,"Big OD, SBD, STC. Cc SX, PP will get 2LU starting soon"
25,"CC BBRB, PP EG but 60% chance brief 2LD"
28,"PW 22 26, CC SX, PL, but tail"
29,"OU, CC BLB, PL, AIBRE, should test 23 H, but dojis"
30,"bigger BLB, traders will start BTC"
32,"L1 but 4 BLB, AIL, SX, BB for 2LU to 23 H and maybe 60ma and OOM"
34,"HL, TGTA, but MRV"
38,"L2, 20GB S, but doji, 4 cc BLB, TGTA, SS2"
42,"20GBS, W 31 37, COL, BLTR, AIBLE, might test 34 L, but bottom of TTR, NS"
44,"DB HL MTR 34, PP still AIL, but 3BRB"
45,SBU
49,"2LT, but MRV, AIL, might test 60ma"
50,"H1, but TTR 46, need WSS, PP will not get much above 60ma, PP TR for rest of day"
55,"DB 53, room to 60ma, oo late in bull so FF, but PP scalp since 2nd cc wedge rallies at RS"
56,"CC tops, W 48 52, but TC, BBRB just above MA so TR, better to wait for breakout or 2nd signal. Low probability, bad for stop entries."">BBBR and TC so LP. AIBLE, but weak S"
59,"H1 at MA, AIL, 60ma MGA, but CC tops, Lr P"
61,2es
63,"F BO, DB 46 W bottom, AIL, but TTR"
66,"LH MTR, TRSD, but tail, TTR"
68,"Tri 46 63, TTR, but 3 BRB. TRSD BR will give up soon if no BR BO"
