BAR NUMBER,DESCRIPTION
1,"I have to stop talking at noon today to get ready for my 1:30 futures.io webinar on trading in the final hour. BBRB but doji, top of 3 hour TTR, LOM. Y was big day and today opened in middle 3rd so PS ID. Look for reversal near HOY and LOY"
2,"H1, still AIL from Y, but doji, LOM"
3,"Big OU, AIL, B SB, BL CH since Y 29, but 2 dojis, LOM, top of Y TTR, LPB"
4,"EB for B above 4, doji, PP BB. MDT 1 but cc BLB, AIL, LPS"
6,"BL IOI, still on 4 B, but TTR, weak rally"
7,SBU
9,"OD, F BO 1, top of CH 29, but tail, BT 5, still AIL"
10,"H1 but 2 BRB, PS SA"
12,"H2, AIL, SPBL, but BRB, PS SA and above 9. BL PP need 1 more GU and BO above HOY before traders will conclude BLT and not BLTR"
14,"FF 12, OD COL, PH, but still above MA, still APBL, TR, better to wait for breakout or 2nd signal. Low probability, bad for stop entries."">BBBR"
17,"closed BGU 5 so now BRT or TR, AIS"
18,"L1, IB, BR want new LOD, STC"
19,"BBRB, STC, but at LOD and in Y TR, lots of earlier TR PA today, PP bounce soon"
20,"F BO LOD but 8 BBRMC, BRB, SA"
21,"L1, BP S after 18BO, but BLB, in Y TR"
22,"COL, still STC, but SX, MRV up likely soon. Still ID and PP will remain ID"
25,"H2 20, BBLB, AIBRE, PL, but BB2"
26,"L1, but BLB after BBLB, MMD from H to OOD, PS BB for MRV up to MA and L of 1"
28,"DB 25, OU, but BRBR, near MA, LOM"
29,"L2 at MA and L of 1, AIS, but TR, better to wait for breakout or 2nd signal. Low probability, bad for stop entries."">BBBR, bottom of TTR 24, PS BB, LPS"
30,"DB PB, BL IB, PL, but MRV, TTR, just below MA, NS"
32,"L2 26 at MA, AIS, but TTR, 3t tail, PS FF"
34,"FF, W 1 25, PL, AIBRE"
35,"strong EB, more up, but need BO above MA, 29 H and 60ma. PP will remain ID and C around OOD"
38,"BO above MA, AIL, but still below 29 H so top of TR, PS DT 29"
39,"DT BF 29, but only BRD, SS2"
40,"H1, AIL, but 2 BRB, PS SA"
41,"SBU, PS MG, but PP TRD and C around OOD for DD and ID"
45,"ii so BOM, but TC, SS2. Ps FF"
46,"H1 but BRD after ii, PP SA and then TTR"
49,"f BO ii FF, but doji, TC, MRV"
52,"DB, and a measured move up"">DBBF at ma, MMTA, but TTR, PP SA 49 and at MMT"
58,"MDT 56, but TTR just above MA, TC, MMTA, SS2"
59,"DB, and a measured move up"">DBBF 55 at MA, but doji, TTR, PP will test 29 H since TRD usually has PB to SP62 H2 59, but PP SA for tst of 51 L or 29 H"
65,"WBLF, but tail"
66,I have to leave early to get ready for 1:30 webinar today
