BAR NUMBER,DESCRIPTION
1,"BGU. BBRB, COL, PH"
2,"CC BBRB, AIS, but TR likely after BGU"
3,"H1 but doji, far above MA, cc BRB, still on S 1, PP SA"
4,"OD, AIS, room to MA, but TR likely soon"
5,"H2, BBLB COH, PL, AIBRE, but 4 BRB, still AIS, room to MA, MRV"
7,"MDT 4 but 3 BLB, BB"
10,"LH MTR, ii, but 3 dojis, LOM"
12,"DB, COH, but top of TTR, HPW"
13,"Tri 1 9, COH, PH, but tri so 50% chance of F BO, BB2 or SS2"
16,"BLD so weak FT after big BR BO, but still AIS, OOM MGB. 15 SBD"
18,"F BO HOY, 2LD 15, COH, 18B, AIBRE, H2 5, PL, but TR PA, still AIS, OOM MGB"
20,"CC BBLB, C far above MA, AIL, but still LH and PS BR CH"
22,"MDT, but BLB, above MA, AIL, BB"
23,"H2 above MA, AIL, but TTR and LH, lots of TR PA today, NS"
24,"COH after H2, AIL, BTC"
25,"BTC, but just below 8 LH so LRP, btw"
27,"DT 8 LH MTR, PH, COL, AIBLE"
29,"3 CC BRB, SA, PP STC"
31,"STC but tail, at 23 bottom of CH so SW soon"
34,"HL, COH, AIBRE, but 7 CC BRB, MRV, BB2"
35,"cc BBLB, more up"
39,"LH but 5 BLB, SS2"
40,"H1 but top of TRD, NS"
45,"COL, DT 39 43, but apex of TRI, AIL, LOM, BB 41"
47,"H2, COH, but TR, better to wait for breakout or 2nd signal. Low probability, bad for stop entries."">BBBR, LOM, better to B PB"
50,"HL PB, Tri 18 34 47, COH, AIL, but C just below MA, TTR"
53,"ii PB, but 2 dojis, top of TRD, LOM, PS SA, LPB, BTW"
55,"oo, AIL, odds favor up, even tho TTR"
58,"LH, W 48 51, but TC, 3 BLB, PS BB, SS2"
59,"H1, but PS W 51 58, top of TRD, NS"
61,"W 51 58, top of TRD, AIBLE, but AIL, TC 50, LPS, PS BB, SS2"
64,"DB 54, EBRT,"
65,"SBU, new HOD, but need FT, else EBLT"
67,"F 18BO, EBLT, MDT, AILBE 4t below, but BLB, SS2, PS BB"
70,"CC BBRB, but at OOD, PP DD"
