BAR NUMBER,DESCRIPTION
1,"BGU. F BO HOY and HLW, PH, but only 1t BRD, Oct H MGA, SS2"
2,"H1, GU on weekly still open, PL, but far above MA, BB2"
3,"L2, F BO HOY 2es, but BLB, still on B 2, SS2"
4,"BBRB COL, f BO HOY 2es, PH. TTR so ps SW before doing down"
5,"CC BRB so AIS, but H2, LBL 3 L so MGA"
7,"LH, BP S, still AIS on 4 S, but BOM"
8,"COL, room to MA and HOY, STC"
9,"W 2 5 but 3 BRB, BB2"
13,"OD, COL, DT 6 LH MTR, but still in TR"
15,"DB HL at MA, 2nd F attempt to close GU HOY, but 3 BRB, BB2"
16,"L1, 4 BRB, AIS, but DB at MA, tail, still in TR, NS"
17,"BO below DB, AIS, PS MG"
18,"FT, STC"
20,BBRL
22,L2 but MDB at MM and 2800 BRN
23,"SBD, CSX, PP bounce and TR soon, but PS MG since BX on weekly chart so PP PTg soon. Might get OD on daily and weekly"
24,"FT, but extreme SX so MRV likely soon"
26,"L1, LOY MGB, but CSX, doji, PS BB, BW"
32,"L1 but doji, just above LLT, PS DB 30. AIBRE above BLB 31"
35,"LL DB 30, FF 30, CSX at LLW, PP PTg here or soon, ABRE, might test SX H 33 at MA"
38,"DTBF but 3 BLB, BB or BB LOD"
45,"W, F BO LLW, AIBRE, ok swing B, but tail"
46,"COH, SX, W, below LLW, PP AIL"
49,"20GB S, but 4 BLB, AIL, 2LSU likely, BB"
56,"W 49 54, but TC, room to LLW and maybe 60ma, SS2"
57,"H1, LOY MGA, but PP TR soon"
61,"BX at LOY, COL, AIBLE, but TC, MRV"
64,"H2 62, but TTR, test of LLY, BX so ps FF, PP SA"
66,"FF, AIBLE, ps test 50 L, TTRNS"
70,"MA PB, COH, MDB 68 60, room to 60ma, but top of TTR"
