BAR NUMBER,DESCRIPTION
1,"big OD, 50% PB, 60ma, PH, BL CH is BRF, but just above MA, BL CH, 2800 MGA"
2,"BRD so CC BRB, AIS, but BL CH just above MA, SS2, BB2, PP TRO"
3,"COL, STC, might test 70 HL, but BL so PP TR soon"
6,"DB HO 70, SX, PL, but 5 BRB, SA after 5 BRB, BB2, TRO likely"
8,"LH MTR, MGB 5 H, but cc BLB, AIL. TRO"
12,"HL DB 5, PL, but TR, better to wait for breakout or 2nd signal. Low probability, bad for stop entries."">BBBR, middle of TRO, MRV, apex of Tri 1 8"
14,"Tri, LH, but tail, LOM"
18,"LH in Tri, but tail, LOM, apex of Tri, btw"
20,"COH, BO, BTC, ps MMU, but 50% chance REVD"
21,"BLD so BLB and FT, more up"
24,"DT 8, MDT, 2 BRB, but dojis, PP BB"
25,"H2 23, BT, PB from BO Tri"
28,"BBRB COL, f 18BO, PH, but BUDC"
30,"LL DB 25, BT 17, COH, but 2 BBRB, BB2, ps SA and LOM"
35,"H2 30, C above MA, WBLF 25 20, PP AIL, but TC, LOM"
42,"BO, BTC for test 26 C"
45,within 1t of TGT of 26 C so do not BTC
46,"DT LH 26, FF 44, PH, COL, but TC, TRD"
47,"CC BBRB, ps AIS, but TRD, PP BB 38 NL of DT 26 45"
49,"f BO but AIS, SA after 3 BBRB"
50,"L1 but 2 BLB and TRD, PP BB and below 45"
52,"F BO 38 2eb, H2 40, TRSU 26, BL want COD above OOD for bull ioi on daily, but 3 BBRB, LOM"
55,"BO, should test 45 L for LBL"
58,"H1, but SA at 45 L"
60,"H1, but PP SA since top of TRD"
61,"W 56 59, top of TRD, COL, but TC and TR, better to wait for breakout or 2nd signal. Low probability, bad for stop entries."">BBBR, PB MRV, NS"
62,"H1, 2800 MGA, but doji, top of UTR"
64,"H1, TRSU, but top of TRD, PP SA 61 and 45, too early for BTC"
67,"test 26 C so BTC BL exit, W 66 61, but TC, MRV in TRD, might test 58 L and 60ma"
70,"DB 62 ta 60ma, but 3 BRB, BB2"
