BAR NUMBER,DESCRIPTION
1,"COL, AIS from Y, PH, but middle of TRD"
2,"BRD so FT, AIS, but Y was doji on daily so PP BB LOY"
4,"COL, test LOY, still STC but ps F BO LOY"
6,"f BO LOY, AIBRE, but 5 BRB, SA"
7,"L1, NS, still on 6 B, but strong BRB"
9,"L2, AIS, but tail, BBRB, ps TR"
10,"BBRB COL, STC"
13,"5th BRB in STC, but BBRB so PP BTC"
14,"PW 79 5, SVT LLW, but 2t above so might get closer after MRV"
15,"MDB, STC DBR Bt back their shorts at 13 C"
18,"L1 but 5 BBLMC, BB"
21,"BRB at MA and LOY, DTBF 8, AIBLE. Ok swing S for test LOD, but AIL, MRV"
26,"L1, LLW MGB"
30,"LL MTR, PW 23 27, but TC, MRV"
33,"BRB at MA in BRCH, still on DTBF S 22, AIBLE"
36,"W 14 29, but 4 BRB, MRV"
38,"BRB at MA, AIS, BR keep Sg rev down from MA, BL keep Bg new L. might test Monday’s SX L"
41,"OD, MGB, but BL have been Bg at new LOW, better to S near MA"
45,"cc W 29 36, PL, but 7 BRB, tail, MGB, BB2"
48,"CC W 2eb but tail, HPW to B after BO above MA"
49,"COL, PP AIL"
50,"cc BBLB, C far above MA, AIL, should test 32 C for BTC SBL"
51,"MAG, but PP BB for HL"
53,"HL, PP MRV, but test of 32 C likely"
58,"H2, but BRB, just below TGT, SA, AIBLE above or below"
60,"W 46 50, LH DT, AIBLE, but PP BB around 52 L"
65,"OO BLF, but doji, TR"
66,"HST BRF 51 59, AIBLE, but AIL, still on B above 65"
69,"COL, AIS, but bottom of 3 hour TR, btw"
