BAR NUMBER,DESCRIPTION
1,"GF, COL, PH"
2,"BBRB, CC BRB, AIS, STC"
8,"SX, L1=2 from Mon H, ii, PL, but BB2. L1, but ii late in BRT so ps FF"
11,"FF 7 ii, BLB, PL, AIBRE. Might get reversal day since below 20 day EMA and LLW, with this week being 1st pb in 10 BBLMC on weekly. Might try to get back to LLW by C of tm"
14,"DTBF 8, AIBLE, but PP BB and 2LU"
15,"20GBS, L2 14, AIBLE, NS, PP BB around 15 L"
16,"HL, BBLB, AIL, but just below MA, top of TR, TR, better to wait for breakout or 2nd signal. Low probability, bad for stop entries."">BBBR, LPB"
18,"L2 near MA, PH, but PP BB around 15 L"
20,"HL but small BLB, 2 BBRB, MGB 15 L, BB2"
23,"H2, DB HL MTR 15, PL"
24,"COH, AIL, PP BTC, but ok to wait for BO above MA"
25,"CC BBLB, AIL, PS MMA, BTC, but PS 2LT"
26,"2LT, but PP BB, BR PP need MDT"
28,"2LT, MDT, but PP BB around MA for 2 LSU after big BO 24 25"
35,"H2 31 at MA, AIL, but TTR 31, doji, LOM, might need 1 more leg down, btw"
38,"ioi, above MA, AIL, but top of TTR, weak rally"
39,"COH after big RVU 37, PP BTC"
41,"SBU, but PS BLT"
42,"F BO, L4 since L2 18, then BO 25, and now L2 26, PH, OK swing S, but might get 3LU after 24 25"
45,"H1 but 3 BRB, room to MA, BB2"
48,"H2 at MA, but room to 38 bottom of CH, might C BDGU 27"
50,"2LT 49, bottom of BL CH, HL, AIL, but doji"
53,"OD, LD, might test 37 L"
56,"PP STC, might test 22 L"
57,"CC BBRB, AIS, ps MG"
58,"DB 22, but TC, MRV, SA"
60,"2eb, but HL, PP BRF, SA"
61,"OD, TC, might test LOD"
65,"f BO LOD, but BRB, TC. AIBRE 4 – 5t above"
66,"L1, L1=2 TGTB, Feb 5 H TGTB, but tail"
68,"f BO LOD 2eb, AIBRE, OK B for PTg MRV to MA"
