BAR NUMBER,DESCRIPTION
1,BGD
2,"OU, COH, PL, but PP TRO so PP 2 pt scalp"
6,"MW 1 2, COL, AIS, PH, GU on daily chart MGB, but TRO likely"
8,"LL DB but 4 BRB, BB2"
15,"OU, C far above MA, AIL, BTC"
17,"2LT 13, AIBLE, PP PB and TR, but PH. Might get deep PB to below 15 or LOD"
19,"HL, but 3 BRB, SA, might get deep PB below 15 or LOD, then TRD"
21,"OO, HL MTR, PL, but not COH so ps TR. Should test 16 C since BTC"
22,LH but 1t BRD and MGA
25,"DT LH 16, BTC BL 16 exited. AIBLE, PH, NS"
27,"BP B, but doji, still on 25 S, BOM, BB2"
33,"LL DB MTR, but 3 BRB, BB2"
36,"MDB, DB HL MTR 2eb, AIBRE, but LOM, LP B, NS"
37,"L2, AIS, 15 L and LOD MGB, but TTR, 2 strong BLB, NS"
40,"BO, STC, should test 8 L LOD, might Feb 12 C GU on daily chart"
43,"L1 but bottom of TRD BLB, BB"
46,"L2, AIS, but tail, TTR, SS2"
47,"HL MTR, MDB 42 but 2 BRB, BTW"
48,"COH, PP will rally here or soon to test 16 C and H of day"
50,"BBLB, C above MA, AIL, PS BTC"
53,"W 43 52, but TC, and odds favor test of top of TRD, and a close at least 10 points above L of week. BB"
56,HL MTR
59,BTC
65,"CC BX, BO above LOY, PB likely AIBLE"
66,"BX, F BO HOD, PH, but TC, MRV"
67,"H1 but doji, BBRB, BX, SA"
74,"H1, PB from big OU, AIL, but BRB"
