BAR NUMBER,DESCRIPTION
1,BGU. New ATH.
2,"tails, far above MA, SA"
3,"OD, PH, but tails"
4,"SBD, PS DFD"
5,"H2, PL but not at SP, BLD, many bars with tails, PP TRO"
6,OU but doji. Might test 1 L and 2 L since TRO likely
7,"BBLB but still AIS, BT 1 L, PS STC"
8,"LH, PH, but TRO likely since most bars have tails and LOM"
14,"W 1 6, PW 4 13, AIBRE, f BO 60min bar, ORV near MA, PL but TC, MRV"
15,"CC BLB but tails, need more before AIL"
16,"L1, should test 13 C and MA, but MRV, PP will soon get swing up to 8 H at top of PB from 4 spike down"
18,"HL DB 13, but 3 BRB, room to MA, PS SA, BB2"
25,"W 6 13, F 18BO, MA, PL, AIBRE, but OU, tail, 2 BRB, TC"
26,"CC BLB, need more before AIL. DT 22, DT 16, but CC BLB, W, SS2"
30,"ii, Tri 25 28, BOM, but AIS, BRB"
34,"L2 31, AIS, still SPBR, MMTB, GX MGB, but TTR, PS FF"
37,"W 13 25, MDB, but 4 BRB, BB2, PS SA"
38,"OD, AIS, but far below MA. Might C GU above HOY"
42,BBRB20
44,"L1, HOY MGB, but PP BB, SS2"
47,"2LD 42, MDB, test HOY, PL, AIBRE, but TC so PP MRV"
48,"L1 but EG, cc BLB, BB"
50,"L2 but BLB, MA MGA, BB, should test MA, 45 H, and maybe 38 top of BR CH"
51,"Tri 47 29 51, BOM, HOY MGB"
55,SBD
58,"ioi, SPBR, HOY MGB"
62,"ioi, BOM, HOY MGB, Tri 54 MGA, AIBRE, might get 3 – 5 bar PTG, but PP BLT since SPBR"
66,"OD from MA, but PP BB LOD and HOY for W 45 61. SS2"
67,"OO, HL BD, AIBRE, PP BLT but ok B for test of 54 Tri and PS PTG into EOD"
69,"SBU, C far above MA, PP SU for rest of day. Less likely, BLT"
