BAR NUMBER,DESCRIPTION
1,"BGU. Tail, just below 3000 and ATH, BB2"
2,"cc BLB, but tail, MDT, BB2. BB"
3,"H1, AIL, T1B, but doji at ATH RS"
4,SBU
5,"CC BLB, BB"
7,"cc BRB, COL, 2nd F BO 5, AIBLE, PH, but PP MRV"
9,"H1, BUDC, but doji, 3 BRB, AIS, MA MGB, BB2"
13,"L1 but BLB just above MA and LOD, PP BB"
15,"ioi at MA, DB 3, AIBRE above BLB 14, but SBL 5 want better 2nd B, doji, TC, MRV"
16,"L2, AIS, but 4 BLB, just above MA, SS2"
17,SBD
21,"F 18BO, AIBRE, OOD MGA since BR want bear bar on daily chart. Tail, many big BRB, BB2"
22,"OD, HOY MGB, but PW 18 20, OOD MGA, btw"
23,"H2 21, PW, OOD MGA, PL, but TC, MRV"
26,"L1, DT 19 or 22, COL, AIBLE, but PP BB. OOD PP MGN all day and might enter TR around it"
27,"H1 PS MMU from LOD to OOD, which is around 16 LH"
31,"H1, room to 16 H and to average entry price for BTC BL 5 C and 21 H, but 2 BRB, PW 25 29, PP SA"
32,"PW 25 29, ii FF, but BLB, TGTA, MRV, might test OOD. OOD PP MGN all day for PS DD"
36,"H1 at OOD, MGA, but 3 BRB, PS 2LSD after PW"
38,"H1 but BRB, SA. SBU 36 37, TGTA, BB"
40,"H1, BRB, SA"
42,"BO, TGA"
46,"H1, SPBL, but SBL TGT just 2t above"
48,"1t F BO above average entry for SBL 5, but TC, TGTA, SS2"
52,"1t F BO 16, BX 45 -51, COL, AIBLE, but TC, SS2"
54,"H1 but BRB, at RS 14 H and 3000, BB2"
55,"BX, big RB, F BO 16 and above BLCH 2es, AIBLE, OOD MGB, PP 2LSD, but BLB just above MA, TR, better to wait for breakout or 2nd signal. Low probability, bad for stop entries."">BBBR, TTR 51"
57,"CC BRB, AIS, more down, but BB around OOD and 36 L"
60,"DB 36 near OOD, but 5 BRB, SA"
62,"L1, but PP BB around OOD and 36 L since 36 L is start of BL CH. BB 36 and 27, PP will C day around OOD"
65,"H2 61, DB 36, OOD, but MRV, PP TTR for rest of day"
68,"DB 64, but TTR, tail, just below MA, PP MRV and LOM"
