BAR NUMBER,DESCRIPTION
1,"Small GU, f BO 55, but doji, LOM"
3,"H1, PL, but doji, LOM"
5,"MDT, PH, MM MTR, ET 32 35 so HH MTR, room to MA, but TTR, 5 BBLMC, SS2"
6,"H1 but doji, LOM"
7,"SBD, PH, but just above MA, bottom of TTR, need FT since BL might BTC and M MA"
8,"doji so no BLB, AIS, but weak FT"
13,"BO below W 1 8 9 11, PS MG"
16,"W 1 7 10 13, COH, PL, but 10 BBRBC, 1t above G L, BB2"
17,"SBU, PP AIL, but need FT, else TRD"
19,"ii, AIL, but tail"
24,"f BO above ii, but 10 BBLMC, 5 BLB, SS2. PP SA"
25,"oo BL flag but top of TRD, tails 21 22 Lr P B"
32,"ioi, LH, PH, but TC, TTR"
34,"3 cc BRB, PS AIS, but SW likely"
38,"H1 but 8 BBRMC, doji, SAA"
42,"L2, Tri 35 40, but doji, just above MA"
43,SBD but ledge top so MGN later today or tm
45,"2LT but cc BBRB, BB2, TR, better to wait for breakout or 2nd signal. Low probability, bad for stop entries."">BBBR"
47,L1 but BRBR
48,SBD
50,"f BO LOD, RB, but only 1t body, 4 BBRB, BB2"
52,"H2, just above 60MA, f BO LOD, PL, big H2 16, AIBRE, but doji, BB2"
54,"L1 but BBLB 53, just above 60ma, SS2"
56,"L2, but Tri late in BRT so PP FF. far below MA, btw"
59,"FF, 60ma, PL, AIBRE, but tail"
60,"COH, CC BLB, PL"
61,"SBU, AIL, but PP will not reach 43 ledge top today"
64,"MAG, but strong REVU, BB, SS2"
65,"H1 but tail, BRB 64, need stop below 59"
68,"MDT 64, but 4 BLB, above MA, AIL, PP BB"
