BAR NUMBER,DESCRIPTION
1,"F BO HOY, COL, PW 64 79, PH, 3000 MGB, but small bar, HPW"
2,"OU, PL, but tail, PP SA"
5,"L2, F BO HOY 2es but tail, TTR, btw"
7,"DB 2 but far above MA, 3 BRB, still on 5 S, BTW"
8,"DT 5, still on 5 S, but doji, TTR, BOM, HPW"
10,"H2 7, W 3 7, PL, AIBRE, but doji, not at MA, still on 5 S, BB2"
12,"DB 2 at MA, W 7 10, COH, ledge 8, PL"
13,"LH in BRCH, PH, but still on 12 B, SS2"
15,"SBD, but TTR so 50% chance F BO"
16,"F BO but TR, better to wait for breakout or 2nd signal. Low probability, bad for stop entries."">BBBR, 2LSD likely after 15 BO below good 12 bottom, BB2"
18,"F BO 12 W, DB at MA, Bar 18 so often get reversal or BO, but doji, SPBR, BB2. Ledge bottom 19, ledge top 8"
20,"CC BLB, COH, reversing up from bottom of 18B, PL"
21,"COH, bigger BLB, BTC, AIL, should get BO above 8 ledge top"
23,"H1, AIL, PP will go above 8 H, but then PB below top of ledge likely. Still have ledge bottom at LOD so more than 20% chance of BO below 18B after BO above"
28,"H1, BRT 27, but need stop below 19"
36,"L1 after DT 31 25, but BLB, LOM, BB and below 33 and 27"
37,"Tri 27 33, AIL, only 1 C below MA all day, but doji and TTR"
38,BO but need FT since TTR and LBR will STC and 25 H
39,"H1, AIL, but BRB, top of TTR, LOM. W 4 25 but tail, AIL, PP BB"
41,"Q 4 25, but only 1t body, PP BB and more SPBL"
42,"OU but top of weak BL CH,"
43,"NW 38 40 42 and 3 25, weak rally so PP BLTR, but doji, SPBL, only 1 C below MA all day, SS2"
53,"DB 39, WBLF 42 46, COH, AIL, but TTR, small bars, PP not big rally"
56,"COH, 4 BLB, GX H MGA, but PS W 25 43"
60,"H1, room to G, 8 BBL MC, but BRB"
62,"BO and FT but big tails and not big bars. PS EG, but 10 BBLMC, PS BB, SS2. BBLL."
65,"H1, COH, but PS MDT after 62 BX, BTW, PS SA, PP SA 62"
68,"oo top, DT, 10 BBLMC 62 so BX, OOD MGB, but SPBL so NS"
