BAR NUMBER,DESCRIPTION
1,"GU on daily and weekly charts. DFD. CC W tops Y 4 25 43, then 62 78 1"
2,"BRB so FT, AIS. HOD is OOD but most days have tail on top and bottom. PP will get at least small new H today if data is accurate, but BLT unlikely"
3,"L1, AIS, but BLB, just above MA and COY, PP LBL below"
5,"H2 at MA, COH, PL, but 1 and 4 are much bigger so PP SA and at least 1 more leg down. BL might need W instead of H2. BB2"
8,"L2 but LOM, still on 5 B"
9,"DB 4, still on 4 B, HOD = OOD so MGA, but TRO, btw"
13,"W 7 11, DT 3, 50P, still AIS, but doji, SPBL, TRO, SS2"
16,"F BO LOD, PL, but 3 BRB, TRO, BB2"
17,"SBU, but still AIS"
19,"LH, AIS, but SBU 17, middle of TRO, BOM"
20,"HL, PL, but middle of TR, BOM, still AIS"
23,"L2 18, LH 13, but doji, BOM, BTW"
24,"SBD, AIS, but TRO"
26,"F 18BO, PL, AIBRE, but TR, better to wait for breakout or 2nd signal. Low probability, bad for stop entries."">BBBR, SBD 24 25, BB2"
27,"L1, AIS, but doji, still in BOM. TR lasting long time so PS TTRD UD"
33,"W 9 16 25, BLB, PL, but 7 BBRMC, BR CH, only BLD, BB2"
36,"L1 below MA, AIS, but 8 BTTR, PS BB LOD"
42,"NW 4 25 and 25 33, ii, COH, PL, AIBRE, TGA 33 H and 26 H at top of BR CH, but TC, MRV"
46,"ii, still on 42 NW B for test 26 H and then PP TR"
51,"DTBF 27 but 6 BLB, 2LSU likely after NW bottom, PP BB, SS2"
53,"H1, AIL, TGTA"
59,"DT 13 at top of TR, doji, W 43 50, PP 2LSD, but 7 BWBRB, SS2 or STC"
61,"H1 but doji, SA for 2LSD"
65,"H2 at MA but 6 BWBLB, BB2, PP TR for rest of day"
68,"LH MTR after W LH, but 5 BWBRB. Might get C near LOD for S SB on daily"
