BAR NUMBER,DESCRIPTION
1,"open in Y TR. BRB but big tail, PP LOM. HOY was OOD so never tested and therefore MGA. LOY was ledge so MGB."
2,"H2 80, ET 64 70, but BLD, LOM, SA, BB2"
4,"DTBF 81 but 3 BLB, LOM, SS2"
6,"L2, but doji TRO"
10,"DB 1, but doji, 8 BBRMC, 6 BWBLB, LOM, BB2"
12,"CC BLB COH, AIL, PL, but top of TR, HPW"
13,"LH DT 4, but now AIL, doji, BB"
14,"H1 but BRB, top of TR, SA"
16,"f BO HOD, COL, L2, PH"
20,"iii, still on 16 S, LOY MGB since S SB on daily and ledge on 5 min"
24,"f BO LOD, iii FF 20, W 14 17, PL, but doji, 6 BWBLB, room to LOY MGB, PP MRV, BB2"
26,"L1, LOY MGB, AIS, but might need MDT after 25"
28,"ib, COL, AIS, MGB, L1"
29,"W 24 27 but doji, 6 BRB, only 1 BLB in 12 bars, MGB, SA"
30,SBD
32,"still STC, but cc SX, PB to 60ma, Y ledge 44 MGA"
33,"another RB, PP BB since PS PW 31 33, PB to 60MA"
35,"PW 31 33, test of Friday’s ledge bottom, COH, AIBRE, LOY and 60ma MGA, PL, but TC, MRV"
36,"L1, AIS, but PW bottom, SS2"
37,"PW 2eb, PL but MRV"
39,"3 BBLB COH, AIL, but PSP MRV, test of MA and 60MA, might need test 37 HL"
40,"L2 36 at MA, but just became AIL, MRV down, but might test 37 L"
41,"BBRB but AIL, PS BTC"
42,"HL DB 37, AIL, LOY MGA, but PS SA 40 for W 36 40"
45,"H1 but MDT at 30 SX H, PS SA, BB2"
46,"MDT 44, W 36 40, LBR will B back shorts 40 H so MGB, but AIL, OOD MGA. 40% chance BLTR and test 42 L"
51,"BGU 40 now closed so end of BLT, PP TR and test 42 L"
52,"COL, but near 37 L, 33 l, 35 L where BL bought earlier, so S bounce"
56,"L1, should test 54 C, but TR more likely than BRT"
60,"HL MTR, DB 54, W 54 59, but BRD so less urgency and LR P B. If B, put stop below 35 LOD since only 1t below 59 AIBRE. L1, AIS, but BRD, SS2"
62,"W, DB, LOY is MMTA, but just below MA, tail, PS more SW"
66,"DT 56 but 4 BLB, BB"
67,"H1, BL want to get back above LOY since Y was S SB, but just below 60ma, W 56 66"
