BAR NUMBER,DESCRIPTION
1,"Y ended with 4 hour DB and a PB to a HL. Big BLD in middle of Y TR, BB2, still in BOM, PP TRO"
2,"oo but doji in apex of 4 hour TR, still BOM"
3,"ioi after oo, COL, PH"
7,"iii, still on 3 S, AIS, but doji, bottom of 5 hour TR"
8,"BBRB COL, PS MG, STC"
9,"CC BBRB, SBD, but just above 3000 BRN, PS iii FF 7"
12,"ii, L1, 11 BBRMC, but PS FF"
13,"FF 12, PL, but 12 BBRMC, MRV, still on 12 S, HPW"
14,"L1, but still on 13 B. AIBR will S or below 13"
15,SBD
17,"still STC but tail, btw"
18,"F 18BO, PW 4 10, FF 12 ii, AIBRE, PL, but TC, PP MRV"
20,"H1, 3 CC BLB, PP AIL, but PP BLTR"
24,"H1, F BO below ii, but BRB just below MA, SA. MGB is 17 H since bad B SB so SBR will try to test it. 13 was reasonable B so TGTA. BDUC"
26,"H1, f BO ii, 14 SX H and 13 H TGT, ledge 25 so MGA"
29,"FF 24, ledge 24 H MGB, but 4 BLB, SS2"
34,"HL MTR but 4 BRB, PP SA"
37,"ii, H2, but MRV, might test 29 L"
42,"LH, HST 22 29, L2, 17 H MGB, but dojis, very small bars, TTR, BTW"
50,"3 CC BLB, COH, might test 29 L, but TTR, LP"
54,"F BO 39 H, test 20 L, L2 52, 17 H and C MGB, but doji"
55,"SBD, MGC, but bottom of TR, PP BB 35, PS EBRT"
56,"FT, but PP LBL below 26"
58,"EBRT, test 17 C, HL MTR, but 6 BRB, BB2"
61,"L1, but LBLM 48 L, 3000 BRN MGA, MP of day’s range MGA"
63,"L1, AIS 56, 17 C still MGB, but 4 BLB"
67,"SBD but bottom of TR, PS BTC"
68,"LL MTR, W 35 58, PL, AIBRE, but TR, better to wait for breakout or 2nd signal. Low probability, bad for stop entries."">BBBR"
70,"DTBF 66, but doji, cc BBLB, LL MTR, SS2, PP BB"
