BAR NUMBER,DESCRIPTION
1,"YSX. BLB COH, PL. might test 68 H from Y since RBMGA"
2,"CC BLB, AIL, but tail, not BTC"
4,"BR ii, L1 but tails, BB BB"
5,"OU, H2 1, but TTR, TRO, TR, better to wait for breakout or 2nd signal. Low probability, bad for stop entries."">BBBR"
6,"L2 but AIL 2, far below MA, PS SPBL, SS2, PP BB"
9,"cc BLB, AIL, but still small bars and tails, and just below MA"
12,"H1, 6 BBL MC, but BRB, weak rally, PP SA and above 11. PP BLTR and not SPBL"
13,"MDT at MA, but BLB, 7BBLMC, AIL, SS2"
14,"BT 10, MDB 12, but BRB, TTR, BB2"
16,"DT at MA, weak rally, PP BLTR, might test 5 L"
18,H2 14 but closed BGU 9 so PP SA and more down
19,"LH, COL, might test 5 L for DB HL MTR"
21,"3 cc BRB, bigger body, COL, AIS, but PP BRTR"
22,"no BL body so FT, L1, AIS, but PP BRTR"
23,"BBRB, PS MG or 2LT in TRd"
24,L1 but BLB
27,"COL, STC, but 10 BBRMC, tails, 25 26, better to S after 2LSU, SX, PP not much more down. Might get DD so OOD PS MGN all day. BR want FT after Y BBRBD, but PB more likely than BRT so bad FT likely. Increased chance of C above OOD. Only 25% chance of big BR TD."
30,"ii, DBR, f BO LOD, OOD MGA, but 12 BBRMC, MRV"
31,SBU
32,"CC BBLB COH, SBU"
33,"MA, but doji, AIL, BB"
37,"BR ii, but top of 3rd hour and should go above H of 60 min bar since 2nd B SB today. BB"
41,"BR ioi, L2 37, but TC, MRV"
43,SBU
46,"W 35 40 but 4 BLB, SS2"
48,"H1 but BRB, PS W 40 46, BLRM 40 H, SA"
51,"DT 46, OOD MGB, COL"
53,"DB 2 at MA, ledge 46 52, but BO below BL TL, 3 BRB, SBD 52, BB2"
54,SBU
58,"big BTC bar, room to 60ma, but biggest bar and 5th bar in BTC so PTg soon. DFU, Hr prices TM"
60,"doji, just below MA, wait to B PB, AIBLE either below or 4-8t below"
61,H1 but 3LU 56 59 and just below 60ma
64,"PW 56 59 at 60ma, BRB, AIBLE. 12 BBLMC, SS2"
65,"H1, strong BLT, but BRB, 60ma, PW, PS FF"
66,"BBLB, COH, BTC, 3000 MGA, but big bar so PS EG soon"
68,"BRB, EG 67, 3000 and 60ma RS, AIBLE, might get test 66 BX L, but tail strong BLB"
