BAR NUMBER,DESCRIPTION
2,"H1 but doji after BBRB, PL, but far above MA, PP TRO"
3,"OD, MDT, BBRB, L2, f BO HOY, HOY MGB, PH"
5,"cc BRB, AIS, but tail. HOY, COY, 60MA, and 72 FF L are MGB"
6,"H2, test of HOY, COH, PL, AIBRE, but AIS, 4 BBRB, room to MA, PP MRV, BB2"
7,"L1, MGB, but cc BLB, PP BB"
9,"PW 2 6, PL, AIBRE, but tail, just above MA, BB2"
10,"SBU but need FT since still TRO, many reversals, BOM"
11,"DTBF, BLT,"
13,"L1, 3 BRB, back to AIS"
18,"OU, W 8 12, PL, but tail, 6 BBRMC, MRV"
20,"BL ib after W 8 12 at COY and near 60ma, PS LOD but tails, 7 BBRMC, BLTR"
22,"LH in BR CH, COL, but 4 BLB, PP TR"
26,"SBD, but PP EG"
28,"F 18BO, SB 72, EG, PL, should test 26 SX H"
31,"AIL, but PP PTg around 26 SX H"
34,DTBF 26 SX H but MRV. BL want HL and 2 LU. Might be BUDC so might test 28 L. PP have seen both H and L of day
35,"H1, HL MTR, but CC BRB, MRV"
37,"H1 after BBLB, AIL, but middle of TRD, stop far below"
38,"L2 34, but BLB, BBLB 36, AIL, BB, SS2"
42,"LH DT 21, L2 34, L2 38, COL, might test 35 L"
44,"FT after SBD 43, PP AIS, but MRV"
47,"HL but 6 BRB, PP SA"
51,"H2 47, BT 28 H, COH, but TC, MRV"
53,"L1, DT 48, but 3 BLB, BB"
54,"DB but BRD, TRD, PS SA,"
56,SBD
58,"LL MTR but BBRB, SA"
59,"OD, SYC, but 3 bars with tails so minor hesitation"
62,"PW 57 60, AIBRE, PL, but TC, BB2"
63,"L1, but BLB, SX, PS BB, SS2"
64,OU but too far up to B after TC down
65,"L2, AIS, COL, but far below MA, SX 62, PP MRV down"
67,"SX, PS EG, do not STC, might be BTC since BBRL"
71,"PW SX, PL, but lots of tails so TR more likely than big short covering"
