BAR NUMBER,DESCRIPTION
1,BBRB but PS BRT and HL MTR
2,"HL MTR but TR, better to wait for breakout or 2nd signal. Low probability, bad for stop entries."">BBBR, top of TTR 75 so LP, PS SA and more TTR, BTW"
3,"DT 81m but tail, still on 2 B, BB, TRO"
5,"PB but doji, 2 BRB, LOM, BOM, PP Tr"
8,"Tri 78 3, PH, but BBLB 2 7, BOM"
9,"Tri above MA, AIL, PL, but TRI, BOM, HPW"
11,"Tri 2eb, AIL, PL, but doji, still BOM, PS FF since late in BLT 67"
12,"SBU, but PS FF 11 Tri"
14,"2LT 3, doji ib, AIBLE 1t – 6t below, PH, FF 11 Tri. LBR need PB below 78 H"
16,"H1 but 3 BRB, room to MA and 3 H BOP, PP SA"
20,"Tri, ledge, BOM, COL, PH"
22,"H2 16, but 6 BBRMC, BB2"
24,"L1 after OD, PS MG, TC, but not COL, middle of TRD"
26,"CC BBRB, AIS, but PP TRD so might be BTC"
27,"DB 1 HL MTR, F 18BO, PL, 2LT 22 W, but TR, better to wait for breakout or 2nd signal. Low probability, bad for stop entries."">BBBR, tail, TC, BB2, MRV"
30,"L1, ii, but 2LU likely"
33,"L2 at MA, but TTR, BOM, might test 22 H"
35,"Tri or W at MA, but tail, TRD"
36,"SBD, but PP TRD"
39,"W 1 27, 22 H MGA, ii, but BRB, might need 2EB"
40,COH
42,"L1, but BLB, BB"
44,"BO, becoming AIL, but still below MA. 22 H MGA"
47,"BO and FT, PS MG, AIL"
48,"L2 but doji, TC, SPBL, BB"
50,"L2 48, but SPBL, BB"
51,"H1, but BRB, TRD, LPB, LBR might begin to S but room to 22 H"
53,"PW 48 50 but TC, SS2. SPBL, 22 H TGTA, PS BB, but AILBE"
54,"H1 but 2 BRB, stop below 49 or 43 since TR likely soon"
57,"FF 54, test 22 H and OOD, but SPBL, LP to S with stops"
59,"H1 but doji, at RS of OOD, starting to get BRB, SA"
64,"PW 53 57, ii, but SPBL, better to S with lim orders. PP will c around OOD for DD so PP TR for final hour. MRV"
65,"BBRB but TRD, OOD MGA, PP BTC, not STC"
66,"BRT, but doji, TRD"
71,"ii, middle of ET, AIL, but TR, better to wait for breakout or 2nd signal. Low probability, bad for stop entries."">BBBR OOD MGB"
