BAR NUMBER,DESCRIPTION
1,"YSX. Doji at MA, TRO. Fri is S SB on daily, last week is S SB on weekly so LOY and LLW MGB"
2,"H1 but BRD at MA, PP LOM"
4,"CC BLB COH, BBLB, AIL, BTC"
5,"BTC, but just below 75 SX H RS"
6,"doji so DBL at 75 SX H, BTC BL 5 might exit. DT 75 but 5 BBLMC, SS2, AIL"
7,"DTBF 75, COL, PH, 2 H MGB since bad BSB, but only 30% chance BO below 81 and MMD"
9,"3 CC BRB, AIS, but still PS TRO"
12,"DB HL MTR, SX, PL, COH, AIBRE, but 5 cc BRB, BB2"
13,"L1 below MA, AIS, but PS HL MTR, still on 12 B, and BB, btw"
14,"BBLB, but PS MDT 12 since S SB on 60min, daily, and weekly charts"
15,"oo BRF, SBD, MGB are LOY and LLW, but BBBRL"
16,"BRB so FT, more down"
18,"H2 12, HL MTR just above LOY and LLW, PL, but 2BR so less urgency, MGB, BB2"
20,"L1, AIS, MGB, but BLB"
23,"TWD, PL, HL MTR, but BRB"
26,"SBU, Closed Body G below 12, PL, AIL, PP BLT or BLTR"
27,"BRD so bad FT, AIBLE or 4t – 6t below. LH in BRCH, SS2 after AIL 26 SBU"
28,"H1, ii, but tail, DBR 27"
30,"LH DT 14, W 20 26, PS top of TR, AIBLE"
32,"HL, still AIL, but 3 BRB, TRI, BOM"
36,"DT14, W 20 30, ET 26 30, AIBLE, but 3 CC BLB, AIL, 1t BRB, SS2"
37,"H1, AIL, but CC BLB, top of TR, BB2, PS SA"
40,"W 30 36, AIBLE, but TC, HOD and 60MA MGA, PS BB"
44,"MDB 41, AIL, MGA but 2LSD likely after 43 SBD"
48,"ledge, MDB, should get BO HOD, but TTR, LBRM since 26, PP SA hod"
52,"W 30 42, F 18BO, but TC, 1t BED, 60MA MGA, TC, SS2"
55,"cc W and NW 30 35 42, then 45 52, but SPBL"
59,"ii so 2es but TTR 40 just above MA, AIL, small bodies, BTW"
64,"OU, DB 43, test OOD, AIL, but TTR 40"
67,"SBU, but tail, at 60MA RS, BBLL"
68,"F BO HOD and 60ma, COL, AIBLE, PS EGU"
