BAR NUMBER,DESCRIPTION
1,"F BO HOY, BRB, PH, but tail, PS BB around HOY and 60ma"
2,"CC BRB, AIS, MGB are HOY, MA, 60ma and 50P"
4,"ii, BOM, room to MGB, AIS but weak selloff so PP BRTR"
7,"LL DB 2 at HOY, 50PB, AIBRE, but 4 BRB, 7 BBRMC, BB2"
8,"OD, AIS, but small bars, lots of OL, BRTR likely, PP BB around 60ma"
11,"W 2 7 at 60ma, PL, AIBRE, but TC, MRV"
13,SBU
14,"FT, AIL, BTC, but small bars, PP BLTR"
15,DT 3 but 2LU likely so BB
17,"H1 but 3 dojis, BRB, weak rally, SA around 3 H"
18,"L2 15, W 10 15, LBR 11 H so MGB, AIBLE"
20,"HL MTR, BT 11 H, still AIL, 18 L MGA for LBL, but only 1t BLB, MRV, PS Tri"
23,"Tri 1 18, but 4 BLB just above MA, SS2"
28,"H2 20, MDB but BRB just below MA, TTR"
29,"L2 but BLB, LOM"
33,"H2 11, H2 28, W 26 29, F 18B), PL"
35,"LH in BR CH but 4 BLB, AIL, BB, might test 21 H for LBR"
37,"H1, AIL, but TR, better to wait for breakout or 2nd signal. Low probability, bad for stop entries."">BBBR, middle of TR so LRP"
38,"L2 but AIL, 2 BLB, BB"
39,"H1, AIL, but top of TR, 3LU, LH 23, mostly LOM, PS SA 38"
47,"TC, AIL, BB, might get BO HOD"
52,"EG but small BRB, BBLB, PP BB for 2LU"
53,"H1, 2LU likely"
55,"F BO, HH DT, but tail, PP TTRD, SA, and BB around 53 L and MA"
57,"H1, DB HL 53 but CC BRB, PP SA for 2LSD to MA, BB2"
59,"LH, but AIL, MRV, might test MA and 53 L"
60,"DB HL 57, but TTR, CBX, PS SA. TTRD so BOM. OOD in middle 3rd so PS MGB"
62,"ioi, AIL, but dojis, TTR, room to MA"
66,"DT, IB, top of UTR, AIBLE, MRV down"
69,"ii, but just above MA, PP BB"
70,"H1, AIL but BRB, top of UTR"
