BAR NUMBER,DESCRIPTION
1,"GD, BLB, PB from Y BLT, still AIL, should test MA"
2,"CC BLB, AIL, but tails and not big bars so not yet strong BTC"
3,still BTC
6,"f BO HOY and Fri SX H, big tail 5 so BX, PH, but 6 bar bill MC, SS2"
7,"H1, ii, AIL, but BX at RS, BUDC 5, HPW"
9,"LH, F BO HOY 2es, but 9 BBLMC, 3 BBLB, BB, SS2"
11,"BR ioi, L2, BX 5, PH, AIBLE. PS SCBL, still AIL, PS BL CH soon"
12,"H2 above MA, AIL, but doji, top of TTR, still on 11 S, HPW"
13,"BO, COH, AIL"
14,"cc BLB, BTC, but PS DT 5"
15,"f BO, COL, PH, AIBLE"
17,"3 cc BRB, PS AIS, STC"
18,"PB to MA but BLD, SA"
19,"BO but tail, LBL Bt 10 L, PP TR"
20,"BL IB, SX, bottom of TR 6, AIBRE, BB2. L1, AIS, but BLB, SX, PS BB"
22,"iii BRF, but bottom of TR 6 so PP FF"
24,"iii FF, BL ib, COH, AIBRE, DB 6, but 10 BBRMC, BU14 and BD 23, PP MRV and TR"
28,"ii, DT 20, but PP BB since still on 24 B, AIL 26, MGA 14 H and MP of 14 H and 24 H for SBL"
30,"HL, but BRB, LOM"
33,"W 20 26, but 3 BLB, MGA, BB"
34,"H1, MGA, but BRB"
38,"H1, 14 C MGA, SPBL, AIL, but BRB"
39,"COH, SPBL, should reach 14 C where those BL will take some profits"
42,"DT but 10 BBLMC, doji, BB"
43,"H1 but 2 dojis, PS TR and SA"
46,"DT 2es but TC, LPS, BB around MA"
47,"H2 but 4 BRB, TTR, and room to MA, HPW, PS FF"
48,"DT 2es but MRV, BB around MA, should get new HOD"
52,SBU
53,"LH but PP BB 54 H1 at MA, new H likely"
56,"FF 51, but tail, TR, better to wait for breakout or 2nd signal. Low probability, bad for stop entries."">BBBR, SS2"
57,"H1 at MA, ATH MGA, 2LU likely 56 SBU, but CC BRB, PP S 56"
62,"W 42 56, COL, AIBLE, but TC 52, SS2"
64,"H1, AIL, room to ATH MGA, but 2 BRB, not at MA, PP SA 61"
67,"W 56 61, but doji, TC, room to ATH, SS2, PS BB"
68,"H1, room to ATH, TC, but W 56 61 66, 2 BRB, PS final leg up"
70,"W, AIBRE, but TC, tail, SS2"
