BAR NUMBER,DESCRIPTION
1,"YBX. GD, BBRB, PP AIS, but PP TRO"
2,"CC BRB, AIS, but LBLM, PP TRO"
3,"GD, PS MMD to 60ma, STC"
6,"SX at 60ma nd 23 bottom of Y BL CH, COH, AIBRE, PL, PP will get 1 – 2 hour SU, but BB2 since 6 BBRMC, MRV"
7,"CC BLB COH, SBU, but still AIS. Might get BL CH for rest of day for REVU, but unlikely to get far above 1. BUDC, BDUC"
9,"L1, shrining BL bodies, but 4 BLB, BB, PS AIL, SS2"
11,"oo BRF, but PP MRV since PP AIL after 5 BLB"
12,"HL MTR, AIL, PP TRVU day. but TR, better to wait for breakout or 2nd signal. Low probability, bad for stop entries."">BBBR, top of TTR and just below MA so LRP"
13,"CC BLB COH, BTC, PS MG"
16,"L2 9, AIBLE, but 4 BLB, BB"
17,"H1 but doji, BRB 16, TR likely soon, SA"
18,"L2 2es but just above MA, strong rally, LPS, PP BB"
20,"H2 but BRB, top of TR, LH 1, SA. TTR, BOM, L2 9, L3 16 18"
22,SBD
24,"L1 but BLB, PP BLTR, BB"
26,"HL but BRD, 6 BBRMC, BGU 10 now closed, MRV. TRD likely, but BR want BRCH"
27,"L1 but doji, bottom half of PP TRD, PP BB and below 12"
29,"PW 23 26 but CC BBRB, SA"
30,"L1 but BLB just above LOD and 60ma, PP TRD and BB"
34,"DB 6, H2 29, PL, but doji, TC, PP MRV"
35,"DTBF 30 at MA, COL, AIS, 40% chance MMD, but NS since bottom of TRD, at 60ma, BBLB 34 and 30, PS BB"
38,"SBD, 18BD"
40,"EG, F BO LOY, but tail, PP MRV"
42,"L1 but w BLB, at SP LOY, SX, PP BB"
43,"BBRB COL, but STC BR 39 might B back their shorts, SS2"
45,"H2, F BO 60ma and LOD, but BRB"
46,"Tri 42 44, but many BLB today, Y was big bull day, PP nor much more down, PP BB"
47,"Tri B, but BRB"
48,"COH, Tri B 49 CC BBLB"
50,not BRB so FT and AIL
52,"DTBF, COL, here only 30% chance of BO below 39 NL. More likely BB and HL"
54,"HL MTR, AIL, BT 46, but 3 BBRB, BB2"
56,"BL IH, Hi, AIL, but 3 BBRB, top of TR 30 and NL of HSB, so LRP"
59,"F BO DT 35 51, BR ii, W 44 51, but just above MA, TC, PS BB around MA"
63,"HL but doji, 5 BRB so AIS, PP SA"
64,"OD but tail, still above 54 HL"
66,"H2,63, LL DB 54, HL 47, AIBRE, but tail, 7 BRB in past 8 bars, BBs"
67,"OD but 3LD, near bottom of TR, NS"
68,"PW 63 66, BRT 67, 60ma and 67 SX H MGA, but doji, TC, MRV, 67 PS SBD. > 50% chance of bounce up from bottom of TRD"
