BAR NUMBER,DESCRIPTION
1,"GU, Y HSB, Wed ledge top at ATH MGA, AIL, but small BLB with tail. Should get above ledge top today"
2,"CC BLB, AIL, but doji, not strong BTC, Y was BR bar on daily so bad H1 BSB and PP SA HOY and above Wednesday ledge top"
3,"f BO HOY but 3 BLB, BB, and Wed Ledge top MGA"
4,"H1 but BRB, PS SA"
6,"L2, F BO HOY 2es, COL, PH, but ledge MGA, SS2"
7,"H1, but doji, still on 6 S. AIL, odds favor BO above Wed ledge top"
9,"H2, TGTA, 5t 6, but TTR, doji, LOM, TRO, still on 6 S"
10,"LH but BLB, LOM"
16,"OO at MA, ledge top MGA, but TR, better to wait for breakout or 2nd signal. Low probability, bad for stop entries."">BBBR, middle of TTR"
18,LH MTR but PP BB after CC BLB
19,"H1, MGA, but top of TTR"
20,"LH MTR, L2, PH, but still AIL, MGA, PS BB and SPBL"
21,"H1 in SPBL, MGA, AIL, every bar above MA, but BRB, TTR"
23,"BLB ib, SPBL, MGA, but top of TTR"
25,"BTC, SPBL, but small bars and PP will get PB below ledge top"
28,"ii SPBL, but small bars and weak rally, ledge H MGB, PS FF"
31,"H1 but BRB, 3LU"
33,"W 26 30, ledge top and MA MGB, but 13 BBLMC, SS2"
35,"H1 but after W so PS 2LSD, SBD 34 so 2LSD likely, MGB, BB2. PS TTRD"
39,"H2 35, SPBL, F BO DB 34 37 so WBLF, but just above MA and ledge top MGB, only B if WSS"
44,"ioi BLF, but BRB, PP SA 34 for PB to MA. 99.9% chance of at least 3 bars today with L below MA"
48,"W 6 32, should dip below MA, but SPBL, better to S with lim orders"
53,"20GB B, H2 at ma, but doji, only 1 BLB in 6 bars, more of a TTRD than a SPBL, BB2"
56,"H1 at MA, but top of UTR, NS, BB2"
57,"TTR DT 50 LH MTR, 30% chance swing down and RVD"
59,"BP B, SPBL, BR might give up and create SBU, holding above MA, but top of TTR, PS SA 48"
64,SBU
65,"ioi, but far above MA and PP will get another PB to MA"
68,"L2, MA MGB, but 10 bars without BR body, SPBL, BTW"
70,"H1, but far above MA, PP will touch MA again before EOD"
