BAR NUMBER,DESCRIPTION
1,"BBRB, outside down, 3 BBRB Y, PS SCBR, PS BRT. YBX."
2,"ioi, but TR, better to wait for breakout or 2nd signal. Low probability, bad for stop entries."">BBBR. CC BRB, Y 3 BBRB, AIS, but at 39 bottom of Y BL CH"
3,BBRB late in STC so PS BTC
4,"ib so L1, PS MG 3, 60ma and LOY TGTB, AIS, but BLB, PS PW 1 3"
5,"BBRB COL, AIS, STC, MGB"
9,"PW 1 3 6, 60ma, MMD, BLB, PL, AIBRE, but TC, MRV"
12,"L1, PP MRV up, but PS AIL, AIBLE, SS2"
14,"OO BLF, PL, but BBRB just below MA"
17,"L2 at ma but doji, 16t above 9 so PP will go at least 1t Hr, PS BL CH"
19,"F L2, BL CH, but doji at MA, more LOM"
23,"doji so FT after 22 GU, PS MG, AIL but weak BL CH. W 12 17 but BB"
25,"oo BLF, AIL, but BRB, LOM, PS SA"
26,"ooo, AIL, but top of weak BLCH, LBL1 might take profits"
29,"ioi BLF, SPBL, another BDGU, TC, but L4 12 17 23, many SW bars, PP PB soon, PS SA"
30,"L3, BRB, AIBLE, PS 2LSD. Ledge bottom"
31,SBD
32,doji so FT
33,"BO, but not strong STC since middle of BL CH 30, PP BB 26 22 19 and 14, then TR"
34,"5 cc BRB, SA"
37,"L1 at MA, but doji, PP TTR"
39,"Tri 2 9 30 34, but doji just below MA, BB2. Should get back above 30 L since bottom of ledge"
43,"HH DT LH MTR, but doji, SBU43,"
45,"H1 but doji, top of TR"
47,"DT LH MTR 2es but doji just above MA, HOD MGA, PS BB, Tri 1 30 43, SS2"
49,nested Tri 43 47
56,"HL DB 34, but 4 BRB, BB2"
60,"OU but middle of TTR 16, BTW"
61,"oo down, HST 30 43, but Lr P since bottom of TTR"
64,"DB, Tri since 1 and 9, BLB, but TTR so LRP B"
66,"BRB so bad FT after 65 SBU. Only 1t BRB so PS PB from 65 BO, BTW. Top of 4 hour TR, BOM"
70,"DB 64, COH but TR, better to wait for breakout or 2nd signal. Low probability, bad for stop entries."">BBBR, still in 4 hour TR, NS"
