BAR NUMBER,DESCRIPTION
1,"early close today. GU, new ATH, 3,000 BRN MGA, but BRB, PH, PS PW 74 78 80"
3,"H1, ioi, but TTR, PS PW BX, BTW"
4,"MDT 1, PW, PH, far above MA, but 2 dojis, 4 BBLMC so PS BB, LOM, btw"
5,"MDB 3, AIL, but TTR far above MA, LOM, btw"
10,"BO, PS MG"
11,"FT, BTC, 3,000 MGA, but BX so PS FF 9 TTR, PS PW"
16,"DBL, but 1st PB in 6 BBLMC, SS2, PP BB15, but PW BX 4 15, 9 PS FF MGB"
18,"H1, but BRB, PS PW 4 15, PP SA and above 16"
19,"PW 4 15, f 18BO, PH, AIBLE 4t below BLB, but BLB so LP S, PS TTR"
20,"COL, AIBLE, PW, PH"
22,"3 CC BRB, more down, SA"
23,"H1 just above MA, 3000 MGA, AIL, 19 L MGA since weak SSB, but 5 BBRMC, 3 BRB, PP SA, BB2"
24,"COH, PS more up"
25,SBU
27,"ET 16 19, BX, AIBLE 4t below, but doji, SBU 25, SS2, BB"
29,"ioi BLF, SPBL, but 3 dojis, W 4 19, early close today, NS"
35,"NW 4 19, PW 28 34, BTW, PP SA"
39,"OD, NW, but SPBL, only 30 min left, wait for Fri"
