BAR NUMBER,DESCRIPTION
1,BBRB but BGD
2,"big OU, but tail. AIL, PL, but tail, TR, better to wait for breakout or 2nd signal. Low probability, bad for stop entries."">BBBR, btw"
3,"CC BBLB, AIL, but stop below 2 so big risk, BTW. 40% chance 2 will remain LOD"
4,"L1 but 1t BRD, AIL, 2 BBLB, BB, SS2"
5,"COH, PS MG, but tail 2 4 5 and BBRB 1 so PP PB soon"
6,"L1 but 6 BBLMC, doji, BB"
7,"OU, but most bars have tails, PP PB soon"
8,"L2 near MA, 50% PB from 78 H, COL, PH, but TC and PP MRV. Might get 50% PB and test of OOD"
9,"H1 but CC BBRB, SA for 2LSD after L2"
12,"H2, room to MA, AIL, but PP SA around MA, TTR for 8 bars"
14,"H1, AIL, but BRD just below MA and HOD, BB2. Might get 2LD 9"
15,"OD at MA, DT 7, but AIL, SS2"
16,"f BO below Tri 5 7 9 13, AIL, but just below MA"
18,"Tri 7 13, at MA, but tail, AIL, SS2, PP PB from 17"
24,"ii after OD, BOM. above MA, AIL, LOY and 60ma MGA, but PS FF and PS W 7 20"
26,"W 7 13 20, f BO ii, f BO LOY, F 18BO, ledge, AIBLE, but MRV"
29,"cc BRB, PP AIS, but PP MRV in TR 6"
31,"DB 16, but 5 BRB, middle of TR 6, BB2, SA"
39,"LH MTR, HST, 2es, but BLB. TTR"
41,"cc BBRB COL, AIS, OOD MGB, but bottom of TR 6, not yet STC, PP BB 30 and 9"
43,"L1 but doji, bottom of TR, LOM"
44,"H2 31 2eb, but doji, better to BB"
45,"L2 but BLD, bottom of TR, BB"
47,"L3 below MA, but 6 BWBRB, bottom of TR, PP BB"
49,"L4, cc BRB, but bottom of TR 6, PS BB, very TTR, btw"
50,"F L4, BLB, bottom of TR 6, but TTR 42"
55,"SBU, but at 60ma and LOY, PS BLT, need FT. DBL might get out"
57,"H1 but DBL 56, 60ma RS, DBL might exit above"
59,"BLT, MDT, but doji, TTR, SS2"
65,"L1, 8 BBRM, but at MA, doji, no BBRB so BL have not yet given up, PS BB"
66,"MDB at MA but NBLB in 9 bars, almost ledge top 40, SA for at least dip below 40 H"
67,"L1, 55 BX L MGB, but BLD, PS MW 64 66, SS2"
69,"MW, W 56 64, PB to MA, still AIL, but TC, 55 L MGB, BTW"
1,1 BBRB(big bear bar) but BGD(big gap down so 80% chance of at least one reversal in first hour. The bears want a double top or wedge top on a pullback to near the ema. The bulls want a double bottom or wedge bottom for an early low of the day).
2,"Big OU(outside up bar (an outside bar with its close above its open and a body that is at least a third of its range)), but tail. AIL(always in long), PL(possible low of day, but low probability so swing buy or wait), but tail, TR, better to wait for breakout or 2nd signal. Low probability, bad for stop entries."">BBBR(big bar or bars so big risk), BTW(better to wait for more information)."
3,"CC(consecutive) BBLB(big bull bar), AIL(always in long), but stop below 2 so big risk, BTW(better to wait for more information). 40% chance 2 will remain LOD(low of the day)."
4,"L1(one legged pullback in a bear move) but 1T(1 tick) BRD(bear doji), AIL(always in long), 2 BBLB(big bull bar), BB(buy below, or probably buyers at the low of the bar and scaling in lower), SS2(better to wait for a 2nd sell signal or for a strong bear breakout, which means 2 or 3 bear bars closing near their lows)."
5,"COH(close on or near high of bar), PS(possibly) MG(measuring gap, a gap of any kind that can lead to a measured move (only certain in hindsight)), but tail 2 4 5 and BBRB(big bear bar) 1 so PP(probably) PB(pullback) soon."
6,"L1(one legged pullback in a bear move) but 6 BBLMC(bar bull micro channel), doji, BB(buy below, or probably buyers at the low of the bar and scaling in lower)."
7,"OU(outside up bar (an outside bar with its close above its open and a body that is at least a third of its range)), but most bars have tails, PP(probably) PB(pullback) soon."
8,"L2(two legged pullback in a bear move) near MA(moving average), 50% PB(pullback) from 78 H(high or high of day), COL(close on or near low of bar), PH(possible high of day, but low probability so swing sell or wait), but TC(tight channel (was trend channel)) and PP(probably) MRV(minor trend reversal so trading range more likely). Might get 50% PB(pullback) and test of OOD(open of day)."
9,"H1(one legged pullback in a bull move) but CC(consecutive) BBRB(big bear bar), SA(sellers above, or probably sellers at the high of the bar and scaling in higher) for 2LSD(two legs sideways or down) after L2(two legged pullback in a bear move)."
12,"H2(two legged pullback in a bull move), room to MA(moving average), AIL(always in long), but PP(probably) SA(sellers above, or probably sellers at the high of the bar and scaling in higher) around MA(moving average), TTR(tight trading range, limit order market, bad for scalping with stop orders. Most traders should wait) for 8 bars."
14,"H1(one legged pullback in a bull move), AIL(always in long), but BRD(bear doji) just below MA(moving average) and HOD(high of the day), BB2(better to wait for a 2nd buy signal or for a strong bull breakout, which means 2 or 3 bull bars closing near their highs). Might get 2LD(two legs down or second leg down) 9."
15,"OD(outside down bar (an outside bar with its close below its open and a body that is at least a third of its range)) at MA(moving average), DT(double top, which or two consecutive bars with identical highs) 7, but AIL(always in long), SS2(better to wait for a 2nd sell signal or for a strong bear breakout, which means 2 or 3 bear bars closing near their lows)."
16,"F(fail, failure) BO(breakout) below TRI(possible triangle (5 or more increasing smaller or larger legs in a sideways pattern)) 5 7 9 13, AIL(always in long), but just below MA(moving average)."
18,"TRI(possible triangle (5 or more increasing smaller or larger legs in a sideways pattern)) 7 13, at MA(moving average), but tail, AIL(always in long), SS2(better to wait for a 2nd sell signal or for a strong bear breakout, which means 2 or 3 bear bars closing near their lows), PP(probably) PB(pullback) from 17."
24,"II(consecutive inside bars) after OD(outside down bar (an outside bar with its close below its open and a body that is at least a third of its range)), BOM(breakout mode means trading range. Traders expect a breakout up or down, and then about a measured move based on the height of the trading range). Above MA(moving average), AIL(always in long), LOY(low of yesterday) and 60MA(60 minute 20 bar exponential moving average) MGA(magnet above), but PS(possibly) FF(final flag, usually a horizontal pattern after a trend. The breakout often fails and reverses) and PS(possibly) W(wedge or anything similar, like any 3 push pattern) 7 20."
26,"W(wedge or anything similar, like any 3 push pattern) 7 13 20, F(fail, failure) BO(breakout) II(consecutive inside bars), F(fail, failure) BO(breakout) LOY(low of yesterday), F(fail, failure) 18BO(breakout of range of 1st 18 bars), ledge, AIBLE(always in bulls can exit below, if they are concerned about risk, and buy again above bull bar), but MRV(minor trend reversal so trading range more likely)."
29,"CC(consecutive) BRB(bear body), PP(probably) AIS(always in short), but PP(probably) MRV(minor trend reversal so trading range more likely) in TR(trading range) 6."
31,"DB(double bottom, which or two consecutive bars with identical lows) 16, but 5 BRB(bear body), middle of TR(trading range) 6, BB2(better to wait for a 2nd buy signal or for a strong bull breakout, which means 2 or 3 bull bars closing near their highs), SA(sellers above, or probably sellers at the high of the bar and scaling in higher)."
39,"LH(lower high) MTR(major trend reversal), HST(head and shoulders top, a bull continuation pattern in both bull and bear markets that sometimes is a reversal pattern), 2ES(second sell signal or strong enough bear to breakout to sell), but BLB(bull body). TTR(tight trading range, limit order market, bad for scalping with stop orders. Most traders should wait)."
41,"CC(consecutive) BBRB(big bear bar) COL(close on or near low of bar), AIS(always in short), OOD(open of day) MGB(magnet below), but bottom of TR(trading range) 6, not yet STC(sell the close bear trend so traders will sell the close of bear bar closing near its low or sell below bear bar that closes near its low), PP(probably) BB(buy below, or probably buyers at the low of the bar and scaling in lower) 30 and 9."
43,"L1(one legged pullback in a bear move) but doji, bottom of TR(trading range), LOM(limit order market so easier to make money with limit orders than with stop orders. Bears will probably sell above and many will scale in higher, and bulls will buy below and many will scale in lower. Both expect small moves and will mostly scalp)."
44,"H2(two legged pullback in a bull move) 31 2EB(second buy signal or strong enough bull to breakout to buy), but doji, better to BB(buy below, or probably buyers at the low of the bar and scaling in lower)."
45,"L2(two legged pullback in a bear move) but BLD(bull doji), bottom of TR(trading range), BB(buy below, or probably buyers at the low of the bar and scaling in lower)."
47,"L3(three legged pullback in a bear move) below MA(moving average), but 6 BWBRB(bars without bear bodies), bottom of TR(trading range), PP(probably) BB(buy below, or probably buyers at the low of the bar and scaling in lower)."
49,"L4, CC(consecutive) BRB(bear body), but bottom of TR(trading range) 6, PS(possibly) BB(buy below, or probably buyers at the low of the bar and scaling in lower), very TTR(tight trading range, limit order market, bad for scalping with stop orders. Most traders should wait), BTW(better to wait for more information)."
50,"F(fail, failure) l4, BLB(bull body), bottom of TR(trading range) 6, but TTR(tight trading range, limit order market, bad for scalping with stop orders. Most traders should wait) 42."
55,"SBU(surprise bar or bars up, at least a little more up likely), but at 60MA(60 minute 20 bar exponential moving average) and LOY(low of yesterday), PS(possibly) BLT(bull trend), need FT(follow through). DBL(disappointed bulls) might get out."
57,"H1(one legged pullback in a bull move) but DBL(disappointed bulls) 56, 60MA(60 minute 20 bar exponential moving average) RS(resistance), DBL(disappointed bulls) might exit above."
59,"BLT(bull trend), MDT(micro double top), but doji, TTR(tight trading range, limit order market, bad for scalping with stop orders. Most traders should wait), SS2(better to wait for a 2nd sell signal or for a strong bear breakout, which means 2 or 3 bear bars closing near their lows)."
65,"L1(one legged pullback in a bear move), 8 bbrm, but at MA(moving average), doji, no BBRB(big bear bar) so BL(bull) have not yet given up, PS(possibly) BB(buy below, or probably buyers at the low of the bar and scaling in lower)."
66,"MDB(micro double bottom) at MA(moving average) but nblb in 9 bars, almost ledge top 40, SA(sellers above, or probably sellers at the high of the bar and scaling in higher) for at least dip below 40 H(high or high of day)."
67,"L1(one legged pullback in a bear move), 55 BX(buy climax) L(low or low of day) MGB(magnet below), but BLD(bull doji), PS(possibly) MW(microwedge, a wedge formed by only 3 - 4 bars) 64 66, SS2(better to wait for a 2nd sell signal or for a strong bear breakout, which means 2 or 3 bear bars closing near their lows)."
69,"MW(microwedge, a wedge formed by only 3 - 4 bars), W(wedge or anything similar, like any 3 push pattern) 56 64, PB(pullback) to MA(moving average), still AIL(always in long), but TC(tight channel (was trend channel)), 55 L(low or low of day) MGB(magnet below), BTW(better to wait for more information)."
