BAR NUMBER,DESCRIPTION
1,"FOMC announcement at 11 am PST today. Day traders should exit positions before the report and wait until at least 10 minutes after the report before trading again to allow for a trend to begin."">FOMCD. Both MA flat and near one another, small BRB in Y TTR, LOM, BTW"
2,doji ib so BOM. Not BLB so FT and PS AIS. Y was H1 BLF on daily chart so might have to go above its H to see if more BRS or SRS up there. But it has a tail on daily so weak B SB. BTW
3,"MDT, LH MTR, but BLB just above MA, SS2"
4,"oo, BOM"
5,"H2 but CC BRB, PS BR CH and SA, BB2"
9,"IB in TTR, BOM, but doji, BTW. Should test COY since MGB and no strong rally"
12,"BO, PS MG, COL, SBD, but bottom of 7 hour TR, need FT"
13,"BRB so FT, but big tail, not STC"
14,"L1 but doji, big tail 13, bottom of TR, SS2. F BO, MDB, but 7 BBRMC, not BLB, BB2. BTW"
16,"iii, SX test of bottom of Y TR, PL, AIBRE"
18,"BO, 3 BLB, PP AIL, should go 17t above 16"
21,"LH at 60ma in BBRCH, but 16t above 16, should get at least 17t. doji, 9 BBLMC, BB"
22,"H1, AIL, but at top of TR 9 and at 60ma"
24,"L2 21 at top of Y TR, COL, AIBLE, PH, but TC, SS2"
26,"H1, DB 22 at MA, AIL, but might get 2LSD after 24. PS DBL 23 C"
27,"BBLB COH, should get BO above HOY since Y is H1 B SB on daily, but top of TR, PS more PB 1st"
31,"BBRB, F BO HOY, W 21 23, W 1 23, AIBLE, PP PB here or soon"
32,"doji, test f 20 C, DBL selling, should test down"
34,"cc BRB, 5 BRB, more down"
37,"BO but PP MRV down. BBRB near SP at 60ma and 22 L, PS BTC"
39,"DB 26, in B zone, but 10 BBRMC, BB2"
41,"bull ioi so 2eb, might test 30 L, but TR likely"
45,"LH MTR, 41 ledge MGB, but doji, 8 BBLMC"
49,"apex of Tri 26 31 38 44, ii after oo so BOM. ledge 49, ledge 41 MGB, but btw until after 11 am FOMC"
53,SBD but wait for report in 5 min
55,"huge BRB, PS DFD. big tail, BTW"
56,"huge BLD IB, H2 53, but TR, better to wait for breakout or 2nd signal. Low probability, bad for stop entries."">BBBR, many reversals so LP, btw"
58,"iii so BOM, but BRBR, 50% chance F BO UD, PS LOM, btw"
60,"HL, F BO iii, but tail, LOM, still on iii S, btw"
61,"DTBF 57 at MA, AIS 55, but cc BLB"
62,SBD
63,"STC, might test OOD since today is last day of month. TR, better to wait for breakout or 2nd signal. Low probability, bad for stop entries."">BBBR"
65,"huge bar and huge tail so PTG SX, might c above OOM"
66,"F BO OOM, SX, AIBRE, might get big bounce"
68,"L1 but 3 BLB, BB"
70,"OU, HL, but just below MA, tails 67 68, PP SA. BDUC"
