BAR NUMBER,DESCRIPTION
1,"BGD. But tail, at 60ma and above LOY, and Y was doji so PS ID today, PP BB"
3,"SX at 60ma, but small BLB after 2 BBRB, BB2"
6,"ii, H2 3, 60ma, just above LOY, PL"
7,"BBLB COH, AIL, BTC"
10,"HH DT 1 at ma, PH, 6 was bad BSB so MGB, but doji, SS2"
11,"COL, PP test 6 H"
14,"DB HL but 3 BBRB, BB2"
17,"L1 but bottom of TR, NS"
18,"Tri 4 14, H2 14, PB, but 2 MA near one another, BOM"
20,"L1 at MA, but doji, still on 18 B, BB"
23,"OD at MA, PS BR CH at MA, PH, but NS, still on 18 B"
27,"Tri 4 18, but doji, 4 BRB, BB2. BOM"
29,"BRRB at MA, ok swing S, but doji, LP"
32,"F 18BO, PL, H2 18, but just below MA, HPW"
35,"BP S, LOY MGB, but small OD at MA, weak BRT, still might get F 18BO, SS2"
36,"f 18BO, W 28 32, but 2 BRB, BB2"
38,"L1 at MA in BRCH, but TTR 32, LOM, SS2"
40,"HL, but just below MA, SA at MA"
42,2eb but just below MA
44,"F BO, but SBU 42 43, SS2"
47,"MDT 43, but LOM, BTW"
48,"H2 45, HL, but TTR, LOM, BTW"
50,"DT 29, W 337 43, but 8 bars above MA, doji, NS"
56,"H2 but at MA and room to LOD and LOY, BB2"
58,"W 52 56 but doji, BBRB, BTW"
60,"W 4 36, W 52 55 68, BBLB COH, 2LU likely"
68,"oo B for test OOD, but middle of TTR"
