BAR NUMBER,DESCRIPTION
1,"BGD. PL, but Tail, BB2, PS SA"
2,"BX, test LOY, but doji, BB, LOM"
3,"H2 but 2 dojis, LOM"
4,"L2 but far below MA, 2 BLB, LOM"
6,"Tri, PP AIL, PL, but just below MA, lots of fails, LP"
7,"cc BLB, AIL, Y was small so PS OU day, but tails, small bars, just below MA, weak BTC, PP BLTR"
9,"F BO Tri, MA, L2 2, PH, but 3 BLB, PS 1 more leg up after 1 BO, SS2"
12,"ii, AIL, SPBL, but PP BLTR"
13,"CC BLB, more up but PS W 2 8 and test of COY and 60ma"
18,"W 2, 8 at 60ma and COL OD, PH, BBRB, but 6 BWBRB, SPBL, MRV, might test LOY, in Y TTR, PP TTR and LOM"
19,"BT 8, PS MG for OU day, AIL, but TR, better to wait for breakout or 2nd signal. Low probability, bad for stop entries."">BBBR"
20,"L4 but BLB, SPBL, BB"
21,"H1 but doji, PP CC top with 9 L2 and now W 16 20"
25,"cc top, W 16 20, but 5 BLB, exactly at GX H so should get above GX H, MRV, SS2"
31,"DB, and a measured move up"">DBBF 19, at MA, AIL, W 23 24, GX H MGA, PS OU, but TTR, might need 2 hours SW before TRSU"
39,"HH MTR, 1t f BO GX H, PH, AIBLE, FF 32 37 TTR, but BL CH, SPBL, doji, MRV, might test 29 L at bottom of TR"
44,"OU, HL in BLCH at MA, but tail, 3 BRB, room to 29 L at bottom of TR, BB2"
48,"H2 at MA, AIL, but middle of TTR, NS, BTW"
54,"OD, might test 18 L, but tail still in TTR and above MA. BL want TRSU and MMU from 13 GU"
57,"COH, AIL, PS TRSU"
58,"CC BLB with COH so SBU, but since TRD, PS BLTP"
59,"W 23 39, COL, AIBLE, but cc BLB COH, SS2"
66,"ii above MA, AIL, PS TRSU, but TTR, HPW"
68,"OD, but tail, BTW"
