BAR NUMBER,DESCRIPTION
1,"OD, BO below LOY, AIS, but tail, just below 60MA, Y SX, PP REVU attempt soon"
2,"DBD, but SX, not good STC, BTW"
3,"F BO LOY and 60ma, COH, SX, PW 74 79, F BO below Y BR CH, ledge top MGA at Y 34 H and 26 H, PL"
4,"weak EB, PS AIL since CC BLB. PL, SX"
5,"BO, C above 4, AIL, ledges around 3145 MGA"
8,"another BO, PS MG"
12,BBLL
13,"BX, COL, AIBLE"
14,"H1, but AIL, BX, BB2"
17,"H2 at MA, deep PB from 12 BTC, AIL, but 5 BWBLB, WSS"
18,"tail, top of TR, not BTC. AIBLE 4t below"
19,"f 18BO, huge SBD, OD, but 50P, test LOY, still AIL. BUDC"
21,"ii, ioii, BOM, AIL, but TR, better to wait for breakout or 2nd signal. Low probability, bad for stop entries."">BBBR, BB2, SS2, PS LOM"
23,"F BO ii, but doji, TTR, BTW"
26,"Tri, but BRB, HPW"
28,"F BO Tri, but still at apex of TRI, PS BB, NS"
31,"DB 22, still AIL, but 4 BWBLB, LOM, BB2"
33,"ioi but tail, just below MA, 5 BRB, BB2"
35,"OO so BOM, but in TTR so LRP"
36,"CC BRBC, AIS, but still above 19 L and still PB from 18BO, SS2"
37,"DB HL 19, F BO, 5t, COH, AIBRE, but still BRCH 19, BB2"
39,"L1, AIS, 2LSD likely after 35 36 BO, but doji after BBLB, PS BB and below 19 around LOY. TRD so OOD might be MGN all day, esp in final hour"
41,"DB 19, test LOY, H2 37, bottom of TR"
44,"H1 but BRB and TRD, PP SA"
46,"H2 but doji, top of leg in TR, BB2, PS SA"
54,"WBLF 46 48, AIL, but doji, so stop below 41"
58,"F BO 45, WBRF 34 45, BRB, AIBLE"
60,"H1 but 3 BRB, PP SA"
61,"L1, room to 55 L and 41 L, but BLB at MA, in TR, SS2"
63,"DB 55, H1, AIL, but doji, TTR 43, BBLO"
68,"H2 but BRB, LOM, BTW"
70,"BLTP 69, but bottom of TR, BTW"
71,I have to leave early today to get ready for the 1:30 webinar
