BAR NUMBER,DESCRIPTION
1,"MGA are 2 ledge tops from Mon at around 3145. FOMC announcement at 11 am PST today. Day traders should exit positions before the report and wait until at least 10 minutes after the report before trading again to allow for a trend to begin."">FOMCD. Doji at top of Y 5 hour TTR. LOM."
2,"DT 57 but 2 dojis just above MA. LOM. Still AIL from Y. Y is BSB on daily, and ledge tops MGA"
3,"H1, AIL, COH, PL, HOY and ledge tops MGA, but top of TR"
6,"BBLBL. SPBL, but PW 76 79 4 and just below HOY. MGA, AIL, should go Hr even if PB 1st"
7,"DT HOY, PW, PH, AIBLE 4t below, but BLB, SPBL, MGA, PP BB, SS2"
9,"CC BRB, COL, AIBLE, tail so DBL 6 C exiting, PH but just above top of Y TR, SPBL 7, SS2"
12,"EP, still AIL, but BB2, no bottom yet, testing MA and top of Y TR"
14,"H1 at MA, 7 L MGA, AIL, but 8 BBRMC, CC big BRB, PS AIS, MRV, SA"
15,"L1, 3 BX L MGB, but BLB at MA, MRV down from 7, PS BB"
18,"L1, SPBR, BP from BO below 3"
20,"f 18BO, PW 14 17 so SX, PP BRTR, MA, 50P, AIBRE, but BRB 19, but TC, MRV"
22,"L1 at MA, but BLB, PW SX, PP TR soon, PS BB, SS2"
24,"L2 at MA, but dojis, small bars, PP TR, 15 H and 7 L MGB, PP BB"
26,OO so BOM
28,"COL, F BO, W 22 24, but small bars, MRV. Might get DB 23 or 19"
32,"ii, L1, but doji, PS DB 19, PP bottom or TR and not BRT"
35,"ioi BRF just below MA, but just above 19 LOD so PS DB. TTR, btw"
36,"DB 30 33 PB, DB 19, but TTR, BTW"
55,"FOMC announcement, OU, 5 BLB, AIL, TGA HOY, HLW, and 2 ledge tops from Mon, but HPW for cc BLTB"
56,"F BO 27, but 6 BLB, SS2, PP BB"
57,"H1, AIL, but BRB"
60,"LH, PW 52 56, AILBE, but TC, SS2"
61,"H1, MGA, but BRB, SA, LBRM"
64,"BO above HOY, MGA, should go HR, but BRB, LBR above"
66,"W, but BLB, ledge top MGA, PP BB"
68,"W 59 63, ioi after OD, F BO HOY, PP 2LDS from W top, but still MGA and lots of time left. PP MRV"
69,"SBD, testing 57 L and 61 L at bottom of BL CH, but still MGA at Mon ledge top. BL need good B SB."
71,"H2 at MA, should test ledge top, but many BRB, BB2"
