BAR NUMBER,DESCRIPTION
1,"rollover day. BRD in middle of 20 BTTR, btw"
2,SBUM
4,"ii H1, even though BRD, strongly bullish so good B"
5,"COH, BTC"
8,"BRD, PP TR soon"
10,"H1 but doji, 3 bars with tails, near MA, LBRM above 7 and 8, PP SA and above 9, TR likely soon"
11,"MDT, PW 2 9, PH, AIBLE 4t below, but BLB, 11 BBLMC, PP BB and TR, LPS"
13,"COL, CC BRB, PH"
15,"BBRB, AIS, but 50% PB from 4, above MA, so PP BTC"
16,"H1, 15 SX H MGA, but 4 BRB, AIS, MRV. TR likely"
17,"SBU, TR likely"
18,"LH MTR, but PP MRV. Might test 16 L for DB, or 2 H BOP, or 3 L bottom of BL CH. TR likely"
21,"3 BRB, PP going LR"
26,"BLB so DBR, PS bounce soon, esp since around SP of 2 H and 3 L and since TR more likely than BRT. L1 but BLB, BB"
28,"L1 but doji, BLB 26, LBLM below 26, SS2, PS BB and either TTR or bounce soon"
30,"F BO below ATH from 2 weeks ago, F BO below BR CH, AIBRE"
32,"ii so L1, AIS, HLW MGB, but SX 30, PP BB below HLW"
36,"F BO HLW, BLB, PL, AIBRE, but 18 BBRMC so PP MRV. BUDC, might test 25 H top of CH and 16 L BOP"
41,"MDT, DT 32 at MA, AIBLE, 30% chance of BO below 35 NL and MMD. TR more likely"
47,"OD, W 43 40, might get test of 42 L."
54,"oo, HL DB 42, but TTR, small bars, need stop below 35"
60,"test of ATH. F BO ii 59, still AIL, COH"
63,"ii, EBRT after 61 SBU, but BLD, PP BB and 2LSU"
65,H1 but BRBR
70,"H1, AIL 38, but top of TR 52, TR, better to wait for breakout or 2nd signal. Low probability, bad for stop entries."">BBBR, NS"
