BAR NUMBER,DESCRIPTION
1,"BBRB but bottom of Y 20 bar TR. DB 65 but BRB, PP TRO."
2,"BBLB, PL, but TR, better to wait for breakout or 2nd signal. Low probability, bad for stop entries."">BBBR, middle of TR so LP, HPW. TRO"
4,"BR IB, but still on B above 2, AIL since 38 Y. SS2"
5,"SBU, PS MG"
6,"f BO, but tail, PP BB and 2LU"
7,SBU
8,"F BO HOY, W 61 77, BRB, AIBLE. PH but tail, SS2"
9,"CC BRB, but still AIL, SS2"
11,"L2 top, F BO HOY 2ES, but big tail, HPW"
12,"OD, might go below 7 BX L"
13,"PP STC, but big tail so STC and not below"
14,"bigger BRB, AIS, but just above LOD, TRD, so PS BTC. BW"
15,"H2 11, HL 1, but tail, 3 BBRB, BB2"
19,"DB 1 at GX L, PL, but doji, AIS, 2 BRB, MRV"
21,"L1, DTBF 16 at MA, should get 18BO, but tail"
22,"BBRBC, STC for 18BO and PS test 60ma and HLW"
25,"f 18BO, W 14 19, AIBRE, PP 2LSU to MA, PL"
27,"H1, 2LU likely after f 18BO and W but just below MA in BR CH"
29,"BO, PS MG, but PP PTR around 21 H or 16 H"
32,"H1, SPBL, 8 CC BLB, BB, but PW 26 28 30 so PTR soon, BTW to B PB"
34,"H1, AIL, but BRD, PW 33, PP 2LSD, PP SA 33, PS TTR 31, need WSS"
39,"OO top, L2, LH DT 16, but SPBL, just above MA, LOM, SS2"
41,"H1 at MA, 16 top of wedge MGA, but doji"
43,"DT 16, 1t F BO 16, W 33 39, BLTP, but BLD"
48,"H1 at MA, but BRB, 42 BX L MGB, BB2"
52,H2 at MA but very tight TR in TRD. TRD so OOD MGB. Btw
57,"ii, DT 43, OOD MGB, 1st reasonable stop trade in many bars since OOD is MGB in TRD"
63,"H2, AIBRE"
67,LH but TR too tight. btw
