BAR NUMBER,DESCRIPTION
1,"BGU. BBLB, but far above MA, HPWF"
2,"F BO HOY, BBRBC, PH, but BBLB1, SS2"
3,"H1, AIL, PS SPBL and T1B, but tail, BBRB 2, PP SA, TTR, far above MA, BB2. PP TRO."
5,"F BO HOY 2es, L2 top, PH, but doji, TTR"
6,"H1, AIL, SPBL, but BRB, LBR SA"
8,"FT after 7 BO, T1BL, SPBL, but weak so far"
9,"C above 8 so BO and PS MMU. BX so PP TR soon, but small bars so PP TR soon"
12,"L2 2 5 so W, PH, but 5 cc BLB, SPBL, SS2, PS BB"
14,"H1, but BX and small bars, PP TR soon. Only 2 BRB in 1st 14 bars so BRT unlikely"
16,"DT 12, COL, near 18, PH, AIBLE, but TTR more likel"
20,"H1, AIL, DB 14, but TR, better to wait for breakout or 2nd signal. Low probability, bad for stop entries."">BBBR, TTR, far above MA, at 3200 BRN, 3 BRB, still on 16 S, BB2. Very tight TTR, BTW"
26,"Tri, H2 23 after 20 BO, AIL, just above MA, COH, but very TTR"
29,"H2 26, AIL, MMTA"
31,"F 18BO, but BLB, SBU 30 31, SS2, BB"
33,"H1, AIL, SPBL, but PS DT 32, 2LU 30, SPBL will PB not last all day since weak"
36,"W 1 12, AIBLE, PH, but might get 1 more leg up to MMTA, SPBL, BTW"
48,"20GB B, WBLF 37 40 44 47, 5t, but TTR, PP SA 36 around MMT"
51,"WBLF at MA, AIL, but PP SA 36 at MMT"
55,"W 12 32, MDT, PH but PP MRV"
58,"F BO 51, but 3 BRB after W top, BR BO and FT 57 so PP AIS and 2LSD likely, PP SA, BB2. 3200 has been MGN all day"
59,"L1 but bottom of TR, PP BB 20"
62,"L1 but BLB at bottom of TR, PP BB"
63,"OU, MDB, DB 20, but 9 BBRMC, TTR, LOM, just below MA, btw"
64,"L2 at MA, AIS, but bottom of TR, BB 20 and 61, 3200 MGA"
68,"LL DB 61, 3200 MGA, but BRB"
69,"SBU, PP not much above 3200 and PP C of day around 3200"
