BAR NUMBER,DESCRIPTION
1,"BRB in TTR, tails,, continuation of Y LOM"
2,"f BO HOY, ET 32 54, PH, but BLB, middle of Y TR, just above MA, SS2. PS TRO."
4,"CC BBRB, AIS, but bottom of TR, stop far above"
5,"HL DB 79, but AIS, PS SA, BB2"
6,"OD but C above 5 L, still HL 79, LOM"
8,"OO, HL, PL, room to top of TR, but tail, TRO, LPR"
10,"OU, but tail, top of TR. SBU"
11,"H1 but doji, top of TR, PS SA, BL need WSS. L2 9 but 5 BLB, BB"
12,"LH MTR but 1t BRB, 5 BLB, BB, SS2"
17,"CLO and below 16 TTR, PS MG, but TRD"
18,"CC BRB C below 16 TTR, AIS, but still in TR, BTW. PP SA"
20,"ioi L1, AIS but bottom of TRO"
21,"WBLF 13 18, HL, but BRB, AIS, BB2"
24,ledge bottom. AIS but bottom of TRD
25,"WBLF, HL, f BO below ledge and ii, PL, AIBRE, but still SPBR unless CC BBLC"
27,"L1, AIS, DTBF 19 but 1t BRD, SBU 25, PP BB"
28,"H1, COH, but middle of TR"
32,"L2 27, LH, Tri 2 12, COH, at 3200 RS, but TC, SS2, PS BB"
33,"H1, AIL, but BRB32, BB2"
38,"ii, H2 33, but TTR, near top of TRD, BTW"
40,"LH Tri, FF 38 H2 but AIL, SPBL, so PS BB, TTR, BTW"
41,"H1, SPBL, but top of TTR 31 and top of Tri 1 12"
42,W 36 40 but doji
44,"BR FT after SBD, AIS"
45,"f BO but doji, AIS, SA"
49,"H2, HL in Tri, but doji, 8 BRB, BB2"
53,"H1, ioi, but just below MA and middle of TRD, btw"
56,"DB 49, but doji, TTR 45, BBRB 55 with tails, LOM"
58,"L2 54, but TTR, LOM, BTW"
60,"DB PB, but BRB, apex Tri 1 12 42 55"
65,"LH in Tri 2es, but apex of Tri so TTR and BTW"
69,"DB HL, AIL 51, 3200 and OOD MGA, but TTR"
