BAR NUMBER,DESCRIPTION
1,doji at 3200 BRN in middle of 2 day TTR. BO above Y Tri after late BO below. TRO.
2,"BLB, COH and above 1, PP AIL"
3,"BLD, CC BLB, AIL, but small bars, top of 2 day TTR, BTW. F BO above Y Tri, DT Y 12 but BLB, SS2"
4,"SBD. PP AIS, but PS BRTP"
5,"L1 but BLB in 3 day TTR, PS BB"
7,"MDB 4, W 1 4, COH, PL, but 5 BBRMC, not big bar compared to 4, HPW"
8,"L1 but low in 3 day TTR, PS W 4 7"
9,"W 4 7, 5t, 2EB, PL, but TC, middle of 3 day TTR"
11,"L1 but tail, 2LSU likely after W, BB"
13,"HL, COH, AIL 10, 2EB"
15,"DT, but still ob 9 B and AIL"
16,"H1, AIL, PS BO above DT"
19,"H1, but might get PB below 14 BOP"
20,"OD, AIBLE"
21,"H1, AIL, but TR, better to wait for breakout or 2nd signal. Low probability, bad for stop entries."">BBBR"
22,SBU
24,"ii, f 18BO, W 14 18, PH, AIBLE, but PP MRV after 18BO"
25,SBD
30,"BO and FT, PP AIS, but BRTR, W 25 27, PP BB 21, PP MRVD after 18BO, not strong STC"
32,"L1 but after W, SS2. 3200 still MGN"
37,"L1 but TRD, BLB 36, PP BB, W 21 29"
40,"W 39 35, FF ii, BRTR, but need WSS. More LOM with BB 36 and 31"
44,"DT 34 but SBU 43, PP BB"
49,"H2, AIL 43, but TTI 29, LOM"
54,"H1, but top of TTR 29, PS W 40 44, LOM. 7 BLB so LPS below or above. BTW"
55,"OO so BOM, but too L to S. PP BA since weak SPBL 36"
60,"H1 but weak rally in TRD, PP SA 56"
66,"W 44 56, MDT buy LOM, better to SA"
68,"H1 but top of weak rally in TRD and top of TTR, still on 66 S, PP SA and above 66, 3200 MGN for 3 days"
