BAR NUMBER,DESCRIPTION
1,BBLB but big tail in middle of 4 day TTR at 3200. TRO
2,"L2 81 but tail, LOM"
5,"H1 but doji, LOM. L2 2 but doji. TRO. Only 1 BRB so far and no C below MA so AIL, but BOM"
8,"H2 but tail, TTR, LOM"
9,"L2 5, COL, PH"
11,"BRTP, PL, AIBRE"
12,SBU
13,"F BO, PH, AIBLE, but PP BB for 2LSU"
17,"LH HOY, MDT, W 9 13, 18B, but PP BB 17 BLB, 4 pt BL 11 expect HR, SS2"
19,"OO BLF, but top of weak rally. Might get swing up"
20,"W 12 16, DT ATH, but BLB, SPBL, PP BB, SS2, but weak rally so PP BLTR"
21,"H1, PS BO above W and MMU since SPBL, but BRB, BB2"
23,SBU
24,"H1, SPBL, but BRB, BB2, PS SA"
26,"f BO, MDT, PH, AIBLE"
27,"CC BBRBC, BUDC, BB2"
28,"H1, AIL, but CC BRBB so WSS since might get 2LSD"
30,"LH but MRV, AIL, BB and below 27, SS2"
35,"BX near MMT, BBRBC, PH, but SPBL so MRV, maybe to MA and 31 BX L or 27 start of BL CH"
42,"L2 but BLB, 20GB B, BB"
44,"MDB, 20GB, but 8 BBRMC and ledge top, PP MRV. Still SPBL but also TR. PP SA 35 since LBRM 25 H"
46,SBU
48,"OU, SPBL"
50,"BO and FT, BTC"
52,"W 25 35, but5 BLB, SPBL, BB"
55,"H1, APBL, but dojis so need WSS"
58,H1 but doji
63,"H1 but too many dojis, BTW to B PB. PS SA 35 for PB below 35 H"
66,"H1 at MA, but SBD"
70,"H2 but SBD 68 and FT, so AIS, BB2"
