BAR NUMBER,DESCRIPTION
1,"OD, BR CH, PS AIS,"
2,"CC BBRBC, AIS, PH, T1BD, but TR, better to wait for breakout or 2nd signal. Low probability, bad for stop entries."">BBBR"
3,"f BO LOY, but BRB, BB2"
4,"L1, 4 BRB, but tails, far below MA"
6,"BBRBC, might fill GU on daily"
8,"SX, PL, AIBRE"
10,"L1 but CC BBLB, PP BB and below 8 and at bottom of GU on daily"
12,"L1 but BLB,"
14,"H2 8, LL DB, closed GU on daily, PL, AIBRE, but BRB, BB2"
15,"L1 but BBLB, PS BB and PP below LOD, SS2"
16,"BBRB, AIS, but PS W 8 14. CC SX, PP TR soon"
21,"W 8 14, PL, TR likely after W abd big REVU 9 and 15, AIBRE, but doji, 6 BWBLB, HPWBL"
24,"L1, AIS, 3100 MGB, PS start of 100 pt PB on daily chart, BR FT, so should go LR this week, but W, PP BB around 21 H and 21 L, TR likely soon"
26,HL MTR after W
32,"L2, LH, 20BS but 8 BBLMC, MRV. Might be in TR and test 26 L"
35,"H1 but 2 BRB, top of TR, PP SA"
37,"L1, ioi, but bottom of TR, PS BB"
38,"BRT 36, HL, but doji after 5 BRB, BB2"
40,"L2, but bottom of TR, PS BB"
41,"HL 2eb, but TTR 37, room ot 26 L, need WSS"
42,"OD, but bottom of TR, PS BB"
43,OO B
46,"LH, TRI 15 33, but doji, SBU 43 44, BB"
47,"H1 but top of TR, 2 dojis, SA"
49,"TRI 15 33, 2es, but AIL 44, TTR, just above MA, BTW"
51,"DB, and a measured move up"">DBBLF 47 at MA, but TTR and top of TR"
53,"LH, TRI, but doji, PS PB from 52, SS2"
55,"H1, AIL, SPBL, 9 C MGA for BTC BL, but doji, weak rally"
60,"H1, SPBL, MGA, but BRD, PS SA"
62,"H1, but BRB, top of TR, PP SA"
64,"F BO 33 2ES, AIBLE, might test 50 L since 1st PB after 44 BO, but doji TTR"
68,"CC BRBC, room to 50 L, AIS, but middle of TR, PS BRT"
70,"L1 but BLB at 50 L bottom of BL CH, PP BB"
73,"H2 69, DB 50, but TC, MRV"
