BAR NUMBER,DESCRIPTION
1,"BGU. Tail, PP TRO"
2,"BR IB, F BO HOY, COL, PH"
3,"CC BRB, AIS, but TRO still most likely"
4,"H1, COH, PH, but still on 2 S, BB2"
8,"LH, F BO HOY 2ES, still AIS 3, but tail, TRO"
10,"DB after DT 1 7, 5t, but BOM. Still on 2 S, AIBRE, but doji, TRO far above MA so BB2"
11,"COH, CC BLB, PL, AIBRE. Still on 4 B, but TRO"
12,SBU
13,"BO 8 LH so no longer Tri. AIL, but still TRO"
15,"H1, but just below top of TR"
16,"LH MTR, W 7 13, but AIL, BLB, PP BB, SS2"
18,"H1 but doji, just below HOD. PS 18BO"
19,"18BO, COH, PS MG"
22,"H1, SPBL, MMTA, but BRD, PS SA, BB2"
23,"F 18BO, MDT,OD, but PS TTRD, 6 BBLMC, SPBL, SS2"
24,"H1, MMTA, SPBL, but doji, need WSS"
25,BBLL. MMT. PS more STC.
26,"CCT, W 16, now L2 22 26, MMT, AIBLE, PH, but TC so MRV, PS TTRD"
28,"H1 but 3 BRB at MMT, PS TTR, PP SA, BB2"
33,"H2, 20GBB, AIL, but TC, need WSS"
38,"LH but BLB, AIL, BB. TTR, LOM"
40,"LH MTR, but TC, TTR, PS BB, SS2"
43,"H1, AIL, holding above MA, but middle of TTR. 99.9% chance of at least one L below MA so PP not much rally in meantime"
47,"LH MTR, but BLB, TC 33, SS2"
56,"BRTP, BP test 1 H, but TC, need WSS. Might test down to 19 BX L or OOD"
60,triple bottom test of 1 H
63,SBU
66,"HH MTR, BLTP, AIBLE, but tail"
67,"SBD, BUDC"
69,"H1 but 4 BRB, SA"
71,"BR IOI, but still AIL, PB from 65, btw"
