BAR NUMBER,DESCRIPTION
1,"F BO HOY, ET 25 65 so HH MTR, PH, PS OD, but tail, SS2"
2,"CC BRB, BBRBC, AIS, PH, but just above MA and in middle of ET so TR, HPW"
3,"ORV up at MA, but 3 BRB, AIS, SA. Small bars. TRO"
5,"L1, but cc BLB at MA, TRO, BB2, SS2"
7,"LH MTR after ET, MDT, L1, AIS, but BLB, 6 bar TTR just above MA, SS2"
8,"DB at MA, ORV, but BRB, TTR, LOM"
11,"LH MTR, BLT 10, but cc BLB, tail, LOM"
14,"HL, still above MA, COH, but TRO, LOM"
15,"DT LH MTR, but BLB, LOM, BTW"
17,"ioi H1 at MA, AIL but doji, TRO"
19,"LH MTR, W 5 10, F BO DT, but 2 BLB, no C below MA today, SS2"
22,"H1 at MA, no C below MA, AIL, BLCH, ok B but PS 2LSD after 19 W"
25,"DT LH MTR, COL, PS 2LSD from 19 W, but SPBL, no C below MA, small bars"
28,"PB to MA in BLCH, but 4 BRB, PS SA, BB2. Rally looks like BLTR so PP will get BRTR at some point"
31,"Tri 19 25, above MA, but 6 of past 7 bars have BRB, DT PB, becoming AIS"
33,"COL, 8 of 9 bars with BRB, 4 CC RBB, 1st C below MA, PP AIS, but small day"
37,"F BO, TRD, but 2 BBRBC, AIS, only 1t body, BB2"
38,"L1, AIS, but might need L2 after BLB, bottom of TRD, SS2"
40,"L2, AIS, but TTR, bottom of TRD"
48,"Tri 1 25 but 5 BLB, 8 BBLMC, SS2. Range still only 4.25 so PP will get at least a little bigger, but Christmas week sometimes has tiny days like this that last all day. So far, smallest range in 2 years."
52,"HL 36 at bottom of Tri, but doji, LOM, better to BTC than B above with stop"
57,"LH in Tri, but doji, 6 BWBRB, SS2. Apex of Tri so very small range and BTW"
60,"H1 but apex of Tri, BTW"
61,"LH, MDT, but apex of Tri, BTW"
64,"H2, but apex of Tri, BTW"
71,"f 18BO, ledge top and bottom 69 so MGA"
