BAR NUMBER,DESCRIPTION
1,"small GU, BBLBC, PL"
2,"COL, BTC, but 3 small days so PS small day and therefore PS early HOY"
4,"BX, PH, tail, but 4 BLB, 4 BBLMC, 3235.25 MMTA on daily chart from BO above DT, PP BB, SS2"
6,"H1, MMTA, SPBL, but doji, 4 BTTR, PP not going to continue as T1BU"
14,"ii, BLF, SPBL, but BRB, small bars, looks like BLTR, 1t below MMT, PS SA"
17,"BO, SPBL, but small bars, PP will not last all day"
20,"H1, 15 BBLMC, SPBL, but big bar 19 so PS PTG for 5 – 10 bars and TTR, PS SA, BB2"
26,"H2 but 3 BRB, just above MA, 16 BX L MGB, BB2"
30,"LH, MDT, but PP MRV, might test 6 L at start of MC"
33,"SBD but tail, PP TR since 3"
35,"L1, AIS 34 35, but TR likely, PP BB and around 6 L, SS2"
44,"H1, SPBL, but PP will stall around 24 H and remain TR day"
46,BO and FT but PP not much more up since top of TR
48,"H1, BLB, but top of TR so PP SA"
57,"ii, FF 52 TTR, LH MTR, but TCH and PP not much reward. PP will remain TRD"
61,"SBD, PS MG"
69,"DB 45 BX L, but 5 BWBLB, OOW MGB, btw"
71,"L1 but doji, middle of TR, BTW"
