BAR NUMBER,DESCRIPTION
1,"BGU. BRB, C below MP, STC"
2,"cc BRB, C below MP, AIS, STC"
3,"COL, STC"
6,"SBD but late in BRT so BTC, AIBRE. PP rally to top of 6 SX H here or soon"
7,"SX, 50% PB to below MA, AIBRE, PL, PP SU here or soon"
8,"CC BLB, PS LOD, but if BLT, PP CH up and PP will not get much above HOD. Expect mostly TR PA for several hours"
12,"L1 but AIL, 5 BLB, just below 6 H, BB, SS2"
14,"L2 but doji, AIL, PP BB"
15,"MDB, AIL, room to 6 SX H, but 6 BTTR, PP SA 12 and 6"
16,SBU
18,"H1, 2LU likely after 16 17, but BRB, weak rally, SA"
20,"SPBL, but doji, W 12 17, SA. AIBLE 4t below"
22,"H1, SPBL, but 3 dojis, need stop below 13. Might oscillate around HOY in TR"
26,"OD, but tail, TTR, AIL. LOM"
28,"F BO, lots of TR PA so should get PB below 12 H BOP. Might test 13 L for PS DB"
31,"CC BRBC, AIS, but BRTR. Might test 13 L"
32,"BT 12 H but 3 BRB, TR PA, PP SA for dip below 12 H and PS test 13 L"
37,"H2 32 but doji, room to 13 L, PP SA"
38,"L1 but BLB, 2LD 35, OO BB"
39,"H2 32, MDB, 35 SX H MGA, PL, but room to 12 L"
44,"DTBF 35, 13 L MGB, Tri 1 27"
49,"HL DB 13 but PP not close enough, 7 BBRMC, BB2"
50,"L1, PS MG below 39, but BLB, PP BB and below 13"
53,"DB 13 HL MTR, PL, H2 49, but 3 BRB so PS one more brief push down. PP bounce here or soon"
56,"DTBF, BRB, but SBU 55, PS BB and PP BB 53"
58,"H1, HOY MGA, but BRB, weak rally so far"
64,"H1 but at HOY MGN of day, PS SA"
66,"DTBF 43 but 7 BLB, MRV, PS test 57 start of CH"
67,"SBD but PP BTC, PB from 6"
69,"HL, HSB 37 53, HOY MGA, but BBRB 67, LOM, BTW"
