BAR NUMBER,DESCRIPTION
1,"BGD. RB, PL, but BRB, HPW"
2,"BBRBC, PS T1BD, but TRO"
5,"H2, COH, PL, but TR, better to wait for breakout or 2nd signal. Low probability, bad for stop entries."">BBBR"
7,"DTBF 3, COL, AIBLE, but PP BB and belo 5"
9,"DB HL, COH, AIL 6"
11,"L2 7, TRO, AIBLE, PP will fall below 7 H for LBR, but many BBLBC, PP BB and SU to MA"
14,"H1 but BRB, to of TR, W 6 10, BB2"
17,"HL, TRI 5 9, but tail, SBD 16, BB2"
20,"H2 17, W 13 17, HL MTR, COH, AIL, F BO below TRI, but TR, many will scalp out for 2 pts or near MA"
22,"LH near MA, AIBLE, but 3 BLB, SS2, still AIL 6"
26,"big OU but at MA, PP STC"
27,"20GBS, but small BRB, still in TRI and still AIL, PP BB"
30,"BP B, COH, but just below MA, PS SA. If B, stop below 26"
32,"oo, AIL, might get BO then TTRD, but just below MA, still in BOM"
36,"F BO MA and DT 22 27, but tail, SS2"
37,"H1 but 2 BLB, TTR, PS SA for more LOM"
38,"L2 at top of TR and at MA, COL, but still on 32 B, SS2"
40,"H2, AIL, but tail, close below MA, 4 BTTR, LOM, HPW"
41,"F H2, but BLD, SS2"
42,"H1, OU, but top of TRD, PP SA 36, PS SPBL since 32"
44,"H1, SPBL, but doji"
45,SBU
46,H1 but BRD. SPBL SS2
48,"SBU, BTC"
51,"BR IB so DBL, PW 45 48, PP PB soon, but MRV, maybe to MA or 48 BX L"
54,"H1 but 4 BRB, room to MA, PP SA"
57,"COL, might test 40 BX L and apex of TRI 32, but PP will stay around OOD"
61,"oo bottom, but PP MRV and then TR around OOD"
64,"L1 but 5 BWBRB, SS2"
67,oo so BOM
69,"BO, might get new HOD"
70,"FT, more up"
