BAR NUMBER,DESCRIPTION
1,"BBRB, OD, PH, Y is S SB on daily chart, PW on daily"
2,"CC BBRBC, AIS, STC, but stop far above"
5,"SX, COH, PL, HPWB2 since STC BR 4 will scale in, expecting test 4 C"
7,"L1, but SX, HPWS2"
8,"DTBF so L2, but PS FF"
10,"H2 5, CC SX, PL, but doji, HPWB2"
11,"L1 but still on 10 B, SS2"
13,"MDB 12, 2EB"
15,"BLB FT, AIL, TGTA are MA and 9 SX H, but PP weak rally and then TR"
16,"L2 11, but AIL, PP BB for SPBL, SS2"
17,"OU, but weak rally, LOM, 2LU from 14 SBU, PS SA, BTW"
18,"W 11 16, BT 5, AIBLE 4t below, but CC BLB, SS2, PS SPBL up to 9 SX H"
19,"OD, COL, S SB for WBRF near MA, 2LSD likely after W and 19 SBD, but middle of developing TR, LOM"
24,"2LT, F BO W, 20GB S, PH, AIBLE, but 3 CC BBLB, SS2"
26,"H1, 9 SX H MGA, PS 5 H MGA, but SBD 25 so PS more SD before TRSU"
29,"W 18 23, but 23 BO strong enough for 3LU, also 5 H MGA, PP BB"
30,"H1, 5 H MGA, but cc BRB"
34,"CC W 18, AIBLE 4t below, but BLB, TC, SPBL, SS2"
36,"BO, still SPBL, but EG more likely than MG. SBU, SS2"
40,"H1 but BRB39, PP EG 36, SA and SD for 1 – 2 hours"
45,"H1 but PP SA for 2LSD and maybe W, should dip below 28 H for LBR, and might test 26 L which is 1st PB after 21 BO"
53,"H2 but doji, TC, TGB, BB2"
55,"SBD, PS MG, but PP BRTR"
58,"L1 but doji, PP BB around 25 L"
60,"DB HL MTR 25, but TC, BB2"
62,"iii late in BRT so PP FF or PS bottom. since ledge bottom, PP will go below, but PP BB. TR likely since 4 so should bounce soon"
63,"OU, AIBRE4, PL in TR, but TC"
65,"L1, but bottom of TR, PS FF"
67,"OU, FF 65, ET 59 63"
68,"ET 60 64, L1, but CC BLB at SP 25 L, PP BB, SS2"
