BAR NUMBER,DESCRIPTION
1,"F BO LOY, but big tail, TR, better to wait for breakout or 2nd signal. Low probability, bad for stop entries."">BBBR. New Year’s eve usually spends a lot of time in TTR, but can get big move UD in final hour."
2,"CC BBLB, AIL, but middle of Y TR, tails, TR, better to wait for breakout or 2nd signal. Low probability, bad for stop entries."">BBBR"
3,"H1, TGA is 60ma and Y 41 H top of TR but BRB, tails 1, 2, top of TR, TR, better to wait for breakout or 2nd signal. Low probability, bad for stop entries."">BBBR"
5,"ET Y 60 70, COL, MDT 2, BX, F BO 70, PH, AIBLE, but MRV"
6,"H1, but doji, BX, MDT, ET top, PS BLTR so might get deep PB to around LOY, PS SA, BB2"
7,"OD, SBD, but PS BB around 50P"
10,"ii in middle of ET. HLMTR and 50P 8 L, but just below MA. Still on 5 S for PH, BR want BR CH below MA, but doji, middle of TRO. BTW"
13,"BO and FT so AIS, but PP TR. Testing LOY. W 3 8 at LOY, AIBRE4, but 3 BRB, BB2"
17,"W 3 8 13, but doji, TC, BB2"
19,"OU, W 2EB, HL MTR, OU, PL, AIBRE, might test 10 H, but TC so PP MRV"
20,"L1, AIS, but after 2eb, BTWS2"
23,"L2, AIS, AIBLE below 22 or 23, ok swing S for new LOD and PS test 3200 BRN, but NS since TTR at bottom of PP TRD"
26,"FF 26 Tri and W 17 20, HL 1, PL, but TC, MRV likely"
29,"DTBF 14, COL, AIBLE, 40% chance of MM down below 25 NL so NS. More likely, SBU and 2LSU"
31,"HL but MRV in TR, LOM, PS SA and BB. still on DTBF S, but AIBRE4. Spending a lot of time around OOD so PP MGN at EOD for PS DD"
32,"OD but doji in middle of TR 13, LOM, BTW"
35,"H2 31, HL MTR, AIBLE, but TTR 13, PP MRV"
36,SBU
39,LH DT 28 but PP BB and 2LU after 36 SBU and BLB 39
41,"ioi, H1, AIL, but top of TR, ledge so PP PB to below ledge top after BO above. BTW for BO UD"
47,"ioi, most closes above MA, AIL, but TTR, BTW"
54,"F BO, but still SPBL, 10 H and 60ma MGA .weak rally so BR SG above prior H and BL Bg below Prior bar"
58,"H1, 10 H and 60ma MGN, but small bars and mostly SW"
64,"W 46 56, but SPBL, 7 BBLMC, room to 10 H, SS2"
66,"H1, MGA, but doji, W top, BB2. Final hour of decade so increased chance of BTC or STC, esp after 12:30. 60ma MGA and OOD MGB"
67,"SBU, should get above 10 H since 3 bar ledge. Might test 60ma and 4 C"
68,"H1, TGTA, but BRB"
