BAR NUMBER,DESCRIPTION
1,"BGU. Y is island bottom. BRD, far above EMA, just below 60ma, BB2, PP SA. But, Y might be BRTP so increased chance of big BLT today. Btw"
2,"SBU, AIL, BO 60ma, but tail, MGB 1H"
3,"H1, AIL, but BR IB at 60ma, Monday’s L"
4,"SBU, LLW MGA"
6,"PW 1 2, CC BX, PH, AIBLE, but 6 BBLMC, MGA, SS2"
8,"PW 2 5, ioi, BRB, MDT, L2 6, AIBLE, PH"
10,"H1, MDB 7, AIL, but still on 8 PW top, PP 2LSD"
13,"WBLF 7 10, but TTR, 3t tail, PW top, LOM, BB2"
15,"ib so PB from 14 BO of WBLF, AIL, LLW MGA, but TTR, BRB, LPR B"
16,SBU
17,"DT LH 11, still on 8 S, but open above C of 17 so more traders BTC 16, PP BB"
18,"H1 but doji, top of TTR, PS SA"
20,"SBD, LH DT LTR, MA MGB, still on 8 S, but TR, better to wait for breakout or 2nd signal. Low probability, bad for stop entries."">BBBR, middle of TTR, SS2"
22,"L1 but BLB, just above MA, LOM, SS2"
24,"DB 13, MDB, AIL, but room to MA MGB, middle of TR. DT and DB so BOM"
25,"SBU, AIL, above MA, PP will get 18BO so PP BTC, even tho top of TR"
27,"F 18BO, HH MTR, AIBLE or 4t below, but doji, 5 BWBLB, SS2"
28,"f 18BO, COL, PH, but middle of TR"
30,"3 CC BRBC, PP AIS, SA, but 20GB B, bottom of TR. 3 BRBC, BB2"
31,"20GB B, COH, 27 L MGA, but 3 BRBC, BB2"
32,"L1, but 20GBB, bottom of TR, SS2, PP BB 21 and 13"
36,"f BO TR, MW 31 33, but 10 BBRMC, BB2"
37,"L1, 4 BX L and 60ma MGB, but doji, bottom of TR, PP SW for a few bars"
39,"f BO TR, 2EB, but TTR 36, MRV, PP SA around 31 H and 50% PB"
42,"H1 but middle of TR, top of PW, SA and above 31"
46,H1 but 4 BRB
54,"BO Tri 46 50, PS TRESU, but TTR"
55,"FT, BTC, LLW MGA, but to of TR 6, not big BO"
59,"H1, SPBL 46, but small range, just below LLW"
63,"H1 but small bars, dojis, TGT just above"
67,"f BO LLW, W 57 62, Tri 53 and 43 H BOP MGB, but TTR 61, SPBL, MRV"
68,"SBD, TGTB"
