BAR NUMBER,DESCRIPTION
1,"BBRB, F BO HOY, PS OD DAY, but tail, middle of Y TR, at MA, btw"
2,"CC BRB, AIS, but tails, at MA, middle of Y TR, LOM"
3,"ORV up from MA but 3 BRB, LOM, SA"
4,"L2, 4 BRB, AIS, but TTR"
6,"BO, SBD, PS OD"
9,"ET 35 79 Y, F BO, SX, test LOY, AIBRE 4t above, but BRD, LOY MGB"
10,"SBU, almost OD, PL"
11,"CC BLB COH, AIL, BB, but might test 9 H. might get back to LLW and maybe HOD. BR want LH around MA and then BR CH and OD"
14,"L2 at MA, COL, 9 H MGB, but 4 BBLBC, AIL, SS2, PS SPBL"
16,"H1, F L2, SPBL, COH, AIL, 6 SX H MGA, but at 2 MA, top of TTR, PP more SW"
17,"F BO 13, L3, at MA, but tail, PP LOM"
18,"H1, SPBL, but at 2 MA, BRB, PP SA"
19,"W 13 17 at MA, OD, but tail, 8 BTTR, PS LOM"
20,"H1, but top of TTR, failed to become OO, btw"
22,"G 17 H, but need FT"
23,"W 13 19, OD, closed BGU 18, but still SPBL and TTR, LPS"
24,"H1, but W, PS SA for 2LSD, BTW. PP will have to test 12 L or 9 H"
25,"OD, should test 12 L bottom of TR and maybe 9 H, but PP LOM with BB 20, 15, 12"
27,"DB HL MTR 15 but 3 BRB, just below MA, BB2"
29,"L2 but doji, middle of TR, LOM"
32,"H1, still AIL 11, but top of Tri 1 23, LOM"
33,"L27 29, but tail, middle of TTR 13, LOM, btw"
36,"L1 but BLB, bottom of TR, LOM, BB"
40,"Triple bottom 15 16, HL MTR, AIL, but BRB, TTR"
47,"W LH 38 42, but just above MA, BO 45, PS BB"
52,"F BO 23, 2LT 46 W, COL, but cc BLB, PB BB"
54,"2es, COL, but strong 50 51, HPW"
56,"H1, AIL, but TR PA"
61,H1 but weak rally and PW 57 60
63,"PW 59 60, W 45 or 31 and 51, AIBLE 4t below"
65,"PW, ioi, but BLB, HPWS"
67,"BRTP, COH, but TR, better to wait for breakout or 2nd signal. Low probability, bad for stop entries."">BBBR 66"
