BAR NUMBER,DESCRIPTION
1,"BGU. OOW MGA. Not BBLBC, far above MA, PP TRO. OOD is LOD so PP will trade below 1 at some point. BL want week to have BLB so want COW above OOW. Today is Fri and BL want BLB on weekly chart, and PS OU week"
2,"BRB but big tail below, OOW MGA, AIL, PP BTC"
3,"COH, MGA, BTC, but PS BL PTRs at OOW"
4,"F BO OOD, but CC BLB, 4 BBLMC, BB, but still PP TRO since no CC BBLBC yet"
6,"H1, SPBL, PS MG 2 H, but at OOW, PS PW 1 4. I checked CME website and TS data is wrong. there is a 1t tick below 1, but TS shows LOD = OOD. Still MGB"
8,"H1 but PS W 4 7. BRB, PP SA and above 7."
9,"W 4 7, but BLB. AIBLE 4t below BLB"
12,"H1, PS still in SPBL, ii, but far above MA, 4 BRB so far so not strong BLT, still on W S, PP TR and SA. PP BB around MA and LOD"
13,"DT but BLB, PP TTR"
14,"DB, AIL, SPBL, HLW and ATH MGA for OU week, but BRB, far above MA, TTR"
16,"CC BBLBC, BO, AIL"
18,"f 18BO, ok to exit below 18 BRB or wait to S below BRB. AIL, SBPL, HLW MGA"
22,"ii after oo, BOM, AIL"
25,"H1, AIL, but PS PW 21 24"
27,"NW 9 19, PW 21 24, but only 1t BRB. AIBLE or 4t below. PH, but HRP to S below BRBCL"
28,"CC BRB, BRBCL, PH, AIBLE"
33,"H1, ii, near MA, SPBL, 5t, but 6 BRB, NW top, BB2, might get LH and 2LSD"
39,"BO above ii BLF, SPBL, should get new HOD but since TTR, PP SA 26."
42,"oo top but just above A, PP BB"
43,"ioi, but near MA. MABL99.9. PP SA 42 HOD"
45,"ioi, near MA, AIL, but PB to MA likely within an hour so PP not much higher"
46,"W, MA MGB, but SPBL so PP MRV"
49,"H1 but 3 BRB just above MA, PP SA 46 and PS SA 49"
51,"LH, but just above MA, MRV"
56,"ii, L1, but weak BR CH, PP BRTR, and PP BB 33 and 22. OOW MGB"
58,"bigger BRB late in weak BRT, PP BTC. SS2"
59,"PW 50 54, COH, but TC, just above 21 L and OOW MGB, BB2"
63,"L2 at MA, AIS 58, OOW MGB, but 3 BLBC, MAG, PP BRTR"
67,"ii so BOM. AIS 54, BR want COD below OOW, but CC BLB and weak BR CH so LPS"
69,"ooo. SPBR, but PP BRTR"
