BAR NUMBER,DESCRIPTION
1,"BLD, but room to MA"
2,"CC BLB, BBLBC, AIL, HLW and ATH MGA, but at MA and COY in BRCH"
5,"LH but 5 BBLMC, doji, BB, H1 but doji, LH, tails 3 4, PS SA, BB2"
6,ioi
8,"ioii, BOM, AIL, HLW TGTA, but TTR so LR P, PS FF"
10,"FF, BX, PH,test of HOY, LH, COL, but TTR 4, AIL, PS SPBL, NS"
17,"H2 12, F BO TTR, AIL, but doji, TTR"
18,"F H2, L1 in PS BRT 10, but TTR, Doji"
20,"BO, C below 15 TTR, but need 1 more bar for AIS so PS BTC, W 6 15, and F BO"
21,"FT, CC C below TR, AIS, but small bars, PP BRTR, PP BB 15 and at 1 H"
26,"L1, 9 BBRMC, 24 is only 16t below 10, should go at least 17t below, but PP BRTR"
28,"L1, AIS 21, room to BX L at LOD, 11 BBRMC, but BLB, PP BB"
30,"F BO, 26 ledge top MGA, but doji, TC, LOD MGB, BB2"
31,"L1, but BLB, PP BRTR, BB"
33,"H2, 26 H Ledge MGA, AIBRE, PP BRTR, but might fall below 1 BX L, TCH, HPW or WSS"
34,"L1, SPBR, LOD MGB, but doji"
38,"H2 33, but TBRC, below MA, LOD MGB, BB2 or WSS"
39,"L2, LOD MGB"
41,"F BO LOD, but 3 BRB, TC, BB2"
43,CC BLB but just below MA so BR will STC
44,"DTBF 39, 40% of MMD"
49,"DB but 6 BRB, BB2"
53,"DTBF 44, ii, but 3 doijs, PS BB for DBPB"
56,BBRL
57,"SX, PS EG, but BRB, PP SA for at least small 2LSD to 60ma"
60,"L1 but 3 BLB, SX, PP BB, OOD MGA, SS2. PP TGT is OOD and 55 SX H"
62,"L2 near MA, but 5 CC BLB, FT after 61 GU, AIL, MGA, SS2"
63,"H1 but BRB just below MA, PS SA"
67,"ii, L3 so W at MA but doji, TC, AIL, OOD MGA, PP BB around 63 L or 61 L, SS2"
69,"HL, F W, OOD and 55 SX H, MGA"
