BAR NUMBER,DESCRIPTION
2,"I leave at 9 am today H2 55, poss LOD but doji, TC"
3,"big bull bar, COH, AIL"
7,"DT LH 74, but strong 2 – 6 so BB"
10,4 bear bars bult C above open so poss HL MTR. Ok B but HPW
11,12 tail but sill AIL for test 74 major LR
15,"HL MTR, DT LH 73, 2LT but prob TRD. Ok S but SW more likely"
18,"DB HL MTR, but also LHs. AIL but middle of TR, doji after 2 bear bars"
23,"suprisingly big bear bar after W top, more down"
24,STC
27,"F BO LOD, poss TTRD, MDB 25 26, buy prob SA around am, 2 and 18 L"
30,"BD BU, prob TTR"
