BAR NUMBER,DESCRIPTION
2,"I leave at 9 am today. Bar bar, BO below 60ma, prob AIS"
6,"MDB, DB 3 but T1B bear, SA but poss BB"
7,"big bear bar, LBLs trapped, more down"
9,"BP S but bull bar, SX, MMT, bottom of ch, BB"
11,"f BO LOY, test of ch L, MDB, but 13 bar BRMC since 79 so MRV, STC bears 8 will scale in"
13,"MDT L2 BRF, but tail, TTR, far below MA. AIS so ok S but prob more SW"
16,"WBR, AI BR sell again"
20,"F BO below W FF, poss LOD, bears get out, but more likely MRV and TR, then TRSV"
22,"BP S but doji, prob BB 22 and below LOD, then TR"
23,"MDB 22, but prob TR"
27,"20GBS for test 10 L and 23 L, but weak S SB, AIL. prob TR, then TRSV"
30,"HL, AIL, but prob MRV, SA and test 10 L or 23 L. If B, stop below 19"
