BAR NUMBER,DESCRIPTION
1,"big bear bar in TR, LOM, BB"
2,"ORV LOY but doji, big bar in TR, SA"
4,"LH but 2 bull bars, TR, BB, LOM"
5,"HL but doji, TTR, LOM, LP B"
7,"L2 but bull bar, BB"
10,"W at 60ma, but doji, TC, prob AIL, BB, LOM"
12,"f L3 but bear bar, HOD, 60ma, SA"
14,"MDT 11 at RS, AIL bulls exit below, ok S. TC so SW likely"
17,"bad FT, might test above 15 H before 2LD. Bulls want DB HL 5, f bear BO, but prob TR"
24,"L2 20, 60ma, LH 13, good S SB, ok swing S, but SW more likely. BOM"
28,"f L2, but bears hold, stop above 24"
30,"big bear bar, AIS, but still in TR, BOM"
31,"f BO, DB 17, good bull bar, SA, BOM"
33,"f BO, LH but bull body, TTR"
43,"H2 36, HL, but TTR, ok to wait"
48,"DB HL 43, Tri, BOM, ok B but only 1 C above MA in 19 bars so AIS, LPB, btw"
60,"F BO, W 60 56, 60ma, but 9 BBLMC, TTR, btw"
70,"DT LH 25, 60ma, but AIL, TC, btw"
