BAR NUMBER,DESCRIPTION
1,"BO HOY but small bull bar, tail, LP B"
2,"F BO HOY, good S SB, poss HOD, but TC so SW likely"
3,cc bear bars but tail still above MA. Poss HOD but bears need more
5,"H2 1 but 4 bear bars, SA"
8,"big bear bar, AIS, but SX at 60ma so poss BTC. Might get deep PB up to around 6 H, but SA and TR more likely than LOD"
9,"BP S but SX 8, bull body, at 60ma, poss BB. Poss MG down to Y 30 L"
11,"MDB 8 at 60ma, but tail, TC, MRV. Might get deep PB to 6 H"
13,"DTBF, but at 60ma and in Y TTR so LP S"
15,"W 9 12, AIS, but bull body, TTR"
20,"F BO Y TR, SX, bull bar, AI BR exit"
25,"DTBF 12 at ma, ii, but 4 BL bars, AIL, BB"
28,"DTBF 12, Tri 12 23, MDT 28, COL, top of TR, 60ma, but AIL, BB. TR so prob deep PB to around 10 L"
33,"HL MTR, AIL, but TTR, tail, top of TR, 60ma, prob SA"
36,HL MTR but TC 27 and room to bottom of TR. Prob SA and more SD. Stop for bulls below 19
49,"HL MTR but TC, 5 bear bars, prob SW"
50,"DTBF 47 at MA, but doji, strong 49, prob BB and SW. bears want BO LOY for OD day"
56,"big bear BO, OD, STC for at least a little more down. SX, around MM from 12 27 DT, so prob bounce soon59 Big OU at MMT, AIL"
61,"BP S but BD BU, BB. Prob TR soon"
64,"L2 at MA, good bear bar, ok S but AIL so prob BB for 2LU to above 19 L"
69,"HL MTR, should test above 19 L"
72,"L2 but AIL, scalp or wait, might test 56 SX H and 60ma"
