BAR NUMBER,DESCRIPTION
1,"G up, COU, BTC"
2,"FT, AIL, but might get deep PB since top of 3 week TTR"
3,"F BO HOY, strong bear bar, but AIL. Might get deep PB to MA, but BB and below LOD. LP S for HOD"
4,"H1, AIL, but doji after big bear bar, LP B, poss TTR"
9,"f BO HOY 2es, ok S for HOD but TTR"
10,"H2, good bull bar. Bears might exit, but stop still above 9 or 6. Ok B for LOD but far above MA"
12,"f BO, H2 4, poss LOD, ok swing B, but still on swing S. bears have slightly Hr P"
17,"DB H 12, AIL, but small bars, TTR, prob mostly scalping"
20,"LH 11 in BRCH, but AIL, doji, BB. TTR 4, BOM"
23,"LH MTR but TTR, 20GB BB at ma"
25,"DB, and a measured move up"">DBBF, 20GB B, but middle of TTR. BOM. BTW"
32,"big bear BO on inauguration, but big tail. Treat like FOMC report and wait for 1 more bar"
33,FT but poss MDB at 60ma and 50% PB from LOY
35,"BP S, BT UTR, but big reversals, 60 ma, LP S"
40,"DT 35, but many big bounces so prob BRTL, poss BB"
42,W 32 37 but big bars and reversals. Ok B for test OOD and 34 top of W. bears want BO below W and MMD to below LOY to form 2nd cc OD day
45,"DT 39 at MA, but AIL, BB for test OOD in TRD. Ok S, but LP"
49,"LH, DT 39, but AIS. Since weak rally, prob TR so deep PB, maybe to 43 L"
52,surprise so 2LD
60,HL MTR but 59 is surprise so SW likely
66,"Tri 59 62 64 so BOM, bulls want test OOD, bears want new LOD. AIL, odds favor bulls"
69,"L2 48, test 1 L of UTR, but 7 bar BLMC so LP S"
