BAR NUMBER,DESCRIPTION
1,"bull bar but middle of TTR, small bar. AIL, but prob SA around top of TR. 79 was SBO2 so poss BO and MMU"
3,f BO top of broad bull ch. Poss 2LD from Y L1 down to 42 L. BOM
6,"HL 1 but doji after big bear bar, SA"
8,"OD, AIS for test bottom of 4 hour TR"
11,"F BO, good bull bar, but MRV, TGTB"
12,"COL, TGTB"
14,"PW 5 10, CSX, test daily MA, L1=2, poss LOD, but MRV. Bulls want test MA and top of 12 SX. Prob TR soon"
16,"L1, AIS, but CSX at SP, LP S"
18,"f BO LOY 23b, CSX, ok B for LOD, but doji, MRV"
21,"L2 but bull bar, TTR, near LLW. Last week was ii on weekly so S SB"
24,"FF, test LLW, but big bar, top half of TTR, MRV"
25,"DT 20, AIS, bear bar, but middle of TR. Bears want BO LLW to trigger S on weekly chart"
29,"F BO LLW, W 13 23, MM, 4 day ET, but bear bar. Poss LOD but MRV"
31,"BP S but prob BB LOD and poss BB 31. Prob BRTR since 20, but might get 1 more new L and then H4 B"
33,"HL after W bottom, f BO LLW 2eb, 4 day ET, but 2t tail. Poss LOD, bears get out, ok swing B"
36,"L2, 20GB S, but 3 bull bars, W bottom, BB"
37,"AIL, but prob BLTR so stop below 34. Better to B Lr"
39,"DT 25 but AIL, SPBL, BB"
47,"W 39 44, but TC, above MA, bull bar, AIL, LPS. Might get back to OOD for DD"
50,"Big BO and FT but middle of TRD, test L of 1 and OOD and 60ma so poss 2LT"
51,"2LT, prob PB, maybe to 49 BX L, and then TR"
54,"BP S ubt AIS, doji, SA for test 49 BX L, then TR"
59,"H2, HL MTR, f BO 49 L, prob test 55 H"
62,"DT 55, but 4 bars up, doji, BB"
64,"L2 62 but bear doji, TC, still might test 50 C so stop above 51. TR"
67,"W 61 64 LH, BVC test LOY, AIS, but TC, bull bar"
70,"DB HL 63, might test OOD for DD"
72,"F BO, 60ma, 50C, W 55 67, but strong 70 71 and magnet of OOD above, poss BB, LPS"
