BAR NUMBER,DESCRIPTION
1,"bull doji at top of weak bull ch, AIL, but weak, prob SA, maybe bear HOY"
2,"f BO top of ch but tail, LOM"
3,"BP B but 3 dojis, small bars, LOM, SA"
6,"F BO top of ch, 2es but TTR, LOM"
8,"H2 at ma but 3 BR bars, LOM"
12,"f BO HOD, test HOY, strong bear bar, but LOM, AIL, LPS, poss BB"
17,"DB 11 15, good bull bar, AIL, ok B, bears will exit. Prob will F around HOY. BOM, range should double"
21,"f BO HOY, W 2 12, but 5 bull bars, room to 17t above 17, BB, SS2"
22,"BP B, SPBL, should go 17t above 17 and then get some PTg, and then go SW for 1- 2 hours"
28,"W 11 21, 17t above17, but 1t bear body, TC, room to MMTA, SPBL, LP S. prob SW for 1 – 2 hours soon"
30,"BP B but prob limited up, and then SD to MA. LPB. Might get above HLW and create OU week"
35,"BP B, HLW magnet above, but bear bar, BX 33, so TR likely soon"
41,"MW 34 36, 14 BBLMC so BX, but SPBL, room to HLW, LPS. AIL, but better to wait to B at MA"
45,"BX, f BO HLW, 15 BBLMC so BX, but SPBL so SW to MA more likely than down. Better to wait to B near MA. Too early to S unless WSS"
46,"ii, poss FF. 19 bar bull MC so BB"
53,"25 bar bull MC, ii, BX, prob PB to MA so wait to B. SPBL so only S if WSS. Better to wait to S"
55,BP B but SA and TR
57,"H2 but TTR, bear bar, BX, SA"
59,Tri 51 56 but SPBL so better to only S with lim orders
62,AI bulls B above 61 but poss FF so prob scalp
68,"BP B but poss FF 63, SA"
