BAR NUMBER,DESCRIPTION
1,"GU, bear bar but tail. BB SA"
5,"COH, 5 BBLMC, AIL, ok B"
9,"PW but tail, 9 BBLMC. Poss HOD but LP S"
13,"DB 7, BT 5, 5t F, AIL, but 5 bear bars, BB2"
14,"bull bar, COH, AIL, AI bulls B again"
19,"cc PW 15 17, but 8 BBLMC, doji, MRV"
21,"COL, CC PW, ok S for poss HOD"
25,"big bear BO, CC PW tops, AIS. 20GB B but BB2"
30,"DB HL 14, but AIS, SA. TR, so might test 25 H"
32,"L2, AIS, but stop above 20 or 2-3t above 25"
38,"LH MTR but OD, TC, LPS"
40,"DB 34, ok B but still AIS unless strong BO above 38"
46,"L2 38 but 8 BBLMC, BB"
50,"DB 44, AIL, BP B, but top of weak rally"
51,"HH MTR but TC, bull bar, BB"
59,"cc W tops 38, f BO 20, but TC. Ok to exit longs below, but TC so LP S and prob SW"
61,"BP B but bear doji, btw"
62,"MDT 60, bear body, ok S for test 49 L, less likely 30 L"
67,"MDB 64, but SA for 2LD to 49 L or Lr"
71,"H2 64, AIL, ok B for poss BTCE, but TTR so SW more likely"
