BAR NUMBER,DESCRIPTION
1,bull bar but BRCH so bears will SA hoy
2,"f BO HOY, poss HOD, ok swing S, but prob SW"
4,"ORV MA, poss LOD, but 2 strong bear bars so prob SA and BOM"
7,"DT, but 4 bull bars, BB"
10,"F BO HOY 2es, ok S for HOD but weak S SB so prob TR"
13,"DB 8, but big tail, 3 bear bars, AIS"
15,"DT 9, still AIS but big bar and TR so stop above 14. Still BOM"
18,"W 8 12, HL 1, but 3 bear bars, AIS, prob SA"
21,"L2 but 4 bull bars, LPS, but still should test Y 70 MHL"
23,"DB 1, W 12 18, but bear bar, BOM, BTW"
28,"DTBF, ok S. BOM, 28 H and 25 L DB 4, but 50% chance BO UD will reverse"
31,"f BO LOD and W, but 4 bear bars"
34,"LH after LL, bear ch, but at 15ma. AIS. Ok S but LP"
39,"another F BO, W bottom, but bear bar, still AIL, LPB. BL making money Bg new Ls with lim orders, not buying with stops above reversals"
41,"LH at MA, but doji, and bulls made money at every new L. prob BB since bulls will get confident and prob not wait for new L to B"
44,"L2 at MA, ok S for test 71 L, but prob TRD"
47,"f BO Y 71 major HL. MM HOD OOD, prob test OOD"
54,"DT LH at OOD, but AIL 51, BB"
55,"f BO 44, L2, but LOM, LP S. prob will C around OOD and form small DD. Should test 21 28 DT since TRD"
56,"DB, and a measured move up"">DBBF 54, AIL, TGTA, but stop below 47"
64,"DT LH MTR 28, ii, 2LT 60, ok swing S for new LOD, but TRD so LP, prob will not get far from OOD"
69,"HL MTR from bear trend down to 47 but 3 bear bars, BB2"
71,"HL MTR, 2eb, but LOM, small range"
