BAR NUMBER,DESCRIPTION
1,"OD bear bar, prob will test LOY"
2,"FT, AIS, but still in Y TTR"
5,"ORV LOY, MDB 3, but 5 BBRMC, prob SA"
6,"F BO LOY, H2 LOY, but 6 BBRMC, BB2"
7,"BP S but bull bar, weak selloff, BB for scalp"
10,"f BO LOU, MDB, poss LOD, but 10 BBRMC so MRV. Might fall to 60ma after bounce"
11,"L2, AIS, 60ma magnet below, but 6 BTTR"
13,"F BO LOY 2eb, Tri, H2 10, but TTR, AIS, 60ma magnet just below, MRV, BTW"
20,"LL MTR, ii, poss LOD, but bear doji, room to 60ma, TC, LP B"
24,"DT LH 14, AIS, room to 60ma, ok S, but 7 BBLMC, doji, BB and more SW"
32,"f BO, but poss AIL after cc good bull bars, but need more"
34,"f BO TR, bear iii, poss still AIS, but 3 pt TTR, btw"
40,"HL MTR but doji, 4 bear bars, 3 pt TTR, btw"
74,"60ma 20GB B, f bear BO, but still TTR, btw"
