BAR NUMBER,DESCRIPTION
1,"GU but doji, room to 60ma, SA."
2,"OD but tail, C above 1 L, TRO"
3,"H2 but small compared to 3 bear bar, LOM"
5,"H3 so W, poss LOD, but doji, LOM"
6,"good EB, AIL, poss LOD, but bulls need more bars"
7,more up
9,"f BO HOY 2es, BX, but LP S. might get deep PB but BB, stop below 5"
11,"H1, AIL, but 2 dojis, bear bar, TTR, prob DBL around 8 C, poss deep PB"
14,"bulls giving up, more down"
15,"FT, AIS, but prob BB around MA and LOD.TR more likely than bear trend"
20,"F BO LOD, MMD H to OOD, 60ma, BB, prob bounce and MRV. TRD likely so OOD magnet all day. Still AIS but bears will exit above bull bar and look to S Hr"
23,L2 but bull bar
25,"Tri, but bull bar, prob FF. AIS, but prob scalp. Room to MMD and COY"
28,"W 5 19, but poss 2nd leg down from 19 and then 1 more leg down to MMT and COY. Prob bear leg in TR, MRV, but need wide stops. Still AIS, but prob BB LOD and then TR. Might get HL, then TR"
33,"L2 but doji, TTR, prob TR began 19, but no clear bottom yet"
36,"Tri, AIS, but prob FF and poss BB and more TTR"
40,"DBR, HL MTR but middle of TTR, not much BGP, LOM"
43,"BP S below MA, AIS but TTR, BOM"
45,"Tri 27 40, ok scalp, but TTR"
48,"MAG, DT 31, top of TR, ok scalp"
53,"BP S at bottom of TTR, bull bar, BB. 50% chance of test of 20 H. TRSV"
58,"Tri S, but TTR. TRSV"
62,"HL in Tri, TRSV"
66,"BP S, poss MMU, ok B, but 50% chance f BO"
67,"BO, 7 BRBLMC, poss MG. not big BO so LBR might S, but AIL, BB, LPS"
70,"F BO, but 10 BBLMC, BB"
71,"big bear bar, but tail, at MA, still AIL. Bears need FT Sg"
72,"BP S but AIL, BB"
