BAR NUMBER,DESCRIPTION
1,"gap down so 3 day island top. Big bear bar, AIS"
2,"FT, STC"
5,"f BO LOY, SX test of top of 6 week TR, bull bar after STC, but still AIS. bears can exit above and wait to S Hr. MRV, but poss LOD"
8,"AIS, bears SB"
11,"DB 5, bears can get out but MRV"
14,"AIS, bears SB but prob bottom soon, maybe W"
18,"W, CSX, prob SU for 2 hours, TR"
21,"CC good bull bars, 2LU, TR"
23,"DTBF 12, ok S but prob BB"
26,"big bull bar, more up. HL MRV"
29,"BP B but bear bar, top of BLTR, SA"
32,"MAG in bear, f BO DT 12 23, but AIL, TTR, LPS. Prob will lead to final bear leg before attempt at MTR"
33,"BP B but bear body, TTR, SA"
36,"W 12 23, f BO 33, 2es, prob near top of TR, ok S for test 26 L, but TTR so LP"
42,"DB 26 HL MTR, AIL, but might have to test below 26 so prob MRV"
45,"LH but 4 bull bars, TR"
50,"DB 26 HL MTR, H2 41, but bear bar, TTR, LP B"
53,"HL MTR, H2 41, AIL, but bear body so more TR likely"
59,"DT, but AIL, BTC"
62,"F BO test 7 H top of W BRCH, but 10 bar bull MC, BTC bulls exit below, but SS2. Room to TGTA"
65,"H1 but BX, SA, BB2"
69,"BP S, TL TGTB, but 2 dojis and TR, LPS"
70,"H2 but 4 bear bars, TL TGTB, LOM, LPB"
75,"OU, poss more up"
