BAR NUMBER,DESCRIPTION
1,"bull doji in Y TR, SA BB, prob TR open"
2,"ORV at MA, but 2 bull bars, LOM"
6,"DL HL 53, poss LOD, but big bear 5 so LPB, btw"
9,"ORV LOY, weak selloff, bull ii, PW 3 5, poss lod, ok B but prob MRV"
11,"DT 7 at MA but AIL, BB around 50% PB"
13,BP B but at MA. Btw
14,"W 7 11 at ma, good bear bar, exit longs, ok S for bear ch"
17,"DB HL, 2nd test LOY and poss LOD, but W 14, 3 bear bars, tail, SA around MA. Like 2 11 14"
22,"LH at MA in bear CH, MW 16 20, ok swing S, but bottom of 2 day TR"
26,"f BO LOY, f BO DB so W bottom, H2 17, poss LOD, but 2 strong bear bars, prob SA for TTRD. LBL making money all day, even below strong 14 S so prob TRD and swing up at some point"
32,"prob AIL, 7 bar bull MC, prob BO above MA soon, then test 22 LH"
36,"DTBF 22, weak rally, but 11 BBLMC, 4 C above MA, LP S, BB around MA since MA was RS for 32 bars. TRD"
38,"H1, 11 BBLMC, ok B, but DT 22, weak rally in TRD, so stop below 26 since TR can have deep PB"
40,"L2 36, F BO 22 H, TRD so might get deep PB to 32 L, but SPBL so LP S"
46,"HL MTR, AIL but 6 bear bars so MRV"
49,"LH but doji above MA, AIL, LPS, but TRD so poss deep PB to test 45 L"
56,"H2, HL MTR, still AIL, but 8 bar BRMC, BB2"
60,"LH but AIL, 5 bull bars, room to OOD, BB"
65,"f BP, L2 but TC, BB"
68,"BO B, TC, AIL, might test HOD and 60ma. Poss SA but better to not S"
