BAR NUMBER,DESCRIPTION
1,"big bull bar, AIL but middle of monthlong TR so TRD likely"
2,"F BO HOY, poss HOD, but BB since strong 1 after Y HL MTR. TTR likely"
4,"h1, AIL but TTR"
5,"f BO HOY 2es but bull bar, LPS"
8,"MW L3 LH, ok swing S for HOD, but still AIL, prob more TTR"
13,"F BO, still AIL"
14,"COH, AIL bulls BA, should test 8 LH, but poss more TR, then TRSV later"
21,BP B but just below 8 H top of TR. 9 BBLMC so BB. Should get 17 – 18t above 14 H for 4 pt bulls
29,"BP B, but prob PTg 17t above 14H. SPB, but small bars so prob BLTR and not strong trend"
33,"19t above 14H so prob PTg, f BO but SPBL."
38,"20GB B, h2, but TTR 26 and prob will dip below 20 H to C G since not strong rally"
45,Tri 28 37 but TTRNS
53,"DT LH MTR, ok swing S, but only 40% prob"
56,"BP B but doji. Bears will exit above 53, and bulls will buy"
60,"BP B, AIL, but big bear bat 59, W 2 32"
66,"DB, and a measured move up"">DBBF at MA, AIL, but weak bull"
69,"DT LH but AIL, BB"
75,"NW, but doji, TC. Bulls will exit below"
