BAR NUMBER,DESCRIPTION
1,"F bo below 4 h TR, good bull bar, but middle of TTR. Poss LOD, ok B, but just below MA so confusion, and TR likely"
4,"ORV at MA but 3 bull bars, AIL, BB"
6,"ORV, L2 S, good bear bar, poss HOD, ok S but prob BB and TRO. Bulls exit"
10,"W LH MTR, but middle of TTR, LOM, AIL. Ok S for HOD but HPW"
12,"W LH MTR 2es but bull bar, LOM"
19,"DTBF, room to 18t below 10, ok S"
20,"big bear bar, AIS, missed LOY, MMT, and 60ma by 2t so prob will get at least 1t Lr"
21,"FT, L1, but SX at SP so LPS"
24,"MDT 22, room to tgtb, ok S. prob TTRD and LTR soon"
29,"W 1 20, bears exit, but MRV"
31,"DT 24, but 4 bull bars, prob BB and below LOD, then LTR, but AIS"
33,"HL, TR likely"
35,"BP B, but bear bar, top of LTR, SA. Still AIS but BD BU, prob TR. Some see as AIL"
40,WBLF 35 37 but top of prob LTR
42,"W 31 34, DT LH 24, but strong enough BO 41 so MRV, AIL. Might get TTR 39 L. should get at least 1t above 1 L at some point today since TTRD"
45,"BP B but bear body, W 34 41, prob TR soon, SA. Still should get above 1 L today, then PTg, but might get PB 1st"
52,"bull ii, AIL, but prob BLTR, SA 47 and at OOD since TRD"
60,"f BO above W, 1t f BO OOD, W 34 47, prob ok S for scalp, but doji"
62,BP B but SA
64,"H2 at MA, but prob 1st of 2LD after big W top"
67,"big OU after WBF, prob will be DD and C around OOD"
72,BTC but top of TRD so Lr P. LBR made money Sg every new H for past 4 hours
