BAR NUMBER,DESCRIPTION
1,"f BO HOY, big bear bar, AIS, but LOM, BB at 60ma"
2,"ORV 60ma but cc bear bars, AIS, LOM, SA"
3,"BP S but bull bar, LOM, BB"
4,"ORV at 60ma, but bear bar"
6,"strong bull bar, G 3 H NL of MDB. More up"
7,"cc good bull bars, AIL, but still poss BLTR"
8,"DT 1, BB, but need stop below 2 since poss TRD and deep PB"
11,"H1 but 3 dojis, TRD, should test below 3 H for LBR. Poss deep PB to LOD"
15,"H2, HL, AIL, ok B, stop below 2"
18,"f BO HOD, 2LT, but prob BB. DBL"
20,"BP B, stop below 14. F BO 2es but doji, BB"
23,BTC
25,"f BO top of TR, but TC, SS2, BB"
28,"PW 18 22 25, 1t below ATH, ok to take profits, LP S"
29,BP B but PW and just below ATH. Bulls should get out soon. SBR above. Prob TTR SD for next hour
32,"DB 29, but poss TTR. AIL"
34,BTC
39,"PW, W 1 20, MDT, 2 day W, but TC, MRV"
41,"H1 but TTR, bear bar, LOM. Should C G above 30 at some point"
46,"H2 but TTR, stop below 32"
49,"f BO, 20GB B, but tail, TTR, more SW"
52,"DT LH MTR, but 3 good bull bars, AIL, BB"
55,"BP B but top of TTR, tail. Stop below 54 ot 48. Prob limited up after CBX and now poss FF. Dow just below 20,000"
58,DT MTR but doji
60,"FT but tail, still AIL"
63,"HL, H2 61, but stop below 48 NL of DT"
67,"HL but TTR in TR, BOM for BO above dow 20000 or selloff to bottom of W ch"
74,"nested H2, F BO, ok B for poss BTC, but SW more likely. Still might get dow 20000"
