BAR NUMBER,DESCRIPTION
1,"bear bar, but tail. Room to 60ma"
2,bull doji so BRTR
4,"ORV 60ma, MDB 2, poss LOD, but 2t tail, t1b bear, MRV, prob TRO, SA"
6,"DT 2, AIS, but at 60ma. Ok S for HOD, but prob MM and LOM"
9,"HL, poss LOD, but MRV. BP S but bull bar at 60ma, LOM"
16,"8 bars without bear body, AIL, but at ma, still in BOM"
18,"F BO HOD, DT 1, but 10 bars without bear body, BB. Since weak rally, might get BTC deep PB to 10L, then TR"
19,DBL but BTC for test 18 C
23,"W 11 18 but TC, room to COY, MRV, LPS. Might be TR and get below 16 bottom of BO"
30,"BP S but AIL, BB. Prob SA for 2LD to 14 L"
33,"LH, TGTB"
35,"HL MTR, H2, W 19 27 HL, AIL, ok B for L1=2 up, but prob 1st has to fall below 16 BX since TRD"
42,"F BO, LOM, should test 16 L since TRD"
50,"DB 16, H2 34, but TRD so should fall below SP 16 L. 9 BBRMC, SA"
57,"BO, strong enough for 2LD to 10 L"
59,"BP S, but BB around 10 L"
64,"CC bottoms so type of H4 B. H2 or W 35, W 50 57, DB 10, ok B but TC so MRV. TRD so might get back to OOD"
69,"DTBF but BB after CC bottoms, TRD, so poss test OOD. LP S"
73,"F BO, but BB. Prob ELOM"
