BAR NUMBER,DESCRIPTION
1,"BBRB, BO below 3 day TR and 60ma, PPS F BO above August TR, PH"
2,"CC BRB, STC"
4,"L1 but BLB, PP 1 – 2 more BRB before another bottom attempt"
6,"SX, MDB, PL, AIBRE, but tail, 6 BBRMC, so PS SA and a little more SD"
9,"W 3 6, PL, AIBRE, but doji, BPWBL"
11,"COH, room to MA, becoming AIL, but tail, still below MA, many reversals, PP BLTR"
12,"L1 near MA, but 3 BLB, PP TR so PP BB"
14,"OO at MA, but PS BB for 2LU from 9 W"
16,"HL but doji, just below MA, still on oo S"
17,OD but TR
18,"HL MTR but CC BRB, just below MA, PS SA, BB2"
22,"oo at MA in BR CH, still AIS since 14"
24,"HL MTR, H2 18, Bottom of TR 4, but 3 BRB, BRCH, PP SA"
28,"SBU, BO above 13 H NL of DB 9 24, AIL, PL"
30,"2LT, LH at LOY and 60ma, BRB so AIBLE, but TR, better to wait for breakout or 2nd signal. Low probability, bad for stop entries."">BBBR, BUDC, PP BB around MA and 22 H BOP"
32,"H1, AIL, HOD MGA, but PS more SW after deep PB"
34,BTC
35,"BO 60ma, but BBLB so PP PTG soon"
36,"BR IB, F 18BO, W 13 or 22 then 29, AIBLE, but strong BO, PP at least 1 more leg up, SS2"
37,"H1 but cc BRB, DBL 35 might exit at 35 C, PS SA, BB2"
39,"H2, COH, AIL, room to NL July 18 L which has been MGN for 3 days, but PS W 29 35, should soon get PB below 35 H since 39 L touched 29 H and trends weaken"
41,"W, 35 H MGB, AIBLE 4t below, but BLB, room to NL"
43,"CC BBRB, more down, might get 2LSD after W, but PP BB around MA, LOY, 39 L. might test 31 L at start of W"
45,"H1 at MA, DB 39, might test 41 L, but 3 BRB, BB2, PP SA, 3 cc BRB after W so PS AIS"
46,SBD
48,"ii, H2 45, f BO DB 39 44, 50P, but room to 31 L, SBD 46, PP TR and LOM, PP need WSS"
50,"DTBF 46, 5t, but BLB, PP TR around LOY and MA and 60ma, should test 41 L at some point"
53,"W 47 49. 31 L bottom of W MGB, but BLB"
55,"CC BBRB, 31 L MGB, AIS, but PS BB 46, not strong STC since TRD and PP BRTR"
58,"W 39 46, but only 1t BLB after 3 BBRB, 31 L MGB, BB2"
60,"OO, BOM, 31 L MGB"
65,"HL DB 31, COH, AIBRE, W 39 46 58, PL, but TC, PP MRV, room to 31 L, HPW2B"
68,"DTBF at MA 60, but 3 cc BLB and DB 31, BB, PP AIL"
70,"ii, BOM, apex of TRI 60 67 at MA, MGB, BTW"
