BAR NUMBER,DESCRIPTION
1,"BBRB but tail, TCH, PP BB"
2,"H1, test of 41 and July 18 NL, but TR, better to wait for breakout or 2nd signal. Low probability, bad for stop entries."">BBBR, TTR 79, BTWB2"
3,"doji so FT and AIL, BTC"
5,"W 78 1, PH, but 5 BBLMC, PP BB, SS2"
6,"H1 but BRD, CC BRB, PP LOM"
8,"H2, ALI, SPBL, GX H TGTA, but 3 dojis, LRP"
10,"W 1 4, PH, but small SSB, need WSS, but SS2"
12,"ioi, BLB, SPBL, TGTA is H of 5 day TR and then 3000 BRN, but only 1 strong BLB in 9 bars so might have to get closer to MA before BL will B. Also, PS W 4 11"
17,"ioi BLF in SPBL, but TTR 10 and not near MA so LPR"
19,"F 18BO, PH, AIBRE, might go SD to MA, but TTR, SPBL, MRV"
21,"H1, SPBL, but doji, still on 19 S, MA MGB, BB2"
22,"CC BLB, HRP B"
26,"F BO TTR so FF, EG 25, PH, AIBLE, but tail, SPBL, SS2"
28,"H1, MDB, SPBL"
32,"BX, PW 14 26, PW 19 26, BRB, PH, 99.9% chance of PB to MA at some point today, AIBRE but SPBL so might go SW instead of down, better to wait to B PB to MA than to S with stop"
37,"H1, BLB, SPBL, but might go SD to MA at any time. BRS at MA"
43,"W 26 32, but SPBL, better to B at MA than to S with stop"
44,"H1, but PS W 32 42 and then PB to MA, PP SA 42"
49,"H1, ioi, but W, PP will fall to MA so PS SA. BTW to B at MA"
51,20GB B. 99% chance that at leas 3 bars will have L below MA. MRV but might reach 36 TTR
52,"H2 but 2 BBRB, should get at least 3 bars with L below MA, BTW/ might test 36 TTR L or top of TTR 2990.25. only 20% chance of trend reversal down"
62,"W 51 53 55 60, F BO 36, 20GBB, but 1t BLB, TC, BB2. Might test 4 day TTR H"
65,"BT top of 4 day TTR, BLTR, still AIL, H2 62, PL, but BRB, TC, PB MRV"
69,"ii so BOM, DTBF 56, might test 65 H, but 2 BBLB, AIL, PP BB, SS2. H1, 3000 MGA, but middle of TR 32"
