BAR NUMBER,DESCRIPTION
1,"BGU, PL, COH. YBX"
2,"BX, F BO HOY, PH, but tail, SS2, PP TRO"
3,"BBRB, CC BRB, AIS, room to HOY and MA, but still TRO likely after Y TCH. BUDC"
5,"50% PB to MA and COY, PL, TR likely, but tail, 5 BBRMC, MRV"
8,"LH but 3 BLB, LBL 1 should make money so PP BB for test 1 L"
9,"SBUM. Tail, testing August H, PS SW. TR, better to wait for breakout or 2nd signal. Low probability, bad for stop entries."">BBBR, btw"
10,"H1 but tail and tail 9, PS SA and SW"
13,"HH DT 1, PB, but 4 BLB, PS SW before down, NS"
14,"H2 10, but doji, still on 13 S, BB2, PP SA"
17,SBDM
18,"L1, AIS but doji, bottom of TRD"
19,"HL DB 5, MDB but doji, AIS, PP SA"
21,"CC BLB, PP HR"
22,"BO, AIL, BTC, might test 17 SX H, but PP TRD"
25,"LH, but 5 BLB, 17 SX H MGA, SS2, BB"
26,"H1, MGA, but doji, PS TTR, PP SA 24 and 17"
31,"FF 26, but room to 17 SX H, 4 BB, SS2, PP MRV, might test MA and 26 L"
36,"BO, AIL, should get above 17 SX H and maybe HOD and ATH"
38,"HH 30 but SPBL and MGA, and doji SSB so BB"
39,"BO, more up"
41,H1 in SPBL
44,"f BO HOD, PW 37 40, TRD, bulls will take profits. AIBLE, PP 2LSD to below 17 H BOP since LBR should make money in TRD"
48,"MDB, BT 17 B, but did not fall below 17 H so MGB. 4 BRB, PP MRV and LH"
50,"LH, COL, but room to 43 C for SCL, so BR WSS"
53,"LH DT, should fall below 17 H and maybe to OOD since TRD, but 3 BLB"
55,SBD but tail. Should fall below 17 H
56,"perfect BT 17 H but fell below 48 MDB BOT so should fall below 17 H, SA"
60,"H2 48, H2 56, AIL, MA, but TTR so MRV"
63,"triple top 43 53, OOD MGB, but doji, 3 BLB, NS"
70,"HL DB 59 but 8 BRB, BB2"
