BAR NUMBER,DESCRIPTION
1,"BRB but middle of Y TR, PP TRO"
2,"BLB, PL, H1 PB from BO above BR CH, but tail, middle of Y TR, BB2"
5,"LH MTR but 5 BBRMC, LPS"
7,"cc BRB, AIS, ib so L1, but middle of Y TR, so BR will exit quickly if DBR"
9,"LL DB 2, H2 2, HL DB 78 PL, but doji and 3 BRB, BB2. PP TRO"
11,"cc BLB, PP AIL, but BOM"
12,"LH DT MTR, 9 H MGB for SBR, but TRO, AIL, PP BB around 9 H. TRO"
13,"BRB, DT, PH, but 12 is the SSB and it is doji, LPS, BOM"
15,"H1, AIL, but BRB"
18,"L2 12, COL, but AIL, 2 BLB, SS2, PS BB"
19,"OB. AIL, H1 for F L2 18, ok B for 18BO and PS TTRD"
20,"18BO, SBU"
21,"f 18BO, AIBLE, PH, but PP 2LSU after 20"
23,"BRB so DBL 21 sold around 20 C, PH"
25,"L1, AIS 24, but middle of TR, PS DB 14, SS2"
27,"DB HL 14, COH, AIBRE, but 4 BBRB, BB2"
29,"L1 at MA, AIS, but TR, better to wait for breakout or 2nd signal. Low probability, bad for stop entries."">BBBR, middle of TRD, CC BLB, DB 14, LRP"
31,"DB 27, DB 14, AIBRE, PL, but TR, better to wait for breakout or 2nd signal. Low probability, bad for stop entries."">BBBR, top of TTR, middle of TRD, LRP, NS"
34,"L2 29, F BO 29, CC BRB, AIBLE"
35,SBD
37,"F BO DB 14 31, but 4 BRB, PP SA, might get new LOD"
38,"L1 but 2BLB, PP BB"
40,"DB but 2 BRB, SA, might get one more leg down to W 26 36"
42,"L2 but TTR and just above LOD, BTW"
44,"Tri 36 40 but just below MA, BTW"
46,"f BO, MA, AIS 24, but 3 BLB, LP"
47,"COL, still BDGD 27 open"
52,"F BO LOD, W 27 36, ET 1 9, COL, but TR, better to wait for breakout or 2nd signal. Low probability, bad for stop entries."">BBBR, ok to wait for 2 – 3 BLB or for 50P"
55,"W 2eb but LR price and less risk so better RR, so PP LRP. HPW2B"
57,"DTBF 53 at MA, MMTB and 60ma MGB, but 4 BLB, W bottom, LRP"
60,"H2 55, HL PB after W 52, PL, but still in BRCH and AIS, HPW for BO above MA"
62,"L1 at MA, AIS, 5t, but still on 60 B and 52 B, 1t BRB, SS2"
65,"Tri 52 58, BOM, BL need BO above MA, BR keep Sg MA"
66,"DT 63 at MA, f BO Tri, PP will fall to 60ma since BR keep SG MA"
67,SBD
69,"L1, 60ma MGB, but BLD and just above 60ma"
