BAR NUMBER,DESCRIPTION
1,"GD but BLB. F BO but tail, LOM, BB2"
2,"L1 but doji after BLB, BB, LOM"
4,"ioi, F BO LOY 2eb, 60ma and LOY MGA, but BRB, BB2"
5,SBU but just below MA and 60 MA and LOY
6,"L2 at RS, but cc bLB, AIL, BB. Still TRO"
7,"H1 but BRB, just below 2 MA, SA for W"
8,"W 1 5, PH"
9,"H1 but cc BRB, still on 8 S"
12,SBD
14,"HL DB but BRB, AIS 9, SA"
16,"L1 but bottom of TR, NS"
19,"BL IB, BLB 18, DB 1, W 10 13, PL"
20,SBU
21,"DT 8, but BB for 2LSU"
23,"H1, AIL, but 3 BRB at MA, 60ma, LOY, HOD, BB2"
25,SBD
28,"CC BRB, AIS, STC, but bottom of TR"
32,"f 18BO, PL, BL ii, PW 25 28, W 4 18, AIBRE, but 8 BBRMC, MRV"
33,"DTBF 29, AIS, but BLB, 3 BLB, SS2, PS SB and TTR"
38,"H1, SPBL, but just below MA and on 37 S, AIS, PP SA"
40,HL MTR but only 3 bars so PP MRV. AIBRE
43,"H1, SMPL, but PP BLTR"
49,"W 37 41 46 but TTR, TC, SS2"
50,"H1, AIL 41 but 5 dojis, BTW"
55,"W 41 49, FF 52, but TC, PP MRV"
58,"OU, H1 at MA, AIL, HOD and 60ma MGA, but weak rally, might get 2LSD after W, BB2"
64,"H2 but TTR, LOM, BTW"
69,"BO after Fd BR BO 68, SBU, BR T and 60ma and 22 LH MGA, but TRD so need FT since every BO UD FD today"
