BAR NUMBER,DESCRIPTION
1,"doji in middle of Y TR, LOM. BTW."
2,"ET 62 68RB, PS AIS, PP SA, but middle of TTR, still BOM"
19,oo so BO
22,"oo so BOM, still AIL, still on 20 BO above 19 00"
24,"f 18BO, PH, 60ma, W 6 13, but still AIL. AIBLE or below 23 oo"
25,"H1, AIL, but doji just below 60ma and after BBRB, and no FT BG after 21 and 23 BO so still BOM"
27,"f 18BO 2es but BBLB 23 26, still AIL"
31,"DB 25, BL IB COH, but top of TR just below 60ma"
32,"OD, BO below DB, SBD"
33,"L1, AIS 32, but TTR, PP BB around 19 BX L"
37,"L1, BR ioi, but bottom of TR, LRP, PS BB and below 36"
40,"DB 18, ii, but TC, LOM, BB2. ii is also L1 S, AIS, but bottom of TR"
43,"MDB, DB 38, W 36 38, in BZ, but TC, doji"
47,"SBU, BB for 2LU"
49,"H1, might test 60ma and HOD"
58,"F BO HOD, W 3 23, PW 41 47, ii, but TR, better to wait for breakout or 2nd signal. Low probability, bad for stop entries."">BBBR and PP only small profit down to 48 L. SS2"
60,"DB 51, 5t, W 54 56, AIL 46, but bad RR and LP, 60ma just above, more of LOM, BB2"
65,"LH MTR, RHST, 50P at 50ma, but 6 BBLMC, middle of TRD, MRV"
70,"HL DB 61 but 6 BBRMC, BB2"
