BAR NUMBER,DESCRIPTION
1,"FOMC announcement at 11 am PST today. Day traders should exit positions before the report and wait until at least 10 minutes after the report before trading again to allow for a trend to begin."">FOMCD. BBRB, BO below 60ma, COL, AIS, but in Y TR, PP TRO. PS BB and LOM, SS2"
3,"L1, AIS, LOY MGB, but BDUC, Y TR, PS BB"
5,"DB 2, PL, test LOY, but 9 BBRMC, doji, PP SA around MA, HPWBL"
6,"COH, ok swing B"
8,"BO, AIL, but weak rally, test of MA, TRO"
11,"H1 but weak rally, at 60ma RS, LH DT 1, so only B if WSS"
12,"LH DT 1 at 60ma, top of Y TR, but 8 BBLMC, 8 BWBRB, SS2"
14,"DT 1, L2, but dojis, TC, LPS"
17,"CC BBRB BO, SBD, AIL, but middle of TRD, not good STC. HL, but 5 BRB, SA"
18,"L1, but BLB, middle of TR, BB"
20,"H2 but doji, middle of TR, TC, BB2"
23,"L1 at MA, AIS, room to 5L, but PS TTR 18, PS LOM"
28,"iii, W 17 23, 5t, HL MTR, but TC, TRD and room to 5 L MGB and to LOD and LOY so need WSS"
31,"DT 22 at MA, TGB, but PS 2LU to 18 top of W, SS2"
34,"HL for 2LU after W bottom, but doji, TTR, just below MA, LRP"
38,"DTBF, 2LU from W, should test below 5, but TTR"
43,"SBD, room to LOY"
44,"L1 after 18BO, but tail 43, PS BB around LOY"
47,"ii, STC, but PS FF"
49,"L1, but BLB, PP BB. PS EG, AIBRE. Since might get small 2LSD, BL need WSS, but not much time before report"
50,"SBU, but only scalp since report on 55"
55,"huge BRD, BTW"
56,"ioi, CC BBRB, AIS, but middle of TR"
57,SBD
60,L1 but tails so PS BB
63,"L1 but BLB, SX 57, bottom of TTR, PS BB"
64,"W 59 61, 8 bars with tails below in SX, H2 62, AIBRE, ok B above 63, but PP MRV"
66,"L1 but SBU 65, might test LOY since BLB on daily"
67,"H1, AIL, LOY MGA, but doji just below MA"
68,"BO, more up"
