BAR NUMBER,DESCRIPTION
1,"GU, but small. BLB but tail, PW from Y. PS CC top from 72 PW. AIL, but BC, BB2"
2,"PW 65 80, AIBLE 4 – 8t below or below BRB, but CC BLB, AIL, BB for scalp"
5,"H1, AIL, HLW and ATH MGA, but doji, 2 BRB, BX, far above MA, TRO likely"
8,"DT 2, PH, but doji, 4 BWBRB, PS SPBL, LRP. TRO likely"
9,"OU, H1"
10,SBU
11,"HH DT 2, but 6 BWBRB, BB, SPBL. Might get 1 more push up to W 2 10"
12,"H1, SPBL, but PS W 2 10, W 8 10, PP SA since LBRM above 2"
15,"W 2 10, W 8 10, AIBLE below 14 BRB, PH, but TC, MRV, might get 1 more push up since 10 might have restarted the count"
17,"W 2es, ok S for test of MA and 12 L, but BLB, TC, MRV"
20,"H1, COH, ATH only 10 points above, but room to MA MGB, and PP 2LSD after 18 SBD, BB2"
24,"H1 but BRB, top of TR 11, PP SA and PS above 14, even tho 18B"
26,"NW 2 14 and 20 22, f 18BO, F BO HLW, AIBLE 4t below, PB, but BLB"
27,"SBD, 2LSD likely after NW"
29,"20GBB, 26 L and HLW MGA, but 3 BRB, SBD 27, BB2, 2LSD likely after NW"
33,"LH after W, 2LSD likely, BT 26 L, but 3 BLB, still in TR 11, PP MRV"
34,"BBRB COL, PP more down"
35,"becoming AIS, PP need 1 more bar"
36,"BBRB, AIS, but PS SVT of LOD and HOY"
37,"DB, test HOY, AIBRE, PL, might test MA and 29 L at bottom of UTR, but MRV"
40,"BT 19, MA, but 4 BLB, BB"
43,"H1, COH, but bottom of UTR, should test 36 C, PS SA"
44,"oo, SBD"
45,"test 36 C but CC BRB, 2LSD likely, SA"
48,"ii, Tri 1 37, COL, AIS, might C GU"
50,"L1 but tails, testing LOD and HOY, W 19 37 49"
51,"W but BRB, 5 BRB, MRV. AIBRE even tho BRB since big REVU"
52,"2 bar rev, AIBRE, W, PL, but 51 is B SB and has BRB so PP MRV"
54,"H1 but just below MA, doji, BRCH 60 ioi after oo 59, but PP HL"
63,"L1 but BLB, PP BB, W 51, so PP HL and 2LSU, BTW. OOD might be MGN for rest of day"
64,"HLL MTR but 5 BRB, 6 BBRMC, BRCH, BB2"
65,"DTBF 63, AIS, 60ma MGB, but BLB, bottom of LTR, PP BB"
68,"HL MTR, MDB 67, DB 64 but 3 BRB, AIS, BB2"
