BAR NUMBER,DESCRIPTION
1,"BO above Y BR CH so TR likely. BBLB, might test 44 H at start of Y BR CH, AIL, PH, ATH MGA, might get weekly close at new ATH, but TR, better to wait for breakout or 2nd signal. Low probability, bad for stop entries."">BBBR, and LP since TR likely. PS more SA, BB2. MGB is OOW and BR want C below for BRB on weekly chart."
2,"cc BLB COU, AIL, but PS near top of TR 44 H, BTW"
3,"BX, DT 59, PH, AIBLE, but PS BB around 50% PB, BDUC. PP TRO"
4,"cc BRB, but HL, still AIL. BUDC. LOM"
7,"oo so BOM, but TTR in middle of range so LRP"
9,"DT 3, but still on 7 B, bottom of TTR, SS2. TRO."
10,"H2, AIL, but top of TTR so LP, TR, better to wait for breakout or 2nd signal. Low probability, bad for stop entries."">BBBR, still on DT S 9, BOM, BPWB2"
13,"Tri 3 9. OD, DT 9, PH, 60ma and LOY MGB. AIBLE below 10."
15,"C below 10 NL DT 9 13, 3 cc BRB, AIS, but small BO, need FT"
16,"L1, LOD MGB as are 60ma and LOY, but BLB, small bars, PP BRTR, PS BB, SS2"
20,"MDB but BRCH at MA, SPBR, PP SA, BB2"
21,"L2 at MA in BRCH, TGTV"
25,"iii BRF, TGTB, but ii so PS FF, BRTR"
27,"F BO below BRCH, EG, SVT COY and 60ma, PL, AIBRE, PS ID and REVU from just above LOY, but SPBR, room to LOY, BB2"
28,"EG, iii FF 25, test COY and 60ma, PL, AIBRE, HPWB2"
30,"3 CC BLB, PS AIL, but MRV"
31,"DT 26 at MA, but SBU,"
32,H1 but top of BLTR
34,"DTBF 21, AIBLE, 40% chance BO 27 and MMD"
39,"HL MTR, MDB, but 6 BRB, MRV"
41,BL EB and FT bar so unlikely going for MMD. Might get DB HL MTR and then test OOD
44,"LH at MA, AIS, might trigger S on daily chart by going below LOY, but more likely BB around 38 L for PS DB HL MTR and then test OOD"
45,SBDM
46,"2LT 27, AIBRE, but TR, better to wait for breakout or 2nd signal. Low probability, bad for stop entries."">BBBR, BTW. Might stay around OOW for rest of day"
48,"L1 but doji, SX, BTW"
51,"L2, ii, AIS, but dojis so TTR, big SX and reversal 46, OOW MGN, BTW to S near MA"
53,"HL MTR, H2 46, PS 2LT, but doji"
54,SBU
55,"L2 at MA, but 2 BLB, SS2. TR around OOW, PS for rest of day"
57,"HL, BL CH, PS 2LT 45, but 2 BRB just below MA"
59,SBU
64,"ii, W 48 55, OOW MGB, but 8 BBLMC, PP MRV"
67,"H1 but 6 BBRMC, OOW MGB"
69,"H2 but TR, better to wait for breakout or 2nd signal. Low probability, bad for stop entries."">BBBR, MGB, TTR, BTW"
70,"DT 68, MGB, but TTR, BTW"
