BAR NUMBER,DESCRIPTION
1,"f BO LOY, PW 78 80, but BRB, TC, MRV, BB2. Y 45 might be spike in SCD. Y BDUC"
2,"BLBL, PL, room to MA, but tail, TC 62, BB2"
3,"CC BBLB COH, AIL, but just below MA, TBRCH"
5,"DT 79 at MA and 76 L BOP, PH, AIBLE 4t below, but 4 BLB, BB, MRV. Might ttest 1 H since weak BSB"
6,"SBD, 2BR, but after 4 BLB, PP MRV, might test 1 H"
9,"HL MTR, PL, should test 5 C at some point since BTC BL never could avoid loss and some will scale in LR, but 4 BBRB, BB2"
10,"COH, 2BR, but 4 BBRB, MRV"
14,"LH at MA, COL, PP AIS 8, 5t 12, but middle of TR, MGA 5 C for BTC BL. TRO."
16,"HL but doji just below MA, MGB GX L and LLW, BB2"
18,"Tri 1 10, PL, COH, but just below MA"
19,"SBU, C above MA, PS AIL, but need FT"
20,"F BO, DTBF, PH, AIBLE, but apex of Tri, PS BB for H1, still BOM. TRO"
21,"H1, AIL 19, but 2 BRB, apex of TRI, BOM. PS MMU from above 13 19 DT"
22,"COJ BO, but nee FT"
23,"FT, BTC, PS MMU"
28,"H1, room to MMTA, but doji, 3 bars with tails, PP PTG and TR soon. F 18BO, but 6 BLB, MRV, PP BB"
31,"H1, SPBL, despite TTR"
34,"H1, but cc BRB, PP BLTR, but LBR not making money yet so still S for any reason"
36,"W 27 33, but LBRNM, PP BB"
38,"H1, SPBL, 78 SX H and 60ma and 62 LH MGA, but PS TR 28"
40,"DT with W, but SPBL, PP BB around MA"
44,"H2 at MA, AIL, but 3 dojis, might get small 2LSD. TR 28 so SA 39"
49,"F BO W, ET 33 39, W 4 40, COL, but still SPBL, SS2"
50,"H1, SPBL, 60ma and Y 62 LH MGA, but PS TR since 28 so PS SA 49"
54,"NW 43 49, 5 36, ii, LBRM, but small bars and TCH, MRV"
57,"H1 at MA, SPBL, but still on NW top S, BB2"
64,"F BO 63, HST 40 52, but still AIL, more likely BB. TTR, BB2, SS2"
67,"OU, AIL, 60ma and 3000 MGA but top of TTR"
68,"SBU, test 3000 and 60ma, but tail, not strong BTC"
69,"L1 but at TGTs, tail 68, PS SW"
