BAR NUMBER,DESCRIPTION
1,"ledge top on daily so BO above 2944 likely this week. Y was TTRD. BLD, at MA, near top of LTR and 60ma, PS TRO, btw"
2,"CC BLB, BBLB COH, AIL, but top of LTR and just below MA, BB2"
3,"DT 30 at 60ma but 4 BBLMC, LOM, AIL, BB"
6,"DT 28 at 60ma, L2 30, W 39 43, PH, but tail, TC"
7,"SBD, AIS, but bottom of Y TR"
8,"HL DB LOY, PL, bu t4 BRB, BB2"
9,"L1 but just above LOY, tails, SS2"
10,"OU, MDB test LOY, PL"
11,"L1 but doji, BBLB 10, PS SB"
12,"OU, SBU"
14,"oo, BOM, PL"
16,"BLB FT, PP AIL, but doji, tail 15, BL need WSS"
18,"MDT, LH, PH, AIBLE 4-6t below, but 5 BLB, SS2"
19,"BBRB COL, AIBLE, PH, but AIL, TRD, SS2"
21,"SBD but TRD, SS2"
22,"DBHL 14, PP still AIL, but SBD 21, TRD, Tri 27 6 15 and 10 22 HL, mostly scalping so far"
26,H1 but 5 CC BLB in Tri so late in BL leg. Tri so scalp not swing
29,"F BO 15, BX, L3, AIBLE"
33,"HL but 5 BBRMC, LOM, BB2"
38,"WBLF 30 32, but BR SB 37"
40,"DTBF but BLB, apex of Tri in TRD"
42,f BO WBLF 37 but doji
43,"L1 but doji, apex of tri"
44,"H2 42 but doji, SPBR 28, apex of Tri, DB 14 22 and BX 12 MGB"
48,"L1, SPBR, room to 22 L MGB, but BLB"
54,"F BO 14 22 DB, OOD MGA, but 10 BBRMC, tail, BPW2B"
56,"WBRF 52 55, but BLB, OOD MGA, BB"
60,"HL, BL ioi, OOD MGA, but TTR fo LRP"
61,"DTBF 57 but OOD MGA, still on 54 and 60 B, SS2"
62,"HL, F DTBF, OOD MGA, but top of TTR"
63,"W 57 62, but BLB, MGA, BB"
64,"HL in SPBL 53, OOD MGA, but doji, top of TTR 50, most traders are only scalping and many with lim orders"
68,"ioi just above MA, OOD MGA, AIL since 12, but TTR 50"
