BAR NUMBER,DESCRIPTION
1,"BGU. Doji, LOM"
2,"H1 but BRB, SA, PP TRO"
4,"L2 top, f BO HOY 2es, PH, but TTR, HPW2S"
6,"H1, but TTR, still on 4 S, btw"
8,BO but small
10,"f BO, AIBRE, PL, but CC BBRB COL, BB2"
11,"L1 but BBLB 10, lots of TR PA, BB"
12,"MDB 10, PL, should C GD below 6, but far above MA, PS TTR, NS"
14,"L2, BT 4, LH, but PP TTR 10, just above MA, PP BRTR"
16,"DB 12 HL, PL, but room to MA MGB, TR PA, still BOM"
18,"H1, SPBL, but middle of TRD, HPW2B"
19,"L2 13 but only 1t BRB, HPW2S. still BOM, but still AIL since all bars above MA"
22,"OO BLF, should test 8 SX H"
25,"BO and FT, BTC"
28,"MDT 26, HH MTR, but 9 BBLMC, SS2, MRV, BB"
30,"H1 but 3 dojis, TTR, PS SA"
33,"HH MTR, DT 28, OO top, MA MGB, but TTR, btw before Sg with stops"
36,"H1, ii but 3 BRB, MA MGN, only B if WSS"
38,"COH, AIL, but PP SA HOD"
42,"H1 but doji, W 4 27, BB2, TTR so PS SA"
46,"H1, 20GB B, but MRV, PP SA HOD"
49,"W 4 27 40, DT, COL, should have at least 3 bars today with L below MA, but PP BB around MA, 46 L and 34 L. TRD so OOD MGN. Might test 22 BX L"
52,"4 cc BRB, PP AIS, but PP MRV. Might test 22 BX L"
54,"L1, ii, but BLB at OOD and bottom of TTR 26, PP BB"
55,"OU at MA and OOD, but 5 BRB, BB2"
56,"L1 but weak BRT at SP, PP BB 55"
58,"LL DB 54, COH, 2nd B after test OOD, GX H MGA, but TTR 26"
60,"BO, 3 cc BLB, AIL, GX MGA, but still in TTR"
62,"LH MTR, BRB, AIBLE, but 4 cc BLB, AIL, MGA, PP BB"
64,"f BO W 49, but 8 BBLMC, MGA, BB"
66,"H1, GX H MGA, but BRB"
69,H1 but GX MGA will attract PTG
70,"F BO GX H, W 4 27 or 49, OD, AILBE, but TC so MRV"
