BAR NUMBER,DESCRIPTION
1,"BGU. BLD, BB2, PS LOM"
2,"BLB, AIL, but not big, C not above 1, not strong BTC, BTW since PP TRO"
3,"3 cc BLB, AIL, but weak BTC. GX H MGA and NL of Aug DT MGA"
4,"SBU, but tail"
6,"BRD but 6 BBRMC, BB. BBLB 4 5 with tails, far above MA so PP will get exhausted bulls and TR soon. Testing 7/18/19 NL of DT on daily chart"
7,"SBU, but PS PW 2 5 so BX, PP will enter TR soon"
10,"BBLL, MMU from LOD to 7/18/19 NL of DT on daily chart. Do not BTC, even tho 10 BBLMC."
11,"DBL, PW 5 7 10, AIBLE, PP TR. Since BTC 10 BL could not get out BE, BL will B PB so TR more likely than BRT"
13,"H1, but CC BBRB, PW, BUDC, SA, BB2"
15,"L1, 2LSD likely, room to NL on daily chart which might be MGN all day"
23,"W 12 18 at NL of DT, but doji, TC, MGB are MA and 7 L bottom of BX, MRV. SBL from 10 C will B"
26,"DT LH 19, MA and 7 BX L MGB, but 4 BLB, 2LSU likely after W, MRV"
32,"HL DB at NL, but doji and 5 BRB, SA"
34,"LH DT 26 in BR CH, but TR and PP LBL below 32 and 7 BX L"
38,"f BO, MDB, PL"
41,"ioi, 2eb, MGA is MP from 10 BTC, but doji, TTR 36, BR CH 11"
43,"SBD but tail, PP BR leg in CH"
46,"W 23 35, ii, PP will get BLTR, but weak bottom, may stay SW until 11:30"
54,"L2, ledge 45 thru 52, but TTR, MGA at MP of 10 C and 45 H"
55,"HL MTR, H2 51, MGA, PS AIL even without clear BL BO since BR CH is BLF, but TTR might continue until 11:30. Less likely, BR BO below BR CH"
58,"LH in BRCH, but doji, BO above BR TL, PS BB"
61,"ii in middle of TTR 36 so BOM. L1 but bottom of TTR. F BR BO, TGTA, but middle of TTR"
63,"COH, should reach MP of 10 D and 1t above 45 H"
66,"H1, MGA"
68,"H1 but BRB after big tail on 67 at TGT, PS SA, BTW"
