BAR NUMBER,DESCRIPTION
1,"BBRB COL, PH, but middle of Y TR and at July 18 NL of DT on daily"
2,"CC BRB, AIS, but bottom of Y TR, not strong STC, BTW"
3,"3 BRB but bottom of TR, not STC. DB HL 81, test COY and bottom of Y TR, PL, but 3 BRB, BB2, PP SA"
4,SBU
5,"DT LH 1, 3 H MGB for SBR, but doji, SBU 4"
9,"BL ioi, AIL, should test Y 10 H for BTC SBL, PL, but TR, better to wait for breakout or 2nd signal. Low probability, bad for stop entries."">BBBR, top of TR so LRP"
10,"LH DT 1, PH, but still on 9 B, above MA, should test Y 10 C, SS2"
12,"COH, BTC"
15,"COH, BTC, but weak rally so might get PB and TR before test Y 10 C"
17,"COL, PH since near 18, SCT 4 10 13, but Y 10 C MGA, PS MRV"
19,"H1 but 3 BRB, SA, BB2"
23,"H2 above MA, AIL, but TRI 13 18 so 50% chance SA"
27,"f BO below Tri, ii, no C below MA since 3, Y 10C MGA, but dojis in TTR and PS SA and SPBR, BB2"
28,"DTBF 24 in BRCH, but just above MA, TTR"
30,"H4, W 18 25, AIL, but doji, SPBR, BTW"
36,"LH in BR CH but 6 bar BLMC, TTR, LOM"
38,"L1 in BRCH, July 18 L MGB, but BLB, TTR"
40,"SBD, MGB, AIS, but TRD so PP REVU soon"
41,"DB 8 at NL, 2LT 30 W, AIBRE, but TR, better to wait for breakout or 2nd signal. Low probability, bad for stop entries."">BBBR"
44,"F BO 36, HH DT 36, but SBU 41 – 43, SS2"
45,"H1, odds favor test of Y 10 C"
47,"BO, BTC, should get 18BO 16 H"
49,"F BO, W 38 43, W 1 16, PH, might go below 43 H BOP for LBR, but room to Y 10 C, not BRB, SS2"
52,"H1, but room to MA, might get 2LSD into 11:30"
54,"F 18BO 2es, room to 43 H, but doji, MGA"
57,"H2 at MA, but doji, and might get more PB into 11:30 so need stop at least 1t below 45, btw"
60,"WBLF 52 57, but might get W 55 BO, 60 and 1 more leg down"
62,"DT BRF, might test 45 BX LL or NL, but weak BR, PP BRTR"
66,"W 57 60, but doji, SPBR, MGB, might test OOD since TRD, BB2. SPBR, MGB 45 L and OOD and NL, but weak BR, btw"
70,"W 2eb, ii, 61 top of W MGA but TRD and small bars so not strong B"
71,BO but TRD so limited up
73,"LH, TRD so OOD MGB, also NL MGB, but 3 BLB, btw"
