BAR NUMBER,DESCRIPTION
1,"1 GU, F BO HOY, Y was small so PS OD down"
2,"H1 but CC BRB, AIS, SA"
3,"f BO HOY 2es, AIS, but BLB just above MA so LRP"
7,"H2 at MA and COY, but 3 BRB, GX L MGB, LOY MGB, BB2"
10,"DTBF 3 but 4 BLB, AIL, BB. Still BOM. LOM"
12,"LH, DT, ioi but 3 dojis, SPBL, BTW"
14,"ioi just above MA, AIL 10, but middle of TRO, 4 dojis, LOM, BTW"
15,"OU, but top of TTR 11 and TR 3, BOM, BTW"
16,"ledge top 3 11 13, should get BO and PB"
18,"H1, COH, BTC, but weak rally, lots of OL, PP BLTR"
19,"W 3 11, BRB, AIBLE, but tail, still SPBL, SS2"
25,"ledge bottom 14 15 16 23, should get BO and PB. GX L is still MGB"
27,"BRD after BR BO 26, AIS, but weak BO, still might be LOM"
28,"f BO, but 2 dojis, still on 27 S, MGB, BB2"
31,"OD, AIS, should get 18BO, PS test July 18 NL, OD, and 60ma"
32,"COL, CC BRB, MGB, STC"
34,"BBRL, not strong STC, but MGB"
39,"SX, F BO LOY, test 60ma, AIBRE, PL, but BB2 since 8 BBRMC"
40,"L1, AIS, but SX at SP, PP 2LSU here or soon, SS2"
45,"LH at MA, OD, MDT, PP will test 39 L and 41 BX L, and then PP TR"
47,"BO, should tests 39L"
50,"HL MTR, DB 39, MDB 49, H MTR, but 5 CC BRB, LRP, PS TR and TTRD"
53,BO and FT but at MA and top of TR 45
54,"H1 but BRD at MA and top of TR, BB2, PP SA"
56,"CC OO, SBD, but middle of TR"
60,"H2, DB HL MTR 50 at LOY, PL, but5 BBRB"
64,"LH at MA and apex of Tri, but doji, PP BB"
66,"L1 but at LOY and bottom of TR, BLB, PP BBR"
68,"H1 after BBLB, OU, PL, but BRB, apex of TRI"
70,"BO and FT, might test 31 SX H. BR want F BO"
