BAR NUMBER,DESCRIPTION
1,"bear bar, COL, PH, but LPS since bull flag on daily and HLM tgtA"
2,"cc bear bars, AIS, SA, but still above MA, doji, prob TRO, LOM"
4,"H2 but tail, not down to MA, PL, but LP B"
6,"DTBF 3, AIS, PH, but prob LOM, BB around MA"
9,"H3 but strong BO 7, bears might get 4 pt swing from 1 L, SA"
11,BP S but prob LOM and limited down
12,"W ORV 2 4 at both MA, MDB, PL, but big tail, TC, LOM, prob SA and SW"
14,"FT after strong BLB, AIL, BGTC, BB, but BDUC"
17,"BP B, AIL, but bear bar, BX, SA, prob SW soon for test MA and 16 BX L. 70% chance 12 will remain LOD, but might get endless PB and TRD"
21,"DB 17, AIL, bull bar, but TTRNS, prob SA and PB soon"
23,"H2 but bear bar, poss endless PB to 16 BX L"
26,"W at MA, good BLB, AIL, but magnet 16 L, poss SA, so bulls need stop below 12"
31,"Bull ii, AIL, but TTR, just below DT, btw"
32,"W but TTR, just above MA, BB"
43,"f BO, HL, still AIL, but BDUC"
51,"ioi, AIL, HLM just above, should get above April H this week since B SB on monthly chart"
53,"CC bull bars, more up"
55,"f BO but 3 COH BLB, SS2"
56,"BP B but bear bar, 2 dojis, prob SA hod"
58,"f BO 2es but bear doji, BB around MA and 38 H. Poss TTRD"
60,"3 cc BRB, SA, but still AIL. BB around 38 H BOP, OOD, and MA, but might fall to 51 BX L"
65,"BT 38 H but 9 BBRMC, SA, might test OOD for DD"
70,"LH, MRV, but might test OOD since TTRD so TRD"
72,"DB, and a measured move up"">DBBF at MA, AIL, but OOD magnet below"
