BAR NUMBER,DESCRIPTION
1,"Y was bear ch so bull flag. Odds favor bull BO and TR or bull trend today. Y was SSB on daily, but prob BB"
2,"doji ID, h2 80, PL, but no BLB today, LPB"
4,BP S but prob BB since Y had reasonable bottom
5,"HL MTR, good BSB, ok B for swing up"
6,"DT 3, still AIS, but BB and SW or up. Bulls need strong bull bar for AIL"
10,"bear bar, AIS, bulls exit, bears will S but prob bottom soon"
13,"HL MTR, 2eb, PL, ok swing B"
17,"MDT 16, DT 9, but AIL, BB"
19,"BP B, AIL, should test Y 68 LH, but big bar and weak rally so poss BLTR and deep PB to 15 L"
22,"f BO DT 9 17, but BB for test 68 H. 12 will prob remain LOD. Might test HOY"
23,"BP B, 68 LH TGTA, but then prob TTR, like Y"
27,"H1, MMTA, iii, but DT 68, weak rally, prob SA, BB and TTR soon. Less likely, SPBBL"
34,"Tri, AIL, good BLB, MMTA, but TTR"
39,"DB at MA, AIL, TGTA. Prob ID"
44,"W 9 24, ID, good S SB, AIBLE, not strong S since TTR"
46,"BP B but 2 good bear bars, TTR, SA"
54,"LH, MRV"
56,H2 but TTRNS
60,"W 46 56, but doji, room to 9 H at top of LTR in TTRD"
65,"DT LH MTR in TTR, 40% chance of swing down"
70,"DT MTR but doji, TC, AIL. Prob TTR for rest of day"
