BAR NUMBER,DESCRIPTION
1,"BLB, but not at SP of LOY, btw"
2,"big OD, COL, might trigger ioi S signal on daily by falling below LOY"
3,"cc BRB, AIS, STC"
7,"F BO, SX, MDB, PL, but T1B, MRV. SX on open so poss TR for 2 – 4 hours, then TRSV. AIBRE"
9,"L1, but tail, MDB 6, 7, poss FF after SX so many BR will scalp, prob TR soon"
12,"BP S but BLB, CSX, FF 9, many bars with tails, BB, then TR. If BA, need WSS"
16,"DTBF 8, but early TR. Should fall below 15 BX L, but then BB and more TR"
18,"BO, more up to MA"
19,"BL C at MA, 20GBS, ok S, but prob 2lu form 18 19"
23,"H1 but 20GBS, 4 small bars, TTR likely"
26,"20GB S, 2es, but TTRNS, poss MG above 16"
28,"H2, ok B for swing up, BT 16, but not yet AIL"
31,"4 bars without going down, prob AIL"
33,"BO, more up"
35,"ET, BT Tuesday L, but strong enough BO for small 2LU, SS2"
36,"H1, AIL, but BX at RS, LPB"
40,"F BO 2es, but only 1t BRB, no profitable stop entry S since 9, only S with lim orders"
42,"H2, near MA, AIL, likely at least small 2LU after 34, but poss TTR. Prob SA 40"
47,"L4 16 22, CCT 22, but TC, MRV, LP stop entry S"
49,"H1 at MA, AIL, 60ma and HOD magnet above, but 2 strong BRB, 15 BTTR, SW likely"
53,"H1, room to HOD, but 60ma, W 34 46, 2 dojis, poss top of UTR"
57,"H1 at MA, AIBL B again, but BR will S 2 HOD"
60,"f BO HOD, 60ma, and BLCH, AIBLE, ok swing S, but prob MRV, SS2"
68,"H2 at MA, but TC, BX, SA for 2LSD"
70,"LH but MRV, TC 59, still AIL, NS"
