BAR NUMBER,DESCRIPTION
1,bear doji at bottom of Y 42 ch. TR likely after SCBL. Poss ID so might test HOY and LOY. Y was BSB on daily chart so magnet at HOY. Fri so OOW magnet above
2,"f BO 42 L but 2 BRB, LOM"
4,"DT 1 at MA, but 2 BLB, prominent tails, LOM"
7,"DB 2, but bear body, just below MA, LOM, btw"
13,"F BO, PL. bears want BP S. need more information"
15,"BP S for 2LD, but prob BB 12"
18,"W 2 12, 2LD, good BSB, ok B for PL"
21,"DT 15, but AIL, BB"
26,"W 14 21, DT 4 at 60ma, bear bo, AIBLE. PH, ok swing S, but MRV"
32,"DB 22 but 6 BRB, SA, but TRD so prob BB 32, 22, and LOD"
40,"L2 at MA, but middle of TRD, LOM"
44,"H2, but doji, might get W, like 18 and 26"
50,"W 32 44, DB 22, TRD, ok B, esp if stop below 17"
55,"DT LH 39 in BBRC, but 4 bull bars after W, AIL, BB. 2 pt so TTR, btw"
60,"HL, BT 50, AIL, but 2 t tall TTR, btw"
65,"W 48 53, MDT, but AIL, BB, LPS"
73,"H2 50, Hl 17, AIL, f BO 50, but BRB, 2 pt tall TTR"
