BAR NUMBER,DESCRIPTION
1,"GU, strong bull bar so AIL, but in 4 week TR so bulls need FT"
2,"f BO HOY, but 1t bear bar, SS2"
3,"good BLB, AIL, ok BTR but bad FT 2 so LrP"
4,BTC
9,"PW 1 5, DT 2400 BRN and ATH, bear bar, SA, then prob TTR."
10,"10 BBLMC, t1b bull, but 2 bear bars, prob TTR, LP BB, prob TTR"
12,"H1 but BX, TTR, NS, but might get another leg up, or even continued trend up"
20,"NW 17 19, and 7 17, tails, but SPBL, AIL, SS2"
25,"BT 10, BLB, but 6 BBRMC, prob SA and above HOD, and more SD. might test 11 L, then TR. Less likely PW HOD and bear trend, but bears need strong bear BO and FT"
28,"20GB B, H2 25, but 3 BRB, poss 2LD to below 11. Still AIL, but WSS, prob TR"
37,"20GB B, W 2 29, DB HL 11, AIL, but endless PB. bears need cc big bear bars, else BLTR soon"
44,"W 29 36, 20GB B, AIL, ok B but TTR so better B with Lim order below 36"
47,"DT LH MTR 33 but 4 BLB, BB"
54,"LH MTR 2es, ok swing S, but doji, TTR"
61,"Only 1t bull body after 6 BBR, AIS. H2 44, f BO, big BRB, 6 cc BRB, BB2"
64,"BP S, AIS, but 4 bar PB, btw. For bulls, H2 44"
69,"f L2 but TTRNS, btw. Poss endless PB, then bull BO. Bears want RD down to 60ma and OOD"
