BAR NUMBER,DESCRIPTION
1,"F BO HOY, STC, AIS, but tail"
2,"COL, CC bear bars, still STC, but stop above 1. Bulls want ORV up"
3,"3 bear bars, not at MA, SA and TRO"
5,"cc BLB, BDUC, TRO"
6,"f BO HOY 2es, PH, AIS, ok swing S"
11,"big bear BO, more down"
14,"f BO 60 bottom of TR, 2LT, MDB, poss TRD, but still AIS"
16,"PW 3 12, f BO 60 TR L, AIBRE, PL so ok swing B, but MRV"
18,"BP S, AIS, but doji, PW, BB, PL"
19,"big OU, either TTRD or RD. AIL"
22,"BP B but BRB, poss TTRD and SA"
24,"W 13 21, ok S but prob TTRD. Might test 19 L. AIBLE"
27,"LH at MA, 2es, but AIL, NS, LPS. AIBL B above 26 H since BLB"
28,"OU, AIL but top of TR, NS"
30,"PW 13 23, AIBLE, might test 25 L"
33,"BP B, AIL, but weak rally, BLTR, SA 29"
36,"W 23 29, BT 10 L at bottom of UTR, might test 25 or 19 L, but doji, prob TTR soon, LOM"
41,"HL, AIL, MDB at MA, but TTR, W 36, LPB, poss SA for 2LD to 25 L"
44,"h2 40 but 2 big bear bars, room to 25 L magnet, SA"
50,"W 37 or 31, then 43, AIL, but need stop below 15 since 25 HL is magnet in TRD and prob will test there soon"
55,"f BO W, BLB, still AIL since 19, ok B but stop below 15. Bears want MMD to new LOD, but prob BRTL"
60,"W 43 54, DB LL25, 60ma, AIL, but TC, BRB, need stop below 15"
64,"W 2eb, but room to 19 L so magnet below"
65,"L2 62, but AIl, 60ma just below, BB"
69,"BP B, AIL, but top of TTR, middle of TRD. Ok B but prob scalp"
