BAR NUMBER,DESCRIPTION
1,"GD so 4 week island top with May 15 and April 25 GU. Big bull bar, F BO LOY, prob a little higher, and maybe TR for 1st hour until closer to ma"
2,"BP S but CC bull bars, prob BB and below 1, then TR. Still AIS"
8,"f BO LOY 2eb, good BLB, but 5 BRB. AIBRE"
11,"BP S, bear ii, but 5 BRTTR, several good BLB, LPS. Prob BB LOD for W bottom. Ok to wait. 9 H hit 1 L so LBL will B new L, betting on stairs"
12,"f BO LOY 2eb, MDB but BRB, AIS, BB2"
15,"W 1 8 14, BLB, but top of TTR. Prob TRD. OOD in middle third so magnet all day, and may C around OOD"
17,"BP S, AIS, but W bottom, TTR"
20,"W 1 8, SX, PL, AIBRE, BB2. Since 9 reached 1 L BOP, should get PB above 14 L"
23,"BP B but bear bar. 3 BLB, AIL, BB, but prob SA around MA and 16 SX H"
26,"H2 but just below MA so need sop below 20. HPW for BO above MA and 16 h, but TR likely"
28,"L2 at MA, 20GB S but strong bull bars, LPS, BDUC"
31,"W 22 28, ok S but prob TR"
37,"HL MTR but 8 BBRMC, MRV"
44,"HL, HSB 25 37, but at MA and AIS 31, LP B"
53,"BP S, AIS, but doji and big bull bar, LPS"
55,"LL MTR, MDB, AIBRE, ok swing B but BB2"
56,"DTBF, AIBR SB, but bottom of TR"
58,STC
61,"BP S but BLB after 5 STC bars, poss BB"
65,"SX at MMTG from DTBF, also bottom of G on daily. AIBRE. Bulls will B for swing up to MA, but most should wait for strong reversal up"
66,"DTBF 61, but AIL, BB for test top of ch and ma"
68,"L2 near MA, AIS, but not quite to ma or TL, prob BB"
71,"L2 68 at MA, TL, and 54 BOP, but AIL, prob BB, BDUC"
