BAR NUMBER,DESCRIPTION
1,"f BO LOY and BRCH, PL, ok B but big bar so big risk"
2,"BLB, AIL, but doji. BP S, but BB"
3,"Big BrB, but stop below 1. Prob BB 3 and 1, but ok to exit below 3 if B again on reversal up"
6,"HL, H3, AIL, ok B for test of top of ch"
7,"big BLB, AIL, should test 71 H"
11,"MDT at top of ch, AIBLE"
14,"f BO 71 LH, PW 4 9, AIBLE, prob at least 5 – 10 bar TTR PB, poss HOD"
17,"DB 12 at MA, AIL, but doji, DUDC, prob LOM, BB2"
22,"H2 17 at MA, AIL, but prob TTR, TTRD. Tail, LPB, 60% chance will drop at least 1t below 4 H top of LTR"
24,"DT LH, BRD,"
26,"big BRB, a little more down to test top of LTR"
28,"HL MTR, BT 4 H, H2 17, but 2 big BRB and AIS, room to 4 H, more down, BB2. Prob TRD"
32,"HL MTR, PW 20 27, 2LD 27, but 10 BBRMC. Only B if WSS. TRD likely so in B zone"
35,"HL MTR 2eb so Hr P, but prob TC 32 so prob MRV and BL prob will need DB HL MTR in 10 – 20 bars"
38,"F BO 28, BT 24, but TRD so BB, SA, WSS. Might test 31 L for DB HL MTR"
45,"DB 31 HL MTR, H2 41, but doji, room to 31 L so Lr P B"
49,"Tri 1 31 44 49, might test 13 H C. BOM so only 50% P of profit"
57,"2LT, but tail, 60ma MGA, BB"
62,"W 37 56, 60ma, top of Y BRCH, bear IB, ok S but MRV. AIBLE"
64,"3 BRB, prob test MA and maybe 14 H BOP"
67,DB 58 but should fall below 14 H for LBR
