BAR NUMBER,DESCRIPTION
1,"doji bar at 60ma, but HOY and LLW 2379 both magnets above"
2,"big bull bar. Bulls want BO HOY and 60ma, and then test 2379 LLW. AIL, but poss ID. SS2"
6,"BP B but doji, big tail 5 at LLW, poss SA. Next TGTA is G above Wed H"
7,"MDT, W Y 14 61, but 7 BBLMC so BB, should get above LLY, then TR soon"
8,"OU, AIL, BTC, but prob TR soon"
10,"F BO HOY 2es, PW 77 5, but TC, strong BO 4 5, doji, BB, but prob TR soon"
11,"BP B but doji and many small bars, prob PW after new H, SA 10, then SD for 5 – 10 bars"
13,"PW, LBR made money above 5 and 10, prob TC PB for 10 bars here or soon, and LOM"
15,"DB 11, AIL, but BRB, only 2 strong BLB all day, prob TTR, LPB. 40% chance BO above 12 will be MG"
19,"DT, but 3 dojis, MRV, TTR likely soon. Wed H MGA"
22,"L2 18, BRB, prob TR 11 and PB to MA and 15 L, but poss SPBL"
27,"H2, poss SPBL"
30,BTC
33,"f BO W top, but SPBL, 6 BLB, BB"
35,"BT 21, NG, more up"
38,"L2 but TC, SPBL"
39,"BP B but bear bar, prob SA 37 since LBR made money above 21"
42,"CC W, prob PB to MA, but SPBL so better to S with lim orders above bars"
45,"20GB B but 2 big bear bars after CC W, so SA"
48,"LH but AIL, just above MA, LPS"
51,"H2 at MA, AIL, but TTR, doji, NS"
55,"LH MTR. Mkt deciding between OOW and LLW. If either, LLW is more likely"
57,"BLB at MA, AIBL B"
64,"W 21 42, HH MTR, but 4 BLB, AIBLE, not strong S yet"
66,"3 cc bear bars, SA, poss test LLW"
68,"big SV test LLW, bottom of ch 15, daily MA, 60ma, should bounce, poss TTR here for rest of day"
69,"F BO, SP, but doji, prob will stay near LLW for rest of day"
70,"BP S but at SP, prob BB and TTR"
71,"F BO, MDB, but 2 dojis, LLW MGB, LP B"
