BAR NUMBER,DESCRIPTION
1,doji in middle of Y BUBD
3,"big bear bar, poss test 41 L and LOY"
8,"MDT 5, L1, 7BBRMC, AIS, but prob BB for MRV since poss ORV LOY, HL, MDB 5"
9,"ORV LOY, MDT, W 64 78, AIBRE, but 9BBRMC, prob SA around MA, 78 L, and 50% PB"
13,"BRB, L2, AIBR S below, but middle of TTR just above LOY so LPS, btw"
15,"F L2, PL, but TTR so LOM, SA around 79 L and 50% PB, LPB, very TTR, btw"
28,"DTBF 16, BT 78, but 4 cc bull bars, HL MTR 24, LPS, BB. Might be AIL, but need 1 more bull bar to be certain"
33,"weak FT after big bull bar, AIL, but prob BLTR. H1, should test 3 H SX and OOD and 17t above 7. might test HOY to form ID"
40,"test OOD and 3 SX H, SC rally from 31 spike, but AIL, 11 BBRLMC, MRV, BB around 33 L and MA, LPS"
45,"BP B, AIL, but might get 2LD to 33 L. stop below 30. Prob ID. Since L is 4t above LOY, might test to 4t below HOY"
47,"DT LH 39, should test 27 H since top of LTR in TTRD. Still AIL, BB 45, 27 H, 30, and 24. SA 39 and 1"
55,"H2 45, BT 27, AIL, but big bar, should test below 27 H since TTRD, so only B if stop below 24"
58,"DT 50, should test below 27 H and maybe below 30 bottom of BX, but doji, LPS"
66,"BP S but bull bar just above 24 bottom of bull swing, BB"
68,"DB 24, MDB 66, prob AIL for test 60 L, but back in LTR so poss SW into EOD and C around 55 L"
