BAR NUMBER,DESCRIPTION
1,"good bull bar, last week’s G down above so magnet"
2,"cc bull bars, AIL, but last week was big outside week so prob inside week this week, which means lots of TR PA"
4,"ET 42 63, F BO HOY, but T1B BL, BB, SS2. AIL, but prob BLTR"
6,"H1, AIL, but doji, 4 BTTR"
8,"ET and f BO HOY 2es, PH, but 6 BTTR so Lr P, more TTR likely. AIBLE"
10,"10 H2, AIBL can B but more likely SA. AIBR exit above 8, not 10"
12,"H3, BLB, but middle of TTR. ok to hold S, stop above 8, but AIBRE, AIBL B, but still on 8 S,"
14,"3rd BSB, AIBRE. LOM, TC, 8 sill reasonable HOD, LPB"
17,"H4, BRTR, F BO LOD at MA, but 16t below 8 so prob at least 1t more below 17. If rally, prob LH MTR, should get to 12 H whether or not new LOD. Many good BSB"
18,"BOM, room to 17t TGT below 8 L, but too many BLB, prob BLTR and BB LOD, then TR, then poss LH MTR after 5 – 10 bar bounce to 12 H. AIBRE"
20,"BP S, but 3 BLB, TGTA, BB"
25,"DT13 LH MTR, but TC, only 1 BRB in 10 bars, AIL since 23, BB"
28,"BP B at MA, but top of BOM"
32,"BP B, AIL, TGTA, but top of BOM"
36,"F BO, ii, at MMT, poss TTRD and PB below 8 H, but 10 BBLMC, SS2"
37,"BP B but 5 BTTR, far above MA, dojis, need WSS, better to B LR"
43,"H2 just above MA, AIL, but TTR and poss DT LH MTR 39"
45,"DT LH MTR in TTR, ok swing S, but more TTR likely"
55,"MAG, BT 25, AIL, but endless PB, TTR"
62,"DT 49 LH MTR in TTR, but still only 40% chance of swing down"
69,"BOM, but TTR so only 50% chance of success. Quiet day so BO UD will prob not go far"
74,"BO, AIL, ok BTC, but not HP since quiet TRD, poss w 4 34"
