BAR NUMBER,DESCRIPTION
1,"F BO HOY, W Y 4 34, poss OD day, but tail, LOM Y, SS2"
2,"ORV up from HOY, but big bear body 1, BB2"
4,"cc BRB, AIS, poss OD day, but at MA and BRB not big"
5,"ORV at MA, PL, H2 2, but doji, 2 big BRB, LP B"
6,"BP S but bull doji at MA, LOM,"
8,"big BLB, ORV at MA, BLCH, but need FT"
10,"BP B, AIL 8, but weak rally"
13,"LH MTR, but bear doji, AIL, LPS"
16,"BP B at MA but top of TR, still might trade down below LPY, LOM"
23,"bull IB, COH, AIL, SPBL, TGTA, but weak rally so prob PB and TR later in day"
34,"W 13 25, but SPBL, 21 BBLMC. Weak rally, prob will get PB and TR soon so ok swing S"
37,"BP, FT, AIS, SA. BUDC, might stay around OOD all day for DD HL."
42,"H2 37, but TC, prob SA and 2LSD after 2 day W. TR likely"
50,"LH MTR, but TTR around OOD, then DD, more likely"
59,"W HL, but TTR around OOD. Still AIS from selloff to 41. If AIBR exited 45 C or above 54, they sold again below 56"
62,"MDB, WBLF 46 52, but prob will stay around OOD"
68,"LH MTR 2es, but prob stay around OOD"
