BAR NUMBER,DESCRIPTION
1,"F BO HOY, ET 47 68, poss OD day, but tail, LOM Y, prob SW"
2,"cc BRB, but tails, 5t. AIS, but prob SW. bulls will try for ORV up from MA. Stop for swing bears above 1"
4,"ORV, PL, AIS, AIBRE"
6,"2nd F BO HOY, good S SB, but TTR. Ok swing S, but LOM so far"
8,"H2 ORV but doji, AIBRE"
13,"HH DT 6, COL, PH, ok S"
20,"AIBRE. BDHL 8, PL"
25,"4 cc BLB, AIL, but DT and DB, BOM"
28,"LH, 2es, ph, but BLB, TTR, LOM"
33,"HL in Tri, but very TTR, btw"
56,"f BO LOD, but big bar, top of TTR"
57,"BTC, but prob not strong bull after TTR"
60,"f BO, MDT, but strong enough BO so BB around MA and 50P"
66,"H2 but doji, 3 BRB, room to 50P, LPB. OOD prob magnet for DD"
68,"BP B for 2LU, but might not get big rally since small TRD"
