BAR NUMBER,DESCRIPTION
1,"F BO HOY and 2400 and 2 month TR, big bear bar, PH, ol swing S, but bear bars failed on open every day this week so LP, SS2. AMZN and GOOGL might rally to 1000 today so ES might rally as well"
4,"cc BLB, BTC"
7,"H1, AIL, but BRB, poss PW top after 1 more leg up"
12,"PW, iii, but strong 9, 11 BBLMC, BB. TR likely soon"
17,"H1, AIL, 16 BBLMC, but CBX, PW, prob TR soon. PW 6 9, but BB"
22,"PW, MDT, good BRB, but only S if WSS. Still AIL, poss BB for another leg up. Prob SD to MA soon. AMZN hit 998 so close to 1000 tgt"
24,"MDB, AIL, but CBX, prob limited up, TR soon, should test 20 BX L and MA"
25,"BTC BLB 20 keep Sg at 20 C, prob PB and TR soon"
26,"big bear bar, bulls giving up, BUDC, AIS, but prob TR soon. 20GB B, but prob will go Lr before TR"
28,"MAG, HL, 20GB B, TR bottom here or soon, but SA and at least small 2LSD, BB2"
29,"L1 S, AIS, but MRV 21 so TR likely, prob BB 28"
32,"L2 but TTR, prob near bottom of TR, LPS"
34,"MAG, 3rd B, but top of TTR. SA around 50p and 24 L"
35,"big bull bar, AIL, but TR likely"
40,"LH MTR but 8 BLB, SS2. BB but top of TR so WSS. Prob PB to MA soon"
43,"LH MTR 2es but 9 bars without BRB, AIL, BB around 37 L and MA and 50p"
51,"H2 at MA, test 32 BOP, but TC so only B if WSS. Still on 43 LH MTR S, but TC 42 so bears will prob need DT 42. AIL, odds favor TRES and new HOD"
58,"H1, AIL, but top of TR. AMZN and GOOGL still might pull ES up"
61,"H1, but W 54 59, DT 21, top of TR, LP"
63,"DT MTR, W 54 59, but TC, SSA"
65,"DB, and a measured move up"">DBBF 61, AIL, but W 54 59, 3 dojis, top of TRD, DT MTR 63"
68,"H2 at MA, AIL, but top of TRD, NS"
70,"DT MTR 3rd entry S, BRB, ok swing but LP"
