BAR NUMBER,DESCRIPTION
1,doji near bottom of y small TR. Y had BL BO above BLCH so prob SD to bottom of ch today. AMZN and GOOGL will probably try to hit 1000 again today
3,"H2 40 but doji, TC, LOM. Traders will S 1 and 2 pts above"
6,"BP B but bear bar, weak rally, SA"
7,"LH MTR, W 1 5 but AIL, BLB, MRV for test 3 H, then more SW"
9,"H1, AIL, ok B if stop below 3, but SW more likely"
15,"LH MTR, W 1 7, but AIL, might get 1 more push up after 4 5 BO. TL TGTB"
17,"3 cc BRB, AIS, but 1t BRB, TTR, prob not much down"
19,"DB, and a measured move up"">DBBF 10, BT 3, good BLB, but 4 BRB, TTR, prob AIS and SA"
21,"HST 7 15, AIS, but TTRNS"
25,"DT LH MTR, but TTR, doji, btw"
31,F BO 10 18 DB so W 10 18 HL. 4 BRB so LP B
36,"6 BLB, AIL, but TTR so barely better than 50%"
56,"HL, AIL, but TTR. Either wait or LOM"
75,"HL but TTR, btw"
