BAR NUMBER,DESCRIPTION
1,"F BO LOY but bear bar, PL, but LP"
3,"f BO LOY 2ed, good bull bar, better prob, but still 50% chance of test below bottom of 7 day range before bulls B, ok to wait"
5,"BP S, 5t 4 H, PH but 4 dojis, TTR, btw"
7,"BP S below 6 L since NL of MDT, PH, but TTR, LOM, LPS"
9,"f BO LOY 2eb, PL, ok B, but 3t tail, many dojis"
10,"BOM 7 H and 9 L. CC BLB, ok B 9, AIL, but not yet HP"
11,"3 bull bars just below MA, LH, prob STC, even though AIL. BOM"
12,"PB from MA, doji, prob BB, but LH in BRCH so bears will S, Sill in BOM, but BA 7 and SB 9. Also, G below"
16,"BO, 5 BRB, AIS, poss MMD, G below. SBL will B 9 L and below"
18,"F BO, W 1 9, 7 day H2 test of G, PL, but doji, strong BO, AIS, MRV, maybe to MA and 10 L where SBL will exit"
24,"LH at MA, but doji, 8 BBLMC, BDUC, TR likely"
27,"ioii, but G 21 H, TC, BB"
31,"G 26, SPBL, AIL, but weak rally, still below HOD, poss BLTR and deep PB."
35,"Tri above MA, AIL, but bear bar just below 60ma and HOD, NS. AIBRE"
41,"F BO but doji, SA for 2LD, not strong enough for AIBL to B again, BB2"
44,"LH, but bottom of TR, still AIL but AIBLE"
50,"HL MTR, MDB, W 33 41, but 6 cc BRB so AIS, BB2"
54,"cc BLB, prob too big for L2 49 so prob AIL, but trading around OOD so prob another DD"
56,"2LT, F BO HOD and 60ma, but no bear body, AIL, LPS, AIBLE"
59,"BP B, AIL, but BUDC, btw"
61,"BP B at MA, AIL"
68,"W 30 56 at 60ma, bear ioi, but TC, tail, NS"
72,"H2 at MA, AIL, but just below 60ma at top of TRD"
