BAR NUMBER,DESCRIPTION
1,"F BO HOY, 25% chance HOD, poss 60 min DT LH MTR"
2,"bear bar, AIS but might get ORV up soon"
4,"ORV but 4 bear bars, AIS, SA. No cc big bear bars yet so prob BRTL, but poss HOD and bear TD"
7,"ORV at MA, H2, PL so ok swing, but small BLB, 1st BLB of day, NS, poss endless PB and bear TD"
10,"AIBR SB, but still TTR"
14,"H2 ORV at OOW MA, COY, PL, but TC"
17,"LH, AIS, but doji, 4 BLB, BB, SS2"
21,"H2 but top of TR, TTRNS"
25,"W 18 20 HL, PL"
32,"LH MTR, F BO, but 8 bull bars, LPS, SS2"
34,"3 cc BRB, SA"
38,"F BO, still above 14 LOD, but 6 BRB, MRV, still TTRD, LOM"
46,HL but middle of TRD
55,"BO, prob more up, but bears will S 31 H for scalp"
59,"BP at MA, AIL, OK B but poss SA 55 and HOD since HLM is magnet above"
65,"W 31 55 but doji, prob BB and MRV. Might continue up to HLM"
67,"BP B at ma, but 2 bear bars. AIL, magnet above, but weak rally"
71,"BP B, AIL, TGTA, but 2 BRB far above MA, LP B"
