BAR NUMBER,DESCRIPTION
1,H1 but doji Y was PW top and perfect DT with March 1 ATH. Poss SA
3,"ORV at MA, AIL, but BUDC, BB2"
4,"BP S but at MA and TR likely, poss BB"
6,"ORV, H2 at ma, AIL, but 2 dojis, TTRNS, btw, mkt deciding whether to test HOY again, or LOY"
12,"H3 so W, 50P form Y rally, AIL, ii, but 2 BRB, BOM for test HOY or LOY, but TTRNS"
16,"DTBF 7, but TTRNS"
17,"big bear bar, AIS, but need FT for MMD to LOY"
18,"F BO and H2 13, 50P, PL, BB2"
20,"PB S, AIS, but 3 bars up, LP. Should fall 4 pts below 4 L or 16 L, but bad FT after big bear bars so prob BRTR"
24,"W 13 18 but doji, TC. BL B 1 pt below 18 for scalp, but TC so MRV"
26,"cc big BLB, AIL, but BDUC, stop below 23. Still in BRCH and TR, but AIL, SS2, B 50P"
28,"DTBF 20 but AIL, BB"
34,"DB, and a measured move up"">DBBF, AIL, but doji, TTR"
40,"L2 27 but AIL, 1 L and OOD magnet above, BB"
48,L2 2es but should get at least 1t above 1 L so BB. 50% chance new ATH today
54,"NW 27 40, and 40 44, just below OOD, but TC, AIL, only S with lim orders. LBR 32 H prob will make money"
63,"H2 at MA, OOD magnet above, AIL, but 2 point TTR, btw"
