BAR NUMBER,DESCRIPTION
1,"new ATH, but 2t tail, and only 2t body. 25% chance LOD"
2,"F BO HOY, PH, but tail, LP S. sill AIL from Y"
3,"ORV from BO above HOY, but doji. PL, but HPW"
7,"cc BLB, AIL, BTC, but big tail, just below 2400 BRN"
10,"F BO HOY 2es, F BO 2400, PH, but 8 BBL MC, LPS"
13,"COL, AIBLE. BOM 10 H and 3 L. AIL but barely Hr P for bulls, PH"
18,"BP B at ma, but 11 BBRMC, BB2"
20,LH but doji
23,"bear BO, COL, AIS, but still TRD so 16 SBL prob will make money. LP STC."
25,"W 11 15 23, TRD, might test 21 SX H, but LP B, LOM"
33,"DTBF 21, 2es, AIS, but doji, TC, TRD"
43,"BP S, AIS, but bottom of W ch 3 23 and TR, better to S Hr. might test 60ma and might get OD day"
48,"biggest BRB 40 bars into bear trend so prob EG. 60ma, MMD, but strong enough bear BO so bulls might need MDB"
51,"EG, bull ii, MMT, W 4 23, 60ma, AIBRE, PL, ok swing B"
55,"DTBF, COL, AIS, but BDUC, BB around 50 BSB H for 2 LSU"
63,"HL, 5t, 2LSU likely after W, poss test ATH and OOD"
64,BO but small. Prob AIL. Bears want COD near L to create good SSB on daily. Bulls want C above ATH. 60% chance 48 will remain LOD
66,"DT 47 55 LH, COL, but AIL 64 so BB"
69,"F BO DT 47 55, L2 66 but bull body, AIL, LPS, but since poss TR 42, NHEP to B for scalp"
70,bulls will exit below this big bear bar. bears want COD at LOD to create good SSB on daily
