BAR NUMBER,DESCRIPTION
1,"SGU to new ATH. BRBC, PH, but NS. Y was small range so PS ODD."
2,"BBLBC, H1, BRE, PL, but still on S 1. NMI"
3,"H1, AIL, MDB 1, but DD, PS TTR, NS"
4,"BLBC, BO 1, AIL, but not yet BTC since not yet CCBLBC. still PS TRO"
5,"H1, but BRB. L2 1 but after 3 BLBC. PS TRO, NS. BLE or BLE4"
6,"CCBRBC,MDT, PH, but still PS SPBL, NS"
7,"L1, but BLD, AIL, PS BB and SPBL, N2. H1 but DD after 2 BRB, NS. still on B above 3 and S below 5, BOM, HPW"
8,"HL DB 2, H1, but TR, better to wait for breakout or 2nd signal. Low probability, bad for stop entries."">BBBR, top of TRO so LP, PS SA and more LOM. NS, B2, S2"
9,"OO, but TTR so LOM, even though BOM"
10,"H2, but DD, top of TRO, NS. still on 5 L2. BOM, HPW"
11,"still H2, BOM"
12,"II, apex TRI, BOM. MGA GXH, MGB MA"
13,"SBD, BO below TRI, but still above L of 1 and at MA, 50% chance BRTP"
14,"DB 2 at MA, still AIL, PL, but DD, NS. BRE"
15,"BBLBC, AIL, GXH MGA, PS early BTC, but still in TR, 14 is BBSB so might test H of 14. still in TRO"
16,"H1 but BRB, still TRO, PS SA. AIL, GXH MGA, but still BOM"
17,"DT 10, but DD, just above MA, stil TRO, S2. still PS PB from 15"
18,"SBD, but still in TRO. BR want ODD. BOM"
19,"Big BO. EMA. Lower prices likely. Always In Short and Sell The Close bear trend."">CCBBRBCMA but tail. PS MMD and TTR, PS ODD"
20,"L1, but tail 19, and near MMD so PS BB 19. still AIS, MGB COY, 60ma, GXL, and LOY, PS ODD"
21,"MDB, PW 14 19, but BRB, 6 BRB, B2. BRE4"
22,"MW 19 21, PL, but 7 CC BRB, PP MRV, PS SA"
24,"L1, COL, AIS, but TR, better to wait for breakout or 2nd signal. Low probability, bad for stop entries."">BBBR, PS TTR 20, NS, PS BB"
25,"MDB 22, BRE, but tail, top of TTR, just below MA, still on 24 L1 S, B2"
26,"L2 just below MA, MGB, but middle of TTR, LP, NS, PS LOM"
27,"SBD, MGB are COY,, 60MA, LOY, GXL. weak selloff so PS REVU at some point, PS W 2 22"
29,"W 2 22, W 19 22, BLB, BRE, but tail, MGB, NS, B2. BL need BLBC, else will PP reach MGB"
31,"SBU, 3 CC BLB, C above MA, PS LOD, but PS DTt 23 and STC and BRCH at MA, NS"
32,"LH at MA in BRCH, DT 23, MGB, but SBU, 3 BLB, PS BB, NS"
33,"H1 31, but CCBRB just below MA in BRCH and LTR in TTRD, B2. BRE4. weak selloff and weak reversal so PS TR. MGB and weak REV so might have to reach MGB"
35,"HL, BLB, but 3 BRB and just below MA, still PS BRCH, NS, top of LTR, MGB, B2"
36,"TRI 23 32, but BLB, C above MA, CCBLB, still on 35 B, PS BB, S2. LTR, BOM. BLE4. deciding if 29 will remain LOD or if willl test LOY. weak BRT so PP will not become strong BRT. More likely, continued TR, or BB around COY or LOY"
37,"BO, C above 36, but need EMA, but bulls need big bull bars closing near their highs to significantly increase the chance of much higher prices."">CCAMA for MMU, else PS F BO DT, which is type of W top, and BVT 2 L bottom of UTR"
40,"MDT, BT 2 L, F BO DT 23 32m but 4 BLB, BLD, PS TRVU from W bottom, PS SPBL, BLE4, S2"
41,"II, SPBL, BL want BO above 2 L at bottom of UTR and then BO GXH, but weak rally, ledge, PS FF and W 32 38, then test 35 L, NS"
44,"BO and FT, getting back in UTR. but PS W 32 39, PS II FF 41. TC, MRV. GX H MGA"
45,"W 32 39, BLE4, but TC, MRV, GXH MGA"
47,"H1, but PP 2LSD after W so NWS"
49,"OD, MDT 45, but PP MRV, might test 41 HL or 35 HL. might form TTR around MA"
50,"SBD, might test 35 L, but PP MRV, PS BRTP"
51,"H2 47, DB 41 II, but tail, NWS. PS TR might continue until 11:30 AMPT"
53,"H1, but top of TTR, NS, NWS, B2. PS LOM"
55,"H1, AIL, but BRB, top of TTR, NS, PS LOM"
57,"DT 45. top of TR, but tail, just above MA, GXH MGA, S2"
58,"SBD but still in TTR, PS BTC, S2"
59,"3 CCBBRBC, PS AIS, but bottom of TR, PS BTC, S2"
60,"DB 50 but 3 BRB, TTR 38"
63,"DT 56 at top of TTR38, still did not test below ledge 41 so MGB, but DD, AIL, LPS, PS BB, S2"
65,"H1, but top of TTR, B2"
67,"BO 56, but PS DT 45, BL need 1 more strong bar. BR will STC, expecting REVD to 60 L at ledge"
