BAR NUMBER,DESCRIPTION
1,"LDW. YBX. BRB, but tail. PP STC for closure of gap, but TCH so PP MRV. MGB HOY, COY, MA, GXL"
2,"H1, test of MA and COY, PL, but CC BRB, PP MBO, NS, PP SA and above 1. 50% chance of rally for about an hour, but 75% chance of SD for at least a couple hours starting by end of 2nd hour. TR might have already begun"
3,"BLB, but tail. 50% chance FT BG after Y BX. top of BL CH on daily chart is MGA, around 4466"
4,"CCBLBC, but tail, far above MA, TR likely witihn couple hours, NS"
5,"L2 top but tail. H1 but BRB, PS W 1 4, PS SA, N2, B2. LBRM and LBLM so PS TRO. S2,"
6,"L2, II, COL, PH, but TC, NS"
7,"BBRB but tail. PS AIS since good SSB 6 and L2 top after SX Y, but TR more likely than BRT. LLDB 1, but 3 BLB, PP MRV"
9,"DB at MA, but DD, still on 6 S, ok to exit short, ok to keep stop above 4. So far, TRO, but holding above MA"
10,"SBU, but still below 4 H. PP AIL, ok BTC, but NS. PS SA 4 for ET 1 4. top of BL CH on daily cnart is MGA, around 4465"
11,"LH DT, still on 6 S, but BLB, TRO, SBU 10, NS"
12,"BBRB, but TRO, BL BTC of BRB and BR STC of BLB. still on 6 S and 9 B, but BR case is slightly more likely"
13,"L1, still on 6 S, but BLB just above MA. No C below MA in 70 bars so should get one soon. MGB 77 L at bottom of Y FF. TRO so BOM and PS MM UD"
14,"1st C below MA in 70 bars. Still TRO, S below 6 is HRP than B abovve 9. BOM. H1 after 10 SBU, but 5 BBRMC, TRO, MRV"
17,"COL, apex of TRI 4 11, still on 6 S, but middle of TRO so only slightly better for BR and PS BB. H1, but BRB. LOM"
18,"H2 at MA, but TRO, NS. still ok to be short, stop above 4"
20,"H1, PS SPBL, but BRB, TRO."
21,"C above 19 so BO and PS MMU to new HOD, near top of BLCH on daily. still TRO, PS W LH 16 18, BL need FT, BR need SSB 22"
22,"W but 1t BRB, SPBL 15, NS, PS BB. TRI 4 11, BOM"
23,"small BRB, but TRO so PS BTC. BL want BO above W 22 and then MMU. BR want reversal down from W LH. apex of TRI, BOM and so far, no strong BO UD"
24,"H1, SPBL, but still in BOM, NS"
25,"LH DT 22, but just above MA, apex TRI, BOM, HPW or use wide stop and be long or short"
30,"MDB 26, COH, C above MA, but apex ot TRI, LOM, NS, HPW"
37,"BO below TRI and MA, but need F, else BRTP at bottom of TR"
39,"bull IB so weak follow-through after small breakout so many bears will exit. L1 but bull bar so LP S. F BO, but just below MA, tail, B2. BR hope SA and then L1, BL want FBO . small bars, no energy, not strong B or S, still in TR"
42,"CC BLB, FT after 41 REVU, but still small bars and in TR, weak BTC. DT 31 but 4 BWBRB and SBU 41, PP BB, S2."
46,"SBU, but at top of TRI so PS STC. B2, NS. C at OOD, top of TTR 31"
48,"II, AIL, but top of TRI, BOM, NS"
50,"BO above TTR 31, but need FT since still in TR. NS. BL want TRSU from Y, BR want F BO"
51,"BO, but tail and still below 4 HOD, not reliable BTC, B2. Still AIL"
54,"III, H1 but 3 DD, PS SA, NS, B2. DT LH 11 but 3 DD, S2. AIL, BOM, but BRB at top of TR, PS LOM, BTW"
55,"H1, ledge, but 4 BB, top of TRD"
57,"F BO ledge, top of TRD, but TTR, 7 DD, LOM, S2"
62,"EMA and closing near their lows so probably will go lower and possible Sell The Close"">CCBRBCMA, but not big bars. PP AIS"
63,"BBRB, but bottom of TRD, tail, PS BRTP"
64,"DB 8, BRE, but tail, B2. L1 but BLB at bottom of TR, NS, PS BB"
65,"II, 2 BLB, DB 9, PL, BRE, but tails, TRD, NS"
67,"4 CC BLB, but C not above 66 or MA so not yet BTC. L1 but 4 BLB, PP BB"
