BAR NUMBER,DESCRIPTION
1,"Y BX. BGD. today will PP mostly OL Y so PP BB around LOY and SA around HOY. PS ID. BLB, HL, PL, but DD, B2"
4,"L1 at 60ma and OOW, PH, but PP BB 1 and LOY, NS. BR want big BRT after Y big BLT, which could be start of correction on daily chart.."
5,"SBD, CCBRB1C, but PP BB around LOY, NS, PS BB 1 for H2"
7,"H2 1, MDB, test LOY, PL, but BRB, 4 BRB, SBD 5, BRE4, B2"
8,"BLB, PL, but tail, BRE, B2. L1 but BBLB, PP BB for W 1 6"
9,"BLB but tail, PS DT3, TR, better to wait for breakout or 2nd signal. Low probability, bad for stop entries."">BBBR, B2, TRO"
10,"DT 3 near MA, PH, but CCBBLB, LP, SBU 8 9, S2. 7 H MGB since BBSB"
13,"1t F BO HOD 3, DT 3 at MA and 60ma, PH but still on 7 B. might have to test 7 H since BSB. TRO"
15,"OU but top of TRO and just below MA and 60ma, still BOM, LOM. DB 11 15, DT 12 15"
17,"W 3 13 at MA, PH, but tail, TTR 10, TRO, S2"
18,"BBRBC, but TRO so PS BTC, HPW S CCBRBC"
19,"CCBRB1C, but bottom of TTR 10, NS"
20,"BO below 11 HL, 4 BRB, but bottom of TTR 10, tail, not strong STC, NS"
21,"LL DB 11, bottom of TTR 10, OU, but 4 BRB, PS SA, B2, NS"
22,"CCBLBC, but small bodies, just below MA, NS, B2. L1 but CC BLB bottom of TTR 10, S2. still LOM, BOM"
23,"LH at MA in BRCH, but bottom of TTR 10, NS, HPW. PS BB 21 for W 11 21. BOM"
25,"HL MTR, W 11 21, OU, PL, but TR, better to wait for breakout or 2nd signal. Low probability, bad for stop entries."">BBBR so NS, just below MA in BRCH so LP, PS SA, HPW to B after BO above MA since PS STC like 9 12 15 16 22"
26,"IOI in BRCH, AIS 19, but near bottom of TRO, NS"
28,"L1, AIS, BRCH, LOY MGB, but DD, NS. BR want MMD below W 21 25 27 and BL want F BO"
30,"CCBBRBC, STC, testing LOY. BR want BO and BL wat REVU"
31,"L1 but BLB, PS DSTC BR 31 and BB for MDB"
33,"F BO LOY, MDB, BRE, PL, but TC and tail so PP MRV, PS LTR in TTRD. BRE, but B2. MDT 32 but 2 BLB, PS BB, NS. PS LTR in TTRD. LLW and OOM MGB"
34,"MDB 31, LBLM, but BRB, NS, B2, BRE4. PS SA and LTR in TTRD"
35,"F BO LOY, MDB, but tail, B2. MDT 32, LLW MGB, but BLB, PS LOM and LTR, S2"
36,"DTBF 32 bur 2 BLB, PS LTR, PS BB, S2"
38,"CCBBRBC, SBD, should test LLW, but TR, better to wait for breakout or 2nd signal. Low probability, bad for stop entries."">BBBR"
43,"F BO LLW, PW39 40, 41M, PL, SX, BRE, but PP tail, OOM MGB, MRV"
44,"CCBRB1C, PP swing SU, but PS TR"
45,"L1, OOM MGB, but 3 BLB and SX, PP 2LSU, S2"
46,"HL, but BRD, NWS, B2. L1 45, but S2. PP TR"
48,"SBU but at MA, so PS STC for L2"
49,"20GBS, L2, but 4 BBLBC, PP MBO and TR, NS"
50,"BBRB, but PS BTC and TR, NS. OOM MGB"
52,"HL MTR, but 4 BRB after SBD, OOM MGB, MRV"
53,BLB but tail. only 3 bars with H above EMA today and most BRTD have more so should get back above EMA
54,"BO above MA, but need FT, else DT 48 and ET 45 48. MGA 37 H SX H and LOY and MMU. LOY is also 50P"
55,"EMA. Higher prices likely. Always In Long and Buy The Close bull trend"">CCBBLBCMA, SBU, MGA. PP BB around MA. 49 H BOP MGB"
56,"ET 45 49, but SBU, 4 BLB, MGA, PP BB around MA and 49 H and 50P, S2"
58,"F BO LOY and 50P, PP MRV, 49 H BOP and 50P MGB"
59,"H1, but BRD, CC BRB, at RS, did not reach 48 H MGB, NWS, B2"
63,"HL, AIL, COH, but 5 BRB, NWS"
64,"CCBBLBC, might stay around MP of day for rest of day. it is exactly at LOY"
65,"LH DT 58, TW 49 58, but CCBLBC, PP MRV and BB, NS. PP TR around OOD for rest of day. AIL, but PP TR. 37 SXH MGA"
66,"SBU, BO 58, PS MG, MGA OOD and 60ma, but BL meed FT. If no FT, then PP TR arould LOD"
67,"FT, but tail, and PS TR around LOY. BL want BTR and COD above OOD, but TR more likely. W 49 58, BLE4, but 4 BBLB, S2"
