BAR NUMBER,DESCRIPTION
1,"YSX. BGD. After 2 big bear days, increased chance of bull day. If early bear trend, increased chance of bull trend reversal. SBUM, PL, but TR, better to wait for breakout or 2nd signal. Low probability, bad for stop entries."">BBBR"
2,"L1 but tail, PP BB"
3,"H1 and H2, PL"
4,"DD but BLB, still AIL since 1, still PP LOD so either BLT or TRD, and BRT unlikely"
5,"BBLBC, but at LOY. still AIL, but NWS since TR, better to wait for breakout or 2nd signal. Low probability, bad for stop entries."">BBBR"
6,"BRB so bad FT, but still AIL, MA and GXH MGA. PS PW 1 5"
7,"BLB, but PS PW 1 5 at MA and GXH. BL want MG 7 but at RS so PP PB soon"
8,"PW 1 5 7, BRB, BLE4, but tail, 6 BBLMC, GXH MGA, PS BB, PS MG 7, S2. H1, but GXH and MA just above, BRB, PS PW, PS SA, NS. strong rally, but weak FT, Y TCH, PP PB soon"
10,"BO GX H, MA, 4400 BRN, OOM MGA, but tail, PW, Y tight BR CH, PP PB soon"
11,"PW 5 7 at MA and GXH, BBRBC, BLE. strong BLT so PP MRV. might get 2LSD but TR, better to wait for breakout or 2nd signal. Low probability, bad for stop entries."">BBBR"
12,"H1 but DD, PP 2LSD after PW, PP SA"
13,"BBRBC, closed BDG 5, PS MMD"
14,"CCBBRBC, AIS, but TR more likely than new LOD"
15,"smaller BRB, PP bounce and TR soon, BRE4"
16,"HL MTR, TR likely, BRE4, but 4 BRB, 7 BBRMC, PP MRV, B2 or NWS"
18,"SBU 17 18, but TR, better to wait for breakout or 2nd signal. Low probability, bad for stop entries."">BBBR. BR want LH and TRI 1 10 16, but S2"
19,"BRD so DBTCBL 18. LH DT 10, but DD after SBU, S2. PS TR. BRTD unlikely today"
20,"BBRBC, MDT 18 19, LH DT 10, but SBU 17 18, PP MRV, NS. might go SW for several bars and then H1 with BLB"
21,"H1, AIL, but tail, TTR 18, NWS. L1 but BLB, AIL, PP BB, S2"
22,"OU, OOM MGA, AIL, but TTR 19, NS"
24,"SBD, but still in TTR and AIL, PS LOM. MDT 19, but LPS, S2. MDB 20 but BBRBC, top of TTR, B2"
26,"II, AIL, BLF, but DD, top of TTR, NS"
27,"BBLBC, PS BTC, BO above 4400 BRN and HOD, MGA OOM and LLW and 76 SX H"
28,"SBU 27 28, BTC, but in RSZ at OOM and just below LLW and 60ma."
29,"BRB so PB and H1 B, LLW and 60ma MGB, but PS SA, NS"
30,"MDT, PW 19 28, 4400 BRN MGB, but BLB, S2. BLE4. LLW and 60ma MGA"
31,"MW, PW, but BLB, PP MRV, BLE, BR NWS, S2"
32,"SBD, but PS BRTP and BT 4400 BRN and MA, S2"
36,"IOI, H2, just above MA, but NWS since MA and 4400 BRN MGB. B2"
39,"LH, MGB are MA and 4400 BRN, and 23 H BOP, but 3 BLB, still AIL, TR 29, PP MRV"
40,"H1, AIL, LLW MGA, but DD, top of TR 29, NS. if get new H, then PS W 10 31"
42,"DT, top of TR, W 35 39, TW 10 31 or 19 21, MGB, but PP MRV"
43,"SBD, migt test 24 HL"
45,"H2 35 at MA, but SBD 43, MGB, B2. L1, MDB, but BLB, bottom of TR 29, PP BB and more TR"
47,"L2, 24 L and TTR MGB, but doji, NS, MBO"
49,"H2 44, F BO DB 35 44, but DD, SBD, MGB COY, 24 TTR L, B2"
50,"MW 44 49, H2 44, HL DB 24, but SBD 48, MGB, TC 42, NWS, B2"
51,"L1, MGB, but 2 BLB, near bottom of TR 24, PP BB and below 50, NS"
52,"H1 but 4 DD just below MA, MGB, LOM, B2"
55,"CCBBRBC, might test 15 C, but middle of TR and PS W 44 50, PS BTC, NS"
56,"W 44 50, PL, BRE, but tail, room to 15 HL, 3 BBRB, NS. also, might wait for 11:30 before trying to REV"
57,"L1 but DD after BLB and W bottom, PS BB and around 15 L, NS, S2"
58,"H2, W, nit TC, just below MA, 16 L MGB, might not REVU until 11:30 AMPT, NS"
60,"OD after L2 59 at MA in BRCH, 16 HL MGB, but BBRB, and PS F BO W, NS"
61,"F BO W, LL DB 16, PL, but TR, better to wait for breakout or 2nd signal. Low probability, bad for stop entries."">BBBR"
62,"L1, BLE4, but 2 BLB, F BO, NS, PS BB"
64,"L2 at MA in BRCH, but DD, 4 BLB, PS BB, still on 61 B, S2"
65,"OU, BO MA, COH, but need FT for test OOM. 4400 BRN next MGA. BR want DT 60 and BLT"
66,"BLB so FT. 6 CC BLB, MGA OOM and HOD and 60MA, but near top of TRD, NS"
67,"BBLBC, 7 CC BLB, just below OOM, still BTC, but TR, better to wait for breakout or 2nd signal. Low probability, bad for stop entries."">BBBR, PS PB here"
