BAR NUMBER,DESCRIPTION
1,"1st day of August after 6 CC bull bars on monthly chart. August should have bear body, but might go above July H 1st. 6 day TTR on daily above July 14 high so bull flag, but also possible ET since July 7. BT HOY, but tails, PS TRO, HPW"
3,"II, BOM, F BO HOY, PH, but tail. H2 but 2 BRB far above MA,. weak B and S so PP more SW, TRO. ATH and GXH MGA. MGB are 60ma, MA, 4400 BRN, COY, GX L"
4,"OU, but still on 3 II S, stop above 1"
5,"OO so BOM. TTR so LP B and S, but OK swing, still should close G above HOY, but if reverses up again, PP will get swing up"
6,"BLB, H2 3, but tail, far above EMA, still on 3 S, room to MA, B2"
7,"BO TR, BRB, MGB, but tail so not strong STC"
8,"BLBC, H2 3, F BO below HOY, test 4400 BRN and MA, PL, BRE"
9,"BLBC, CCBLB, BTC, but still in TRO, BLE4"
10,"BTC, BLE4. BR want DT LH MTR 4. BL want BO OO 5 and HOD"
11,"OD, DT 4, DT LH MTR, but tail, only went 2t below 10 so still SPBL and still BTC, but ok to exit below or 1 - 2 pts below. SS2"
12,"MDT, BLE below 11. still BTC but BL need BO above 12 and HOD, else either more TRO or DT and swing down, PS ODD"
14,"COL, DT LH MTR, NS"
16,"HL at MA, BRE4, but DD, 5 BRB, B2. still on 14 S, but still TRO, BOM"
18,"BBRBC, still on 14 S, PS early STC, but need strong BO below MA. BL want HL 8"
19,"H2 16, HL PB 8, C neaer H and above MA, BRE, PL, but still TRO, wiht DT 1 12 and DB 8 19, BOM, NS"
20,"BLBC, good EB but need BO 17 H, else PS DTBF in SPBR"
21,"DTBF 17, BLE, but tail, S2. TRI 1 12 21, still BOM"
23,"OU, HL at MA, C above 22, but apex TRI 1 12 21, tail, ok to wait for CC BLB and BL 21"
24,"LH but big tail, still on 19 and 8 B, S2. BLE below 23 or 19 or 8. apex of TRI, ok to wait for BO UD"
26,"BBRBC, 1st C below MA, but PS BTC since TRO. S2"
27,"3 CC BRBC, PS TTRD, BR want ODD"
30,"BBRBC, SBD, might test LOY, PS ODD"
33,"MDB 31, BRE, but PP MRV, LOY MGB, NS, B2. IB so L1, LOY MGB, but BLB, MDB, PS BB, NS"
34,"II, BOM. L1, but DD, BBLB, MDB, NS, PS BB, and PP BB 32"
36,"MDB, COH, PL, but PP MRV"
37,"SBU, PP MRV and LTR in TTR, but BL hope it will grow into TRVU"
39,"L2 34 at MA, AIS, but SBU, NWS, PS BB"
41,"L1 near EMA, AIS, LOY MGB for ODD, but PS LTR in TTRD so PS HL, NS"
42,"HL MTR, but more likely LTR in TTRD. BL want MDRU. BR want ODD and more BRT."
47,"W 33 38 at MA, but DD, PP LTR in TTRD, PP MBO and more TR. BR want ODD"
53,"LL MTR, BRE4, but 7 BRB, PP MRV, PP SA and around MA. LOY MGB for PS ODD"
55,"H1 but BRB, just below MA, PP SA and at MA, B2"
57,"BO above MA, but more likely BLTR than LL MTR. PP still AIS, BLN1"
60,HL MTR but only 2 bars down so PP MRV and more LTR in TTRD
62,"C above MA, 3 CC BLB, but small, PP still AIS. apex of TR, BOM. BL want TRVU to 29 SX H, BR want TRSD to below LOY for ODD. most likely will stay SW or only get small BO UD"
64,"F BO TRI 46 53 58 60, but BRD, NS, B2"
65,"F BL BO Tri, but 3 DD at apex of TRI, still BOM, S2, B2"
67,"4 CC DD at apex of TRI. BOM, BR want ODD, BL want BL RV day, but PP will stay mostly in LTR"
