BAR NUMBER,DESCRIPTION
1,"TSC. LDW. OU but just below HOY and LLW and 60ma. BP want FT BG after Y DB with Aug 3 L. BR want TR for several days. top of Y TR at RS, B2"
2,"CCBLB but tails, not big, top of Y TR, not BTC, PS TRO. L2 81 but 6 BWBRB, S2"
4,"BO HOY, LLW, 60MA, PS MG from Y DB 16 61, MMT is just above OOW. this week is OD with BRB and BL want BLB. BBLB so BX, but 8 BWBRB, S2. BTC but tail and big bar so might get PB soon. BR want F BO and BX, but need at least MDT"
5,"H1 but DD, tail on 4, PS SA and then PB. F BO, L2 81 but 9 BWBRB, PP BB, S2. BLE4"
7,"BO, BBLB, 11 BWBRB, extreme streak so BX, P PW 2 4, but need BRB to S. still BTC, but extreme BX, BBPB. BLE4"
8,"PW 2 4, PH, BLE, but 12 BWBRB, PP MRV. might test 60MA and 7 BX L. S2"
9,BBRBC so PP BTC after streak of 12 BLB
10,"OO, AIL, SPBL, MMT just above. BL want BO OOW for BLB on weekly chart, but PB TR soon after BX"
11,"F BO OO, BLE4, but 2 BLB, SPBL, S2, PS BB. BX on open so increased chance of EBL"
13,"H1 but PS W 7 11, NS"
14,"W, BX, PH, but TTR, and strong rally so TR more likely than BRT. PP MRV. still SPBL, but BLE and can B again above BLBC"
16,"H1 but DD, PP SA for 2LSD from W, B2. BRE4"
17,"H1, but 2 DD after W top so PS SA, B2"
18,"L1 in PS SPBR, but TR more likely, PP BB around MA and 10 L, NS"
20,"WBLF 15 17, OB, BLBC, but not quite to MA, middle of TR, NS. PP more TR"
21,"BLB but small, middle of TR. BR want DTBF 18. not BTC. DT but 2 BLB, PS BB, S2"
23,"H1, AIL, but middle TR, PP MBO"
24,"OD but TTR just above MA, LOM"
