BAR NUMBER,DESCRIPTION
1,"YBX. Y TR for 50 bars and today opened in that TR. BOM. BR want MTR and TRVD and BL want TRSU. LH, BBRBC, but bottom of TR so PS BTC, S2"
2,"H1 in early SPBL 79, but tail, top of TR, LH 74, B2, so far, TRO, LOM"
3,"H1, CCBLB1C, but top of TR. should go above 73 and maybe 65 for DBR, PL, but top of TR, NS. PS SA, HPW"
4,"3 CC BLB, but top of TR, NS"
6,"OU but DD, top of TR, N@, HPW"
7,"OO, but TR, better to wait for breakout or 2nd signal. Low probability, bad for stop entries."">BBBR, tails, top of TR, LOM, NS"
8,"IOI after 7 OO, but BRD, TTR, tails, top of TR Y 24, LOM, NS, HPW"
9,"BLB, AIL 3, only 1 C below MA, on 8 B, but still in TR and Y TR, NS"
10,"BO, COH, but only slightly above HOY. OK BTC, but HPW to B 2nd CC BLB since PS F BO"
11,"H1, but BRB. PH, PW 1 7, but TC, NS. BLE. still BDG 7"
12,"II so MDT and PH for F BO HOY, but BRB. AIL. II late in BLT is PS FF. BLE or BLE4. still SPBL so PS BB, S2"
13,"MDB 11, ledge top so should get new HOD. still BDG 10 so PS MMU. 12 II is PS FF"
14,"ledge, IOI, AIL, but weak BLT, PS FF, NS. still on II S 12"
15,"6 bar ledge so unusual. BOM. II. still on 12 S but should get above ledge top today and PP within an hour. L2 12, PH, but NS"
17,"OO, FF 16 ledge, PH, but tail, still SPBL, NS"
18,"3 CC BRB, but C above MA and 7 C so still BDG and AIL, SPBL. still on 17 S.. BOM, OK to be short, but BRE4. BL want BLBC to B"
20,"H1, IOI, COH, AIL, still BDG 10, but TTR, 3 BRB, still on 17 S, NS, BRE, but still on17 S so can hold short with stop above 17. BOM, HPW"
21,"CC BLB, AIL, but middle of TTR, still on 17 S, PS LH, NS. BOM"
23,"LH MTR, still on 17 S, top of TR since Y 23, PH, but TTR 10, NS. still AIL and on 20 H1, but BLE4. BOM so P about same for BL and BR, but top of 2 day TR so RR better for BR"
24,"SBD, Closed BDG 7, C below 19, PS MMD"
25,"CCBBRBC below MA, AIS, SBD, but LBL might BTC and bet on TRD"
26,"LBLM Bg below 19 and BTC 24 25 so not strong BRT. L1 but BLB, PS BB, NS"
27,"H2, BRTP 25, PL, BRE, but DD, PS MMD below 19, AIS, B2,"
28,"L1, MDT, but 2 DD, TTR, NS, PS BB. still on 27 H2, but just below MA, AIS, DD, B2"
30,"L1 at MA, AIS, PS MMD below 19, GXL and LOD MGB, but CC BLB, 6 BBLMC, NS, PS BB. BL want SPBL and BO GXH."
33,"II just below MA, COL, L1, AIS, but PS MBO since TRD. LOD and GXL MGB"
37,"H2 25, W 19 25, OU, COH, but 4 BRB, just below MA, GXL MGB, 4 BRB, PS PS, NS, B2"
38,"L1, AIS, MGA, but BLD, still on 37 B, NS. AIS so should go LR, PP to GXL, unless get strong BO above MA. might get 3LD from 25 BR spike"
41,"L1 at MA, but 5 BBLMC, PS BB, S2. H1 but at MA and not above, B2 or NWS 37 L"
43,"BO above MA, COH, PS AIL, but need FT, else DT 30"
45,"II, BRB, DT 30, bad FT, BLE4. DT 30, but 8 BBLMC, S2"
47,"ledge bottom, TTR, middle of TRD, HPW"
48,"H1, ledge top MGA, but middle of TRD, LOM, B2"
50,"EMA and closing near their highs so probably will go higher and possible Buy The Close"">CCBLBCMA, but small, tail, TRD. should get BO GXH or GXL, and now GXH more likely"
51,"DT 24 SXH, FF 47 TTRm vyt 4 BWBRB, LPS, PS BB, GXH MGA, S2"
53,"OU, AIL, GXH MGA, PS MG 50, but top of TRD, NS, HPW"
56,"OO, top of TRD, but still AIL, GXH MGA,. BLE4"
59,"DT LHMTR 23, PH, but TC, PP MRV, PS BB since GXH MGA"
62,OOOO
63,"IB, AIL, GXH MGA, but TTR, top of TRD, PS FF, NS"
64,"BO, GXH MGA, but small bar, PS F BO above TTR, BPE4"
67,"F BO TTR 63, PH, but NS. SPBL, PS BB for MMU 50. 50-50 bet, BTW."
