BAR NUMBER,DESCRIPTION
1,"5 day rally to 4500 BRN so might stall and get 1 - 3 day PB soon. Most recent days have had a lot of TR PA, even though they were big bull bars on daily chart. BBLBC, W 62 70, PL, but just below MA, B2"
2,"big OD, PS T1BD, but need FT since might be BRTP after 1 BLTP"
3,"BLB so bad FT, but still might get 2LSD to LOY and 60ma after 2 SBD. H2 but tail, B2"
4,"L1, BRCH, below MA, LOY MGB, but CC BLB, LOM, S2"
5,"MDB 3 but BRD just below MA, LOM, B2. still on S below 2, but stop above 2. HPW"
6,"BO, C below 3, PS MG, MGB are LOY and 60ma, but need FT, else H3 1 3"
7,"H3 1 3, PL, BRE, but TC and MGB LOY and 60MA, NS"
9,"L1 in BRCH, just below MA, but BLB, H3 7, PS BB, S2"
11,"BO, PS MMD"
12,"SBDM, BO GXL and LOY and 60ma but big tail so BDUC, might go SW around 60ma"
13,"BR IB, L1, AIS. either BRT or TR after SBDM 12"
15,"MDB 12 but 6 BRB, AIS, PP SA"
16,"L1 but BLD, NS"
18,"L1 but BLB, PS W 12 17, NS, PS BB"
19,"tail, LBLM, PP TR soon, BRE. MGA 60ma, which is near 13 H at start of BRCH. TR more likely than big BRT and more likely than TRVU"
20,"18BODF, TR , likely, PL"
21,"CCBBLC, AIL, 2LSU likely, but TR more likely than BLT after SBDM 12"
23,"DT 13 at MA and 60MA, BLE, but PP CHU and PP BB and 2LSU, S2. MGB 19 BBSBH. should get 2LSU."
25,"HL MTR, CHB, but BRB just below 60ma and LOY, tails, PS SA, NS. TR more likely than BLT"
26,"BLBC, but just below 60ma and LOY and PS top of TR 13, NS, B2, PS SA for test 19 H of BBSB"
27,"MDT 23, but TTR 22, PS LOM, S2"
28,"H2, HL MTR but BRB,BBRB 27, PS SA, MG 19 H so might go LR before HL MTR. AIL, but NWS or B2. BRCH 23 27, but AIL, PP MRV, but might test 19 H"
31,"SBU, BO DT 13 23, still AIL, but BL need FT for MMU to HOD and PS HOY for OUD. BR might STC for F BO"
32,"H1, AIL, but BRB, PS F BO TR 13, PS SA, B2. F BO, PS top of TR, but 3 BLB, PS BB, S2"
34,"F BO DT 13 23, MDT, 19 H MGB, but 3 DD, PP MRV, NS, S2, PS BB for MMU to HOD and PS HOY. BLE4"
35,"MDB 33, AIL, but TTR, NS, NWS since small BSB. still PS F BO, but S2"
37,"H1 at MA, AIL, but DD, top of TTR 32, NS, HPW"
42,"H1, but tail, 4 BRB, 28 H BBSB and 38 HL MGB, B2"
43,"HL, II but at both MA, middle of TR 23, NS, PP MBO"
46,"OD, LH, 28 L MGB, but TTR 32, NS, PS BB 42"
47,"SBD, but bottom of TR 28, PS F BO and HL DB 28, NWS. BL want F BO and H2 42"
48,"H2 42, 42 L MGA since TR, but PS SA and 2LSD after 47 SBD, NS. MGB 28 L for PS DB"
51,"LH in BR CH 34, but 4 BLB, 46 SX H MGA, PP BB, S2. IB so H1, 46 SX H MGA, but at both MA, middle of TR, NS"
52,"SBD, but more likely PB from 51, S2. Tri 28"
53,"Tri 28 48, but DD after SBD, NS, B2. FT after 52, but HL, TRI, S2. TRI is BOM"
56,"EMA. Lower prices likely. Always In Short and Sell The Close bear trend."">CCBBRBCMA, BO 28 HL, STC, but OO MDB since TR 13. and PS BT for DB LL MTR 28"
57,"W 42 48, LL DB 28, bottom of TR, but BRD after CCBBRBCm B2, PS SA"
60,"L1 but 3 BLB, bottom of TR, PS BB, S2"
62,"BL want F BO HST 23 34 51 and LL DB MTR, and BR want PB from 56 BO HST. 5 BWBRB, but just below MA, so LP B, B2. BLB, 5 BLB, LP S, S2. TTR 57, BOM,"
64,"CC BRB, but BSSB 62, bottom of TR12, NS, PS BB. TTR 57, LOM. S2. BL need good BSB"
65,"H2 57, but 12 L MGB so NWS or exit below 64 and B if reverses up again afterwards. Still BRCH 34, but BLB, S2"
66,"OD, MGA 12 L and LOD, but NS since PS bottom of TR"
67,"CC BRB, but tail, bottom of TR, LP STC, S2. HL MTR, but 2 BRB, B2"
