BAR NUMBER,DESCRIPTION
1,"2 days left in August so might get 50 point pullback today and tomorrow to create tail on monthly bar. alternatively, today and tomorrow can stay near the high of the month and then September gaps up on Wednesday. No need for bulls to try to get big bull day today. Y BX. SGU. BRB but tail below so LRP S, S2, PS BB trying to keep G open."
2,"H1, PL, but tail, far above MA, SGU, B2. MDT 1 but BLB, PS BB and LOM, S2"
3,"BBRBm but tail, G still open. BOM, 4 BTTR. 1 is PS HOD, 3 is PS LOD. BB2, SS2"
4,"H1, G staying open, PL, but TTR, 4 BBRMC, tail NS, PS LOM, B2"
5,"CCBLB, but tail, C below 1, NS, HPWBL"
6,"3 CC BLBC, still BTC 5, but small bar. BLE4. HOY still MGB. L2 1 but 3 BLB, S2, PP BB"
7,"FF 4 TTR, but tail, 3 BLB, S2. BLE4"
8,"H1, but PS W 1 7, NS. L2 1, BLE4, but 6 BBLMC, S2"
9,"H1, SPBL, but PS W 1 7, NS, BRB, PS SA"
11,"CCBLBC, but BBLL. SBU so PP at least a little 2LSU likely. 2LT 8, but 3 BLBC, S2, PP BB"
12,"3 CC BLBC, SBU. H1, but BX, NWS. BLE4, S2"
13,"4 CCBLB, MMT on weekly chart from pandemic low is 4537, MGA.. also, MMU from 10 BO MGA"
14,"bigger bar so 2LU from 11, at MMT, but still BTC and weekly MM MGA"
16,"still BTC but tail so PS PB soon. BLE4, SS2"
18,"H1, 9 CC BLB, but BX, tails 16 17 18, PP PTG soon, NWS. BLE4, SS2"
19,"II, PS FF, PS SA, but 9 CC BLB, S2. II late in BX so PS top, BLE, but S2"
20,"BLB, just below 4537.00 MM on weekly chart, MGA. if gets there, PP PTG around there. BLE4"
22,"OD, SBD, within 2 ticks of weekly MM G, II FF 19, BX, PH, BLE, but 13 BBLMC, S2. PS BB 21 and BTC for scalp, but SBD, B2"
23,"BR FT, but PP MRD after 13 BBLMC, not STC, but PP SA for 2LSD"
24,"H1, AIL, MMTA, but 3 BRB, SBD 22, NS. PS SA and LOM. PP TR for next hour"
25,"BBLBC, still BTC, but NS, PP TR, PS STC for 2LSD after 22 SBD. TR likely"
26,"LH DT 22, but PB from 25, PP MRV, PS BB and PP below 24 and at MA, NS, PS LOM"
27,"H1, BL want SPBL, but TR more likely"
30,"LH, PS MTR, but 2 BLB, TR more likely, S2. PP BB around MA and 24 L"
34,"SBD, C below 24 and MA, PS MG, but need FT, still AIL, and PS 20GBB and H2 24, S2"
35,"CC BRB C beow MA, but not big BRB. PS AIS, but not yet STC, PS H2 24 and 20GBB, but need BLBC"
37,"H2 24, but 3 CC C below MA, NWS. might be AIS, but need bigger BRB. TR more likely than BRT"
38,"C above MA, TR likely, but BR want LH and BRCH. BLB, PP BB, S2"
43,"LH in BRCH, but TTR 38, just above MA, NS, HPWS2, still AIL and TR more likely"
45,"W 38 42, LH in BR CH 22, but TC, just above MA, AIL,MGA, BLB PP BB, S2"
47,"HL at MA in BLCH, but TTR 38, middle of TR 18, NWS, PS SA for small 2LD from 45 W, HPW"
50,"IOI above MA, BLB, AIL, MGA< but TTR 39 and in middle of TR 18, might test 36 L, NWS, HPW"
53,"LH DT 30, DT LH MTR, but 7 BWBRB, AIL, SPBL 36, MMTA, S2, MRV"
55,"H1, SPBL, MGA, but just below 30 LH and top of TR 18, BRB, NS, PP MRV, B2, PS SA"
58,"DT LH MTR 30, but DD, just above MA, middle of TTR, NS, S2"
59,"H1 at MA, no C below MA for 22 bars, AIL, but TTR, 2 BRD, PP MRV"
63,"EMA and closing near their lows so probably will go lower and possible Sell The Close"">CCBRBCMA, PS AIS, but bottom of TR 18, tail, PS BTC, S2. H2 59, DB, and a measured move up"">DBBF 49, but 3 BRB, PS SA, B2. Apex of TTR 18, more LOM"
64,"H2 59, H2 36, DB 36, AIL, MGA, COH, but TR, better to wait for breakout or 2nd signal. Low probability, bad for stop entries."">BBBR, middle of TR 18, so LP, NS"
66,"DTBF 61, but CCBLBC 65, AIL,more likely BB for PB from 65 than REVD from DT, S2"
67,"HH DT 61 but 4 BLB, AIL, PP BB, S2. near top of TR 18 tail, not strong BTC, even though weekly MMTA"
