BAR NUMBER,DESCRIPTION
1,"GD to 60ma and near 36 L at start of Y BL CH. Y was SCU so expect TR. Y also was OO on daily so increased chance today will be ID or at least mostly OL Y, so PP will not go far above HOY. LOY is far below so PP will not go below LOY. DD at 60ma, TR likely, PS TRO, B2"
2,"L1 but 2 DD at 60ma, PP BB and TRO, LOM, S2"
3,"H2 at 60ma, HL DB 35, PL, but 3 DD, CC BRB, NS. might get bounce to MA and 50P, but PP LH and TR"
4,"BLB but tail, 3 DD, PP MRVU to MA and OOM and 50P, NS, B2. MGB is GXL"
5,"OD, GXL MGA, but 5 BTTR, LOM, B2, S2"
6,"BLBC, 3rd attempt up from 60ma, PL, but NS since TTR, just below MA, and GXL MGB"
7,"CCBLBC, C above MA, MGA are COY and HOY, but not far above MA, and at OOM. AIL, but need FT, else LH MTR"
8,"CC C above MA, H1, MGA, but BRD, just above MA, NS, BLE4. W 2 5 at MA, but only BRD and after CCBLBC, S2"
9,"OD at MA, W, but tail, weak SSB 8, S2. BL want BB and SBL, but weak rally, still PP TRO, but might test GXH and COY"
10,"CCBRBC, CC C below MA, PS AIS, MGB 60MA, GXL, Y 36 L at bottom of CH, but TRO"
13,"BO LOD 60ma and GXL, but C at 1 L and not on L of bar, not strong STC. 6 CC BRB, PP MRV and SA 13. BL want F BO and LOD, B2"
16,"LH at MA, PS BR CH, BLE. MDT, PP 2LSD after 6 BRB so might test 13 C and 60ma and 1 L, might get new LOD in BR CH, but PP BB13 for W, and PS HL after big bounce to 14. NS, TR still likely"
17,"BBRB, but tail and at 13 C so DBR might buy back short, still on 16 S but at SP"
19,"HL but DD after 3 BRB, LRP so NS. BRE, PS HL MTR"
20,"BBLBC but at MA in PS BRC so PS STC, but PP AIL. BL need BO above MA since still BRCH"
21,"LH at MA in BRCH, COL, BLE. PS BTC since BL do not want S to trigger below 21. they wand 19 HL MTR to lead to BLT. BOM. BL need BO above MA, BR need BO below 21 SSB. TRI 7 16"
22,"BRB, TRI S signal, BRCH, but apex of TRI, NS"
23,"SBD, BO below 60ma, but PP BB around 13 L, if below, then PS W 1 13. BR want BO below 13 and MMD and continued BRCH. lots of TR PA so REVU soon is more likely than BRT"
24,"TW 1 13, but 4 BRB, B2. BRE4, PS SA for BO below LOD"
25,"HL MTR, H2 19, OU, COH, PL, BRE, but just below MA, 4 CC BRB, LP, NS. BR willl STC hoping to prevent BO above 25"
26,"BO, new LOD, OO. BR want MMD to below 50P from Y rally and BL want W 1 13. AIS, BRCH, but so far, weak BRT"
27,"W 1 13, 50P from Y, PL, BRE, but CC BRB, TC 21, PP MRV, B2"
28,"L1 in BRCH, but BLB, weak BRT, PS BB, S2"
29,"OU, W, but DD, just below MA, LOM, B2"
30,BBLBC at MA in BRCH so BL take profits and BR STC. but W at 50P 27 so HRP that this is start of swing up. BL need BO above MA to end BRCH
31,"H1, BLB, PS AIL, but NS. L2 28 at MA in BRCH but BLB, S2. BL need BO above MA"
32,"BO above MA, but still LH and BRCH, BL need FT. BLE4, S2"
33,"FT after BO above MA, should test 20 LH. 6 CC BLB and CC C above MA so PP 2LSU and BB. OOD might be MGN all day if stays TRD"
34,"LH at MA in BRCH, but 6 CC BLB after W bottom, PP MRV and BB. BLE4. L2 but PP BB, S2"
35,"SBD but PP MRV and LH after 6 BLB and W 27, S2"
36,"HL MTR after W bottom but DD and 2 BRB, NWS. IB so L1 in BRCH, but DD, and PP BB and 2LSU after W bottom, NS, S2. PP will remain TRD and OOD might be MGN at EOD"
39,"LL DB, HL MTR, 50P, but BRB, NS"
43,"BO above OOD, still on HL MTR B, MGN HOD and HOY. SBU"
45,"BX at OOD, L2 34, but PP MRV. still TRD. S2"
47,"L2, W 34 44, BLE4, but PP MRV and BB around MA"
48,"BRBC, but PP MRV to MA. should fall below 34 H since TRD and expect PB below SP"
51,"ii. L1, but at MA, PP MRV, but might test 39 HL. LP S, PP will OSC around OOD for rest of day. BL want HL and more BL CH, MGA are HOD and HOD, bu PP will not get above HOY"
52,"OU at MA, F II, but 4 BRB, TRD, LPB, NS, migth test OOD and 39 L"
54,"LH, PS TRI 7 47, but PP MRV, PS TTR 46, S2. BL want new HOD, but BLE4"
55,"II, AIL, MGB but TTR 45, LRP, PS SA, NS"
59,"W 34 47 but BLB, S2. BLE4. Still BLT, but not clear top"
60,"H1, HOD and HOY MGA, but 3LU, top of TTR 45, LP, NS, PS SA 57, PP SA HOD, PP will remain ID"
63,"NW 53 57 and 34 47, OOD and 60ma MGN, but big tail, LRP NS"
64,"SBD, MGB 4400 and 60ma and 39 L. PP will tremain TRD"
67,"LL DB 52, HL MTR, but 4 BRB, PP SA for 2LSD from W, BRE, B2 or NWS"
