BAR NUMBER,DESCRIPTION
1,"LDW. SGU. BBLBC, PS T1BU, but need FT. TR, better to wait for breakout or 2nd signal. Low probability, bad for stop entries."">BBBR. if FT, then CC BLB and T1BU, and gap will PP not close. BR want BLT and BRB for FT 2"
2,"BRB but tails. H1 but BRB and PS 3LU for PW 78 1, NS. F BO HOY but tail, S2"
3,"II, BOM. HOY MGB, but BLB and strong BLT so LP, but great RR so OK S, NS. H1 but PS SA for PW 78 1 so NS."
4,"BRB, PH. tail,. should close G above HOY. but 12 bar strong rally so PP MRV, even if HOD. BR need strong FT 5 for T1BD"
6,"L1 but tail, at MA, 50P, PP TRO, PP BB, S2. H2 but 3 BRB, 6 BBRMC, MRV, PP SA around 3 L since BSSB. PP TRO"
7,"OU, LLDB 1. MDB at MA, W 1 6, PL, but 6 BBRMC, PP MRV and TRO"
9,"COL but AIL, just above MA, SBU 7, BL FT 8, PP BB, PS SPBL and DB 1 7 at MA. still TRO, B2, S2"
10,"H1, AIL, PS SPBL, but tail, NS, B2"
12,"LH MTR, L2 COL, PH, but 4 BLB 7, PS SPBL, NS, PS BB, S2"
13,"C above 12 so BO, but small bar and tail, need FT. BLE4, testing 3 L."
14,"LH MTR, W 8 11, COL, PH, but PP MRV, still PS SPBL, NS. BLE"
15,"BR EB, still on 14 S but need more and bigger BRB, else still TRO and PS SPBL"
16,"SBD, but BR need FT. BL want HL DB 7 and BRTP."
17,"HL DB, C at MA, still AIL, PL, but SBD 16, NS. still on 14 S, but BRE"
18,"OU, DB 7 aat MA, MDB 16, BRE, PL, AIL, but NS, need strong REVU, else BL will exit quickly and BR will S again"
19,"L1 but DD and still on 18 DB B, S2. BLE below 18"
20,"DB 7 2EB, but NS since PS PB from 16 for BO below 7 and then MMD to OOW and 60ma"
21,"L2 19 but tail, AIL, and still on DB B 18 and 20, NS, HPW for BO below 7 18 DB, PS BB"
22,"TRI 18 20, DB 7, AIL, but DD, NS"
24,"H1 but BRD, NS. BLT, FBO 23, but DD, S2. BLE4 or below 18 DB. TRI 1 13, BOM, but AIL"
27,"DBPB but DD and 3 BRB, on 25 S, B2. BLE4. still AIL but on 25 TRI S, TRI 1 13 23"
28,"DBPB, AIL, but apex TRI, BOM, tail, B2. 25 BRE above BLB"
31,"BL FT, but still PS DT 13, W 19 23, BLE4, PS swing up. still in TRD but SBU 30 and BLFT"
32,"W and DT, COL, BLE, ok swing S, but still likely 2LSU after SBU 30"
34,"H1, COH, AIL, but top of TR, NS"
36,"DT 32, LH DT 13, PH, but BRD, NS, S2. BLE4"
38,"W 23 30 37, HH DT 13, IOI, COL, PH, but TTR, holding above MA, still in SPBL, NS, PS BB"
39,"H1 at MA, AIL, but CC BRB, TTR 31, B2. BRE above 37 or BLB"
40,"H1, BLB, but TTR"
43,"BO 13, CCBLBC, BTC, but top of BLCH 19, PS DT 1, BLE4"
44,"LH DT 1, W 23 30, PH, but 4 BLB, PS BB, S2 or NS"
45,"H1, but top of BRCH and at HOD so PS DT, NS, OK to wait to B PB to MA"
46,"LH DT 1, L2, top of CH, MA MGB, but DD, NS. BLE4"
47,"SBD, but still AIL"
48,"H1 at MA in BLCH, but W top and SBD, PP SA for 2LSD, B2"
49,"H1, BLB, BLCH, but PP MRVU after W and LH DT 1, and then TR. PST to 11:30 often enters tight trading range and becomes Limit Order Market so failed breakouts are common"">MTD"
50,"LH, 2LSD likely, but at MA. TR more likely than BRT so PS BB at MA and PP at 34 L, MRV, PS LOM and tight TR"
52,"L1 but BLD, TTR, PS LOM and BB, S2. MGN below are OOD and 27 apex of Tri, which is near OOD"
54,"W 48 51 BLF at EMA, but TTR 48, OOD and apex of TRI MGN, NS"
58,"DB 51 at MA, but TTR and ledge bottom, NS"
61,"3 CC BRB, TCH, OOD MGB, but tails, not strong enough to S near L. still on S below 46 and 50, becoming AIS but need BRBC"
63,"BO, C below 62, OOD MGB, but weak BRT. BL want DB 39 but 5 CC BRB, should go LR"
64,"CC BBLBC, AIS, OOD MGB, but bad FT after every BO UD today so PS BTC. even if bounces 1 - 2 bars, still should reach OOD since TRD. BR want big BRT so that there would be good SSB on dail chart for FF top, but more likely will remain TRD and PP will C around OOD."
66,"COL, LOD MGB, but might get PTG at OOD"
67,"CCBBRBC, but OOD MG so PP bounce soon. BRE4"
