BAR NUMBER,DESCRIPTION
1,"Y was TRI so MGN if BOUD. BBRBC, OD< F BO above TRI, PH, but TR, better to wait for breakout or 2nd signal. Low probability, bad for stop entries."">BBBR, 60ma SP not far below, NS"
2,"CCBRBC, STC, SBDM, but at 60ma so LP, and TR, better to wait for breakout or 2nd signal. Low probability, bad for stop entries."">BBBR, NS, S2"
3,"F BO Tri, SV test 60ma, PL, but BBR, after SBD so LP, B2. BDUC, HPW"
4,"BBLB but tail at MA, not BTC. still on S below 1 but BDUC, most should wait. L1 but CCBBLB, PS BB, S2"
6,"H2, but DD and just below MA, LP, B2. On L1 S 4, but 2 BBLB, S2. HPW"
7,"L1 but TRO, PP BB, NS. H1 but BRB just below MA, TRO, PP SA. LOM"
9,"5 CCBRB, test 2 C and 60ma. BR want BO ,and BL want DB and LOD"
10,"HL DB at 60ma, BRE, PL, but tail, 5 BRB, LP so NS. ok to wait for BO above MA. still AIS"
11,"CCBRB, COH, but small bar and just below MA< still PS SPBR. BL need BO above MA"
13,"L1, DTBF 8, but DD, CC BLB, TRO, NS, S2. BLE4"
14,"OU, BO DT 1 3, BO MA, still on 10 DB B, but not big BO, C below 13 H and MA, still AIS"
15,"Y was small day and today reversed up from below LOY so PS OUD. C above MA and 14 H, but tail, small body, not yet BLT, PS still AIS. BR want DT 4."
17,"F BO 4, HH DT, PW 12 15, BLE, still TRO, but DD, TC, LOM, S2"
18,"EB for DT, PP still AIS, but tail, DT and DB, middle of TRO, S2"
19,"L1, COL, below MA, DT, AIS, PH, ok swing but middle of TRO, just above 60ma, LP, NS, S2"
20,"OU but tail, C below MA, still on 19 L1S, BRE4."
22,"BO, C above MA and 21 but still TRO, and BL need BBLBC and EMA and closing near their highs so probably will go higher and possible Buy The Close"">CCBLBCMA. BR want F BO, BRB, L2 19"
24,"II, Apex of TRO, COL and above MA, PL, but TTR, NS. DT PB, but BLBC above MA so S2"
25,"BLB, but DD. still on 24 II B, but BR want F BO and WBRF 20 22. BL want OUD, which would be new ATH"
26,"WBRF, LH, but DD, 7 BBRMC, S2, BLE4. still in TRO, but PS AIL after 24 25 EMA, but bulls need big bull bars closing near their highs to significantly increase the chance of much higher prices."">CCAMA"
31,"W 4 17, SBD, but 10 BBLMC, PP MRV, BLE. still AIL, S2"
32,"W, IOI, but TCL, HOY MGA, BLB, S2. BLE below BRB 31 or below 18"
33,"II, but TC, S2. H1 but W, NS"
34,"BRD, but PP MRVD to MA and 50P, NS"
35,"SBD, but C above MA, PP MRV"
36,"PB to EMA, F BO II, 50P, AIL, but 3 BRB, 7 BBRMC, PS SA and more SD, B2. still AIL so most BR who sold below MA will be DBR and will scalp out"
38,"H2 36 above MA, COH, AIL, but TC 36, W 31, PP MBO, PS TTR, NWS, B2, S2"
45,"COH, above MA, but PS BRF after 31 SBD. TTR, LOM, BTW"
46,"OO, but TTR, NS, HPW"
47,"F BO II and EMA, AIL, but TTR, LOM, NS, B2"
50,"OU, DB 36, most bars in TTR are above MA, C above MA, but TTR, LOM, B2, S2"
55,"Trending closes since 49 so BGP, increase chance of HR, but many DD, NS, B2"
60,"BO, BR giving up after trending closes"
61,"CCBBLBC, PS EG, but still trending closes, TCH, S2, still BTC, but near HOD and HOY so PS PB soon"
62,"BRB, BLE or BLE4. BX, DT 1, PS PTG"
63,"SBD, but PP MRV. SBD after BX so PP 2LSD, B2"
64,"L1 but BLB just above MA, PP BB and at MA and 50P, LPS, S2. H2 but SBD 63, BX, B2. PS BB and SA so PS TTR"
66,"III after BX, but just above MA, PP BB. BX so PP 2LSD and PP SA. NS"
67,"BO below III, but tail, just above MA, NS. H1 but 3 BRB, PP SA"
