BAR NUMBER,DESCRIPTION
1,"W 71 78 HH MTR, F BO HOY, PH, but doji, TC, AIL, SS2"
3,"H1 ORV up from HOY, PL, AIL, but TTR, top of TR"
6,"cc good BLB, BO, AIL, BTC, but PW 78 1, only B if WSS"
7,"f BO HOYI 23s but doji, 2 strong BLB, SS2, BTC, BB"
9,"F BO HOY 2es, 2es, bear ioi, 17t 3, top of 4 day CH, PW 78 1, PH, but TR so MRV"
11,"doji so not 3rd cc BRB, but prob AIS since reversal down from top of 4 day TR. TC up from 76 so BDUC. Should bounce soon, and bears will need LH MTR. BL need DB, and a measured move up"">DBBF"
13,"BLB COH, but middle of likely TR, BB2"
17,"LH MR but nebm. Still AIS, ok swing S for HOD 9. Odds favor new LOD"
21,"H2 12m but 3 BRB, MRV. BL need 2t BO above 18, else more TR likely"
22,"CC strong BLB, should test 18 SX H. BOM"
26,"DT LH MTR but 6 BWBR, LPS"
28,"H1, AIL, but DT 16, BB2"
31,"BP B, AIL, but top of TRD"
34,"LH MTR, BRB, but TC, AIL, BB"
35,"BP B, AIL, odds favor new H, but weak rally so far"
40,"HH MTR, SCT from 21 22 BO, but SPBL, MRV, SS2"
41,"BP B, AIL, SPBL, LBR not making money, prob at least a little Hr, but BLTR"
45,"F BO TC 24 to 40, EG 44, but MRV"
53,BP B but SA for 2LSD to 51 L or 30 L
58,"LH, but MRV, TTR, LOM. Should test 51 L and maybe 30 L before EOD since TR since then"
65,"DB 41 51 HL, but TTRNS, MGB 30 L and 20 L. AIL, but unlikely to go far UD since late in small day"
73,"H2 51, FBO 70, but NHPS, wft"
