BAR NUMBER,DESCRIPTION
1,"BRB after Y BTC, f BO HOY, PH, but 10 BBLMC, BB, TRO"
2,"H1 but doji after strong BRB, SA, TTR"
3,MDT but BLB
5,"H2, AIL, ATH mga, but BRB"
7,"FF h2, f BO HOY, good S SB, PH, but strong 6, ATH MGA, ok to wait to S"
8,"BP B, ATH MGA, AIL, but tail, BRB 7, weak rally so far"
11,"W 3 7, weak rally, PH, but BLB, TC, ATH MGA, LPS"
13,"H1, ATH MGA, but weak rally, poss DT with last week’s ATH, weak B"
15,"BP B, AIL, TC, MGA, but BRB, poss LBR SA"
18,"F BO ATH, F BO above TC, BRB, PH, but TC, MRV, 1t BRB, SPBL, BB, SS2"
20,"BP B, AIL, SPBL, but weak rally and can enter TR at any time"
22,"F BO ATH, MDT, but 2 BLB, BB"
25,MDT 26 but TTR more likely than BR. Prob LOM. Wait to B closer to MA
27,"BP B, ok B 2LU likely, but prob FF and TR soon"
34,"FF 31 TTR, but BSLO. Should go SD to near MA soon"
36,"F BR BO, 20GB, AIL, but BUDC, fell below 23 H BOP by 2t, LPB"
38,"BP S, 2LD likely after 36 Give Up bar, but might go SW for 5 – 10 bars 1st"
39,BP B but give up bar more likely than f BO and BL TRES
44,"Tri 37 41, ok swing B, but still might get 2LD 36"
47,"LH MTR, ok swing S, but TTRNS"
50,"DB 44 but top of TTR, LPB"
55,"DB 36, AIL, but room to bottom of 5 day ch, ATH just below so MGB and might go SD to TGTB"
61,"DT LH MTR but 7 BBLMF, BB. Might get deep PB to bottom of CH since TR"
64,"50% PB from BO above DT, AIL, poss bull TRES, but 3 BRB, middle of TR, might get 2nd leg down to bottom of 5 day BL CH"
66,"DT LH MTR 45, Tri 45 61, AIL, doji, LPS"
69,"DB HL 68, but 3 BRB, 5 day bull TL just below, NPS"
72,"BP S but bottom half of TR, unlikely to fall all of the way to the OOD"
