BAR NUMBER,DESCRIPTION
1,"big BLB, BO of Y BR CH, AIL, but top of Y TR. FOMC 11 am"
2,"BLB FT, AIL, BB, but top of TR"
3,"f BO HOY, good BRB, but 2 strong BLB, AIL, so BB, SS2"
4,"BP B but doji after big BRB, weak H1"
6,"f BO HOY 2es, ok swing S for HOD, but many reversals so prob SW 1st. might stay in Y TR until FOMC"
11,"Tri 4 8, AIL, BOM, PH 4 and PL 1, Ok swing B or S, but HPW"
15,"F BO 6, ph, but doji, 3 BLB, SS2"
18,"ii in BL CH, ok B but TTR, BBLO below 18"
21,"DT but doji, AIL, weak BL CH, BB"
25,"ledge (tri) top, f BO HOY, ii, but TTRNS, doji S SB, LOM"
30,"F BO ledge top, HH MTR with HOY being prior H in 5 day BLT, PH, but TTRNS"
31,"big BRB COL, GUBR, AIS, 2LSD"
32,"F BO HOD and 18 bar range, but doji, SA"
34,"F BO 2eb, DB 1, PL, 18t below 30, but MRV, LBL 28 scaling in, but SA around MA, 28 L, 50% PB"
37,"DTBF 33, AIs, but MGA MA, 28 L, HOY, 50% PB"
39,"PW 27 34, ok B SB, f BO LOD, but TC, COY MGB, AIS, LP B"
41,"BP S, COY MGB, AIS, but 2 good BLB, TR likely"
50,"F BO W 34 39 46, test COY, but report 11 am, btw"
55,"big BLB on FOMC report, but 50% chance of reversal, btw"
60,"Tri 56 57 59, AIL, BOM, NPS"
63,"BP B, AIL, bull ii, but top of TRD"
65,"DT LH but TC, AIL, LPS"
70,"DB 59 but cc big BRB, OOD MGB, LPB"
71,"BP S, should test OOD. BR want BRB on daily for S SB"
