BAR NUMBER,DESCRIPTION
1,"bull doji in middle of Y TR, poss LOM"
3,"BP S should test below LOY since Y is S SB on daily. But, 5 BLB on daily so prob BB. Poss OU day today. Prob TRD"
4,"MBD, test of LOY, but prob SA for BO below LOY, or more of a test down"
8,"BP B, PL, AIL form 5 6 cc BLB, but middle of TRD, LOM, BOM, LOY MGB, HPW"
10,"DT 2, but doji, LOM, AIL, BB"
13,"another B SB above MA, AIL, but top of TTR, LOY MGB, BOM, HPW"
16,"Tri 2 9 12, but 2 dojis, AIL, LPS, BOM, HPW"
17,"Big OD at bar 18, prob AIS for test below LOD and LOY, ok S"
19,"FT, STC, but prob BB not far below LOY since 60m 20GB B"
23,"still STC but 7 BRB, bottom of W ch, just above MMT, should bounce soon, SS3"
24,"W 50 78, f BO LOY and 60ma, PL, but 6 cc BRB so MRV likely"
30,"BP S, 50% PB to MA, but 8 BBLMC strong RV, LBLM 5 L, AIL, BB. TTRD likely"
39,"HL but TC, LP B"
42,"BO, CC BRB, but dojis. BRCH instead of TTRD"
47,"W 77 23, EG 45, but TC, MRV, BBLO"
48,"BP S but bottom of CH, BB and below LOD"
51,"W, DB 46, ok swing B, but prob MRV. Should get back above 23 L since weak BO and now EG 45"
52,"L2 48 but BLB, BB LOD"
55,"W 23 46 but doji, TC, CC big BRB"
58,"MDT, AIS, but BLB"
62,"L1 but huge SX, SS2, PL"
63,"huge SX 59 60, PL, bull ib, AIBRE, ok swing B for test 59 SX H"
67,"L2 62 at MA, but 3 good BLB, LPS, poss AIL with BB for test above 59 SX H"
69,"L2 at MA, ok swing S, but prob TR, poss BB. Ok to exit longs since might test 64 L"
71,"HL MTR but small, ok swing B for test 59 SX H"
