BAR NUMBER,DESCRIPTION
1,"Big GU but doji. HOY is ledge so MGA. 60ma, ma, and 75 H is SP for ORV up"
3,"H1 but bear doji, 3 dojis, SA for test down to SP"
5,"f BO 60ma and Y BR CH 2es, but AIL, TTR, HPW"
6,"MDB but BRB, far above MA, TTR, HPW"
10,"big bull BO, poss 2LT"
11,"2LT, bear IB COL, DT ATL, F BO HOY, PH. Still AIL, but might test BOP at HOY and enter TR. BR TR less likely"
18,"MDB test HOY, 50% PB, COB, AIL, should test 10 C since reasonable BTC"
22,"4 cc BLB, AIL, BTC"
26,"f BO, W 1 10, PH, but 2t tail, AIL, SS2"
28,"H1 but LBRM, SA 25. Poss more SW. AIL, odds favor 3rd LU with 10 and 25, but might need H2 around MA"
33,"LH, but MRV, BB. Odds favor 3rd LU, but might get DB 28 near MA 1st"
41,"W 10 25 2es, top of TTR, PH, but AIL, LPS, BB around MA. If BR going to get RD, they need strong RV soon since if starts much after 10 am, odds are against big RV"
46,"20GB B, W 38 42, MMTA. TTR, but odds favor up. Might be SA 1 – 2 pts above 41 and at MMT, but easier to make money Bg PBs"
47,"20GB B, COH, AIBL B again"
56,"F BO but 10 BBLMC, BB"
60,"MDT 55, COL, AIBLE below"
61,"BP B, but TTR, far above MA. Prob will get bigger PB before eod, like 3 – 4 pts, but still better to B PB than S rallies since SPBL. Ok to wait for 3 pt PB before Bg again"
62,"MDT 59, should get 3 pt PB before EOD, but TBLCH, MRV, better to B PB around MA"
66,"H2 at MA, SPBL, ok B but only 11t PB and prob will have 12 – 16t PB before EOD"
70,"F BO but 3 BLB, strong SPBL, NPS"
