BAR NUMBER,DESCRIPTION
1,"Big GU, C above MP, PL, ok B, but tail, small body, poss early TR"
3,"F BO HOY, PH, but cc BLB, big GU, tail, AIL, LPS. Might go SD to near MA and L of 1 for poss DB"
6,"H1, AIL, but 3 BRB, early TTR, LP B, still might test L of 1 and MA"
10,"f BO HOY 2es, PH, but TTR, AIL, BB around 6 L, 1 L, and MA, btw"
15,"H2 but 5 BRB, too far above MA, btw"
20,"H2, BLB, but still too far above MA, btw"
23,"20GB B, ok swing B, AIL, but almost 50% chance of BR BO below BLF"
25,"another BLB, AIL, ok B for TRES up, but TTR, HPW. BL need 3 – 4 small BLB, or 2 big BLB for TRES up for swing"
33,"LH MTR, but 10 BBLMC so MRV, not MTR. More TR likely so poss deep PB"
37,"H2 BLF just above MA, TGTA MMU from Y range, 17t above 23 B SB, and 2700 BRN. But, 3 dojis, poss top of TR, stop below 22, unlikely to get big rally since small day for 3 hours"
44,"WBLF 37 41, AIL, but TC, middle of small day, need stop below 22, btw"
47,"another WBLF B, but TC, HPW. Still endless PB and early BRT, but BR need strong BO below 22 L NL of DT, and unlikely at 10 am in Small Day"
58,"WBLF, HL, BZ since bottom of TR, but TC and small day, LP B with stop orders"
68,"LH but AIL, middle of TTR, LP S. BR want C below O to create BR RD"
