BAR NUMBER,DESCRIPTION
1,"BRB in Y TR, PH, SS2"
2,"cc BRB, AIS, but tails, prob BB LOY, but poss MMD to Fri H and 60ma."
3,"big BRB, STC, but poss BB LOY"
5,"f BO LOY, PL, but tail, BB2, SA around MA and 50% PB"
6,"tail at C of 4, DBR, but AIS"
8,"L1 but 4 bars with big tails, prob BB and LOD. Deciding between MMD to Friday’s high and reversal up above HOY for OU day"
12,"f BO LOY 2eb, PL, 9t, but doji, AIS, 4 BRB, BB2"
17,"F BO LOY, W, PL, poss OU day, but 1t BLB, TC, MRV"
20,"BO S, COL, ok S but prob scalp and TR soon"
21,"DB with W 5 10, PL, but big bar just below MA, TCH, LPB"
24,"BP S at MA, but prob BB and more TR. Ok swing S, AIS"
32,"W 4 14, PL, but TC, just above MMT, 60ma, and Fri H, LPB"
36,"CCB with 17 W, now H2 32, PL, but 2t above MMD from Y range, 60ma just below, LPB, might get 1 more small leg down to SP"
40,"CCB, SC BR, prob RV soon, TGA is 26 H top of SX, but doji, just above SP. Missed MMT by 2t so not adequate test. Might get it later in day after 10 – 20 bars SU"
42,"not BRB, so FT after 41 RV, AIL for 2LSU to 26 H. BB"
44,"MG, LH in BRCH, COL, but AIL, BB for 2LSU. Might get deep PB and TR, LBR 34 H should make money"
45,"H2, AIL, but cc BRB, poss SA for 2LD to HL MTR"
47,"MDT, but AIL, BB"
50,"DT 44, 5 BRB COL, ok swing S but AIL, BB. TRSV. Might get deep PB and TR before 2LU"
58,"HL MTR, AIL, but 8 BRB so MRV"
60,"F BO, poss BL trap, but big enough 59 so prob BB. Might test MMD from Y range and 60ma"
62,"cc BRB, might test MMT, but prob BB at 60ma and MMT"
66,"BP S but BL doji at 60ma. BB, but might C G above Fri H. might reverse up from there"
68,"test Fri H, G stayed open, PW 62 65, 2 day WBF, but BRB, MRV"
72,"BP B but bear doji, 50% PB, weak rally, LPB"
