BAR NUMBER,DESCRIPTION
1,"big GU but BRB, PH"
2,"huge BRB, should test LOY"
6,"DB LOY, test of G above Fri H, ORV up from SP, COH, but big bar so big risk so prob SW"
9,"L2, AIS, ok swing S"
12,"HL, COH, but small bar after 2 big BRB, AIS, SA, should C G above Fri H"
16,"f BO LOY, 2LT 5, ET 35 68, PL"
18,"BP S but 3 BLB, BB"
21,"L2 18, F BO 19, 60ma, TR likely from LOD to 9 H, but AIL. Might get deep PB to 19 L or LOD"
23,"HL, BT 18 H, AIL, ok B but might get 2LD since TR likely"
28,"ioi, L2 20, 60ma, ok scalp S but AIL. Should test 23 L or 19 L at some point today since TRD likely"
33,"Tri 23 30, AIL, but iii TTR in middle od 2 hour TR, LPB"
36,"mdt 34, DT 27, LH in BR CH, but prob TRD, should test 23 L or 19 L. TTR in TRD, LP S, BB 32 and 19"
39,"F BO 32, HL MTR but only 3 bars down so might be MRV. Ok swing B since 2LD from 27"
41,"DT PB, but AIL so more likely PB from BO from 39 HL MTR, BB"
42,"BP B, room to 9 H, AIL, ok B"
49,"F BO 36, big L2 27, DT 9, SCT 40 45, AIL, but TC, MRV. Should test ma and 36 H"
57,"H2 54, HL, but 8 BBR, BB2"
62,"BP S, TC, but small bars, TRD, near LOY and bottom of 2 day TR. Bears want COD below Fri H"
65,"BP S, BRB, but TRD so often falls below one HL 38 and not other 19. BB"
69,"HL but TC down, at magnet of LOY and Fri H, prob LOM for rest of day"
