BAR NUMBER,DESCRIPTION
1,"big GU BR doji, should test down to MA"
3,"ORV but AIS, doji, room to MA, SA. Odds favor ORV U from around MA, but need better B. prob TRO for 1 – 2 hours. Prob SU day"
6,"ORV at MA, H2, PL, but tail, big BRB, prob TRO. Still might test COY"
11,"BO above ledge, DT. AIL but weak rally, prob weak swing up or just TR. 60% chance 6 will remain LOD"
15,"2LT but BLB, BB. Might dip below 13 BX L and form TR. 70% chance 6 will be LOD. BTC, odds favor test of HOY, but MDT so prob PB 1st."
20,"H2, AIL, poss W rally to HOY, ok B, but prob DBL at 15 C, then more SW"
24,FT after BO but SA HOD for poss W top
27,"BP B but BRB, W, SA"
28,"W 1 14, MDT, but BLB, TC, MRV for test MA or 20 L"
32,"3 cc BRB, SA, TR"
35,"MDB, AIL, ok B but SA, TR, maybe 2LD to 20 L"
41,"f BO below TTR Tri, should test HOY, ok B"
58,"endless PB, 10 BBRMC, SA. BR want BO below 41 MHL and test OOD. BL want test 54 MNLH. Still slightly AIL until BR BO below 41"
65,"HL 41, good BLB, but TC, MRV"
69,DT but BLB. Might C near OOD for DD
71,"F BO 41 MJHL, prob TTR for rest of day"
