BAR NUMBER,DESCRIPTION
1,Y was 3rd BRB and 2es SB on daily chart for W top. Should test below today and form early LOD since bottom of 5 day TTR
3,"DB LOY, PL, but TC"
4,"BP S but 3t tail, BB"
5,"MDB, DB LOY, COH, PL, ok swing B, but still in BOM"
8,"DTBF ORV down from MA, PH, but doji, prob more TR"
10,"DB test LOY, PL, but tail, big BRB, odds still favor test below LOY"
14,"DB PB, PL, but only 1t BLB, LPB"
18,"L2 below MA, good S SB, Ok S but ch so BB Lod"
22,"f BO LOY, FF 8 L2, ok B for LOD, but HPW"
24,"L2, AIS, but BB LOD since BR CH"
26,"L1, BRB, but near bottom of CH, LPS"
27,"HL but doji, BTW"
29,"L2, AIS, but BLB, 4 strong reversals up in BR CH, poss BB 29 instead of waiting for new LOD. Ok B"
31,"DB 27 HL, PL, ok B but prob small TRD. Might BO above ledge HOD, but prob not big day UD"
36,"LH in BR CH, but ALI, BB"
41,"HL, AIL, PB from BO above Tri, but small bars, TTR, BTW. Holiday, might not be worth trading for rest of day"
51,"H1 just below 60ma, take profits above. LBL might S above 52, which is 1 pt above 36 and at 60ma."
55,"MDT at 60ma, L2 36, but SPBL, MRV"
56,"BP B at MA, AIL, but 2 BRB, BB2. Might get above ledge at HOD"
61,"F BO 54 and 60ma 2es, but 3 BLB, OOD MGA, BB"
65,"W 54 59 at OOD, but doji, TC, prob TTR for rest of day"
