BAR NUMBER,DESCRIPTION
1,"HL MTR, but big BL doji in middle of Y TTR, LOM"
3,"LH but doji, 2 BLB so AIL, TTR, LOM, BB"
5,"HL MTR, DB 1 but doji, TTR, LOM, LPB"
9,"DT 2, C below MA, COL, PH, but apex of Tri, BOM, HPW. Poss BB and then OU"
11,"W, but poss BB and BA for F W top and MMU. BOM"
15,"DT 2, ph, but TC, LOM"
17,"3 cc BRB, AIS, STC, but TTR. Small day. If no BO by 10am, then prob only small BO later"
19,"DB HL, COH, but 4 cc BRB, BB2"
21,"MDB, DB HL, PL, but 4 BRB, prob SA around 50% PB, HOD, and 60 MA"
32,"DT PB but middle of 4 pt Small Day, btw. 90% chance of BO UD, but prob small BO and day will remain small day"
51,big bear bar near L of TTR so BTC for 1 pt scalp
53,"cc BLB near H so STC. Small Day and now around 11 am so if BO to new H or L, prob only about 1 pt, and prob will reverse back into TR"
59,"BP S bug doji, bottom of TR, BB"
73,"F BO but 4 BRB. BO attempt of Small Day in final 30 min usually does not go more than 1 pt. 4 BRB so BB2, but not enough time . wft"
