BAR NUMBER,DESCRIPTION
1,f BO HOY. Y was small so increased chance of OD today.
2,"ORV up from MA, PL, but small B SB, top of TTR, HPW"
3,"f BO HOY 2es, but doji, HPW"
6,"H2 2, AIL, but 3 BRB, LOM, HPW"
8,"cc BLB COH, prob BO, BTC"
12,F BO but MRV
19,"PW 1 12, PH, but MRV, MMTA. Still might become OD day"
25,"TC, endless PB, BR since bear BO for poss OD"
27,"big BRB, BO LOD, TGT LOY for OD, AIS, but tail, 50% PB, might enter TTR"
28,"f BO LOD, 50% BP, but doji, AIS, SA. Might enter TTR"
29,"BP S, LOY TGTB, odds favor OD dat, but 2 dojis at 60ma, 50% PB, poss BB 27, then TTR"
33,"BP S, DT 29, AIS, LOY TGTB, but 2LD and just above LOY so Lr P. Bulls want HL, but need strong reversal up"
37,"W 27 31 HL, f attempt at OD, but small OU bar, TC, MRV, still AIS"
40,L1 but prob BB around LOY
44,"W 31 37 but tail, AIS, BB2"
45,"L1, COL, but prob BB 43, 40 was 5t"
48,"L1 but 5t 40 and 45, BB"
49,"H4, MDB, f BO LOY, PL, but 5 BRB, MRV"
51,"L2, but H4 49, tail, prob SU soon, WTS"
55,"20GB S, L2, but SOBR not making money, prob BB LOY"
61,"L1 at MA, but SOBR not making money, prob BB LOD"
63,"L1, tight BR CH, OD so prob BB LOY. LBLM so BB LOD, LPS"
67,"L1 but 1t BRB, prob BB and below LOD"
69,"BP S, AIS, tight BR CH, but 3 dojis, LPS. late in day for lim order B, btw"
72,"DB, BLB COH, but small B so Lr P. ok B but not strong setup. HPW. AIBRE"
