BAR NUMBER,DESCRIPTION
1,"PW 73 79, but AIL, 2t tail, just above 60ma, LPS"
3,"PW 2es, PH, but just above both MA, AIL, LPS"
6,"HL MTR, 50% PB, MA, but 6 BBRMC so MRV, SA, BB2. Still AIL as long as above 76 L"
8,"W 81 5, good BLB, PL, but TC, LPB, poss SA for more TBRCH"
14,"another W B but TC, tail, MRV, BB2"
15,"BP S in BRCH, but cc BLB, W bottom, BB. Prob TC will become TTR"
18,"BP B but TTR, SA, DTBRF 7"
19,"OD, DTBRF 7, but TTR, LOM more likely"
25,"DB HL MTR, PL, but 1t BLB, 1t above 14 L, TTR, LOM, LPB. PB from Y rally might even go below LOY before bulls B again"
30,"Tri 7 19, TTR, BOM"
57,"HL MTR, AIL, H2 14, but TTR, TCH, LOM"
73,"PB from BO above H2 but top of TTR, btw"
