BAR NUMBER,DESCRIPTION
1,"big GU but doji so increased chance of TRO and TRD, btw"
2,"BLB, COH, AIL, PL, but far above MA, Fri was RD so TRD, btw"
3,"f BO HOY but BLB, BB"
6,"f BO HOY, 3 cc BRB, AIS, but TTR, LOM, btw. BL want to B closer to MA"
14,"Tri 1 10, good BLB, but too far above MA, LOM, btw"
16,"BR BO and FT, AIS, prob MMD, might C G above HOY and reach 50% PB"
19,"BP S but doji, DBR, BLB, HOY, near 50% PB, BB and poss LTR in TTRD"
22,"MDB at HOY, PL, but TTR, HPW"
23,"L2 but CC BLB, AIL. Prob TTRD, should test above 10 L at bottom of UTR. Might be DD and C around OOD, like Y"
27,"W LH, G 10, ok S but prob scalp and more TTR. LOM. Should get back to OOD before EOD for poss DD. Might test 21 L for DB HL. BR CH, but prob TTRD and BB LOD"
34,"DT HH, BRB, but prob will stay above 21 L, then test OOD"
39,"DB 21 HL MTR, but 5 BRB so prob MRV. Should get back to OOD at some point for DD"
44,"DT 33 but 5 BLB, MRV"
52,"DT 44, COL, 40% chance of test 38 L or TRSD for L1=2, but TTRNS"
56,"BO, COL, more down, but need strong BO below LOD, else more LTR"
57,"FT, STC, might test COY and 60ma"
62,"f BO, MM, BLB, but SA since COY, 60ma, and L1 = 2 below. BP S but COH, SX, BB, SS2"
66,"DTBF, but doji, 2 BLB COH, 60ma and COY MGB, prob FF"
68,"W 62 65, but middle of TTR and MGB. Ok swing B, AIBLE, but TC so MRV"
69,"BP S, AIS, 60ma and COY MGB, but prob scalp only and BB and around 60ma"
72,"F DB 70 and F W bottom, 60ma MGB, but MW bottom just above 60ma"
