BAR NUMBER,DESCRIPTION
1,"RB but BRB, TC, MRV"
2,"BR IB, OK S, Y is S SB on daily so should trigger, but only 25% chance of big bear day after Y SX. Might get ID. TGTA is Y 68 W H and 18 L bottom of TR"
5,"MDB 1, HL, PL and ID, but 5 BRBR MC, AIS, TTR, BB2"
8,"L2, but strong 7, AIL. TTR, BTW. Bulls want ID, bears want to trigger S on daily chart by going below LOY"
11,"W 1 7, MAG, ok S but TTR"
12,"doji so weak S EB in TTR, ok to exit"
15,"HL MTR, COH, PL for test Y 68 H, but big BLB at top of WBRF"
18,"big BLB, BO above WBRF, prob MMU to 68 H and poss Y 18 L, but poss 2LT"
19,"FT, prob MG, but SBL from Y 68 will take profits soon. 18BU so BL TD or TRD"
22,"BP B, but at 1st TGT of 68 H, prob TR soon for poss TTRD. Only 10% chance of rally above HOY or selloff below LOD"
24,"H2, AIL, but at TGT, far above MA, 4 small bars, poss SA and then UTR in TTRD"
25,"OD, but still AIL, prob TTRD, should test below Y 70 L so see if again get strong bear BO"
30,"cc big BRB, AIS, BR RV, might test 14 L or LOD. TRD likely, but poss BR TD"
32,"F BO but doji, strong BO, 2LSD likely, SA"
33,"BP S but 2 BLB, back in earlier TR, BB and TR likely"
35,"H2, HL MTR, but BRB, LPB"
38,"L2, AIS, but tail, in earlier TR"
42,"DB 1 HL MTR but 6 bars without BLB, prob MRV"
49,"L2 45, DTBF 38 but TTR"
54,"HL but 6 BRB, BB2"
58,"cc big BRB, STC"
60,"BP S but doji, big tail 59, prob not much more down. AIBRE above any BLB and 4 – 5t above BRB"
67,"W 59 62. AIBRE 4 – 5t above. TC, BB2"
71,"2BR, big 70 so prob EG, might test LOY since S SB on daily. BL want C above LOY. AIBRE, ok swing B, but better if Bt lower"
72,"DTBF 68, ok swing S, but CC SX so BRTL, and now CC BLB, LPS. MRV, top of TR might be near LOY or only at MA"
