BAR NUMBER,DESCRIPTION
1,"BLB, F BO LOY, but tail. PL, should test Monday L, ok B but poss early TR"
2,"big BLB, BTC, but just below MA, Y TC, MRV"
3,"DT 78, but 3 BLB, BB, AIL"
5,"MDB but 2 big BRB, prob TR"
8,"L2 at MA, but doji, TRO"
12,"DB HL MTR, PL, but 3 BRB, prob more SW"
15,"LL MTR, F BO DB, 2BR, PL, ok swing B"
17,"BO, FT, AIL, 2LSU likely, should test Monday’s L and 60ma today, but poss TR 1st"
19,"F BO, but 4 strong BBR, BB. Poss BLTR so poss deep PB. More likely, will test 60ma at some point today"
21,"ET 3 7, F BO, MAG, but strong BO, BB"
23,"f BO 7 HOD 2es, LBRM, but BLB. Might get deep PB and TR"
25,"H2, BT 13 H, but big BRB 25, TRD likely so should fall below 13 H SP"
35,"BR BO below WBLF, FT, but TR more likely than BR so prob BTC"
36,"BP S, but doji, prob BRTR and BB"
37,HL MTR
41,LH but strong enough RV up so BB
45,"h2 B, AIL"
48,"Tri B, AIL, will try to get to 60ma and Monday’s L"
54,"F BO 46, but 5 BLB, TGTA, BB"
57,"BP B but BX and 2 BRB, SA"
61,"H2 at MA, AIL, TGTA"
65,"F BO, BL CH is BR flag, ET 53 55, but SPBL, LP stop entry S"
66,"H1 but 2 BRB, top of weak rally and HOD, SA"
69,"DT LH 64, OOD MGB, but TTR, L of Monday and 60ma MGA, quiet TRD so prob not going to get strong STC"
