BAR NUMBER,DESCRIPTION
1,"rollover day, but I usually wait until tomorrow to trade March because volume will be better for Dec today. BLB, but doji. DB HL MTR, still AIL from Y, but prob TRO"
2,"CC BLB, but BRSC will STC since BLB at MA in middle of TR"
3,"BP B but BR doji, SA"
6,"HST BRF, should test below 3 H for LBR, but BB since 6 BBLMC. More TR, LOM"
8,"BP B but 2 BRB, PW 2 4 7, SA. LOM"
10,"H2, HOY and 60ma MGA, but doji, LOM, top of TTR and TR"
13,"big BLB, BTC, BO HOY, testing 60ma, Monday’s L is magnet above since it was S SB. Poss 2LT"
15,"BP B, TGTA, but bear doji, SA. Still likely to get above Monday’s L since major RS and nearby, and 2 day TR so expect BO above RS before reversing down"
17,"H2, Monday L MGA, but prob SA around Monday’s L"
19,"PW 4 14, 2 d W Y 23 62, test Monday L, PH, but TC so prob MRV to test 7 H BOP for LBR. PW so poss 2LSD"
24,"big BLB, G from L to 23 C so eager BL"
27,"f BO, W 4 19, but 4 bars will G from L to prior C so eager BL, BB"
29,"H1, AIL, ok B, but BX, so poss 2LD PB"
30,"W 4 19, MDT, BX, PH, but BLB, LPS, BB around 19 H and MA"
32,"H2, ok B but might get deeper PB after BX, far above ma. Might enter TR around Monday’s L, since Mon was S SB on daily and bears see this rally as PB from Tues BR BO"
40,"PB, COH, OK B, but TTR, poss SA HOD"
43,"big OD, FF, PH, but TTR, MRV"
46,"BP B, F BO below TTR, AIL, but LOM"
51,"LH, but MRV after 4 cc BLB. Might test HOY since Y was weak B SB"
54,"DB test Mon L, but 3 strong BRB, MGB"
56,"LH, MGB, but bottom of TTR"
60,"BO, MGB, more down, but prob will form TR, with bottom around 21 L. day will prob C around HOY or L of Mon"
64,"BT 7 H, DB 21, big BLB, H2 47, but 5 BRB, MRV, prob TR for rest of day"
69,"HL, but prob TTR for rest of day"
73,"BP B but 3rd push up, TRD, SA"
