BAR NUMBER,DESCRIPTION
1,"GU but doji, 60 min DT LH MTR, LOM"
3,"BP B but TTR, far above MA, at RS"
6,"f BO HOY 2es, DT Tues H, PH, ok swing S, but TTR, HPW"
10,"H2 ORV at MA, PL, but doji, prob more TRO"
23,"HH MTR, f BO Tuesday’s high, 2nd entry S, PH, ok S"
25,"CC BRB, AIS, but bottom of TRD so LPS"
26,"20GB B, F bear BO, back to AIL, but top of TR"
29,"DT 20, but BB, should get above Tues H, but prob weak bull trend"
31,"BP B, AIL, but weak rally so might not reach MMU"
38,"PW 29 34, but SPBL with biggest PB only 5t, BB. Small BLB in rally so prob not much more up"
43,"MA PB, AIL, but prob SA 38"
47,"W 19 37, PH, good BRB, ok S, but MRV"
52,"DB 43 just above LTR. TTRD, 60% chance of PB at least 1t below 29 H at top of LTR, but might test top of UTR 1st. Prob DD with C around Tues major LH"
53,"DB 43 but 7 BBRMC, SA"
58,"BR BO and FT, AIS, more down, but BB 31 bottom of BL CH, and continued TRD"
60,"BP S but BLB around 31 bottom of CH, BB"
