BAR NUMBER,DESCRIPTION
1,"BGD. YBX. I have been saying that there was an increased chance of a revesal down on daily chart after Jan 6 so increased chance this week, esp since now above channel on daily chart. Test LOY and 60ma, PL, but tail, PP TRO"
3,"H1, MDB 1 2 at 60ma and just above LOY, PS ID, but DD, no BBLBC, PS LOM. L1 but DD, just above 60ma and LOY, 2 BLB 1 2, LP S, PP BB. PP SU to MA over 1st hour or two and TRO"
5,"MDB at 60ma and just above LOY, COH, PL, but 5 BBRMC, TTR, PP TRO, PP MRVU"
6,"CCBLB, CCBLB1C, SBU, but PP MRV to around MA, PP TRO"
7,"H1, but DD just below MA, PP TRO, MBO"
9,"W 1 6 at MA, AIBLE, PH, but 4 BWBRB, room to MA, PS BB, HPWS2. H1, AIL, 2LU likely after 5 6, but BRB, just below MA and 50P, TRO likely, PS SA, HPWB2"
11,"H2, room to MA and 50P MGA, but TTR just below MA, PS SA, NS, HPW"
13,"BO and FT but at 50P, PS W 1 8. SPBL but PP 2LSD sooh"
14,"W 1 8 at MA, PH, AIBLE, but lots of BLBC, TC, SPBL, NS"
15,"DBL exited at 13 C, PS 2LSD"
16,"SBD, PH"
17,"DB 10 BLB, AIL, but 2LSD likely, tail, W top, PP SA for 2LSD. bad FT for W BR so PP TR"
19,"LH, 2LSD likely after W, but TTR 5, NS, PS LOM"
22,"H2 17, F BO DB 10 16, LBLM, still AIL, COH, HLMTR, but TR, better to wait for breakout or 2nd signal. Low probability, bad for stop entries."">BBBR, still in TR 7, NS"
23,"CCBLBC, still AIL, BO HOD, but need FT, else PS 2LT 14"
24,"F BO, 2LT 14, HH DT, ET 8 14, PH, AIBLE4, but only DD, SBU, SS2"
26,"H1, AIL, but TRD 7, NS. MDT 23, HH DT 14, 50P 81, PB, but BLB, TTR, HPWS2"
27,"II so both H1 BSB and L2 top for 2LT, BOM, TTR, LRP"
28,"H2, AIL, BT 19, but TTR, 2 BRB, still on 27 II S"
30,"H1, F II, but PS W 18 23, top of TTR, NS, PP BLTR"
31,"W 18 23, PH, but BLB, TTR, LOM, HPW"
32,"H1 but BRB, TTR, LOM, HPW"
34,"H1 but 3 BRB, LOM, HPW. still on 30 S but that was BLB, LP, HPW"
36,"H1, AIL, CC BLBC, but TTR"
37,"SBU, near MMT, but increased chance of MDRD"
38,"F BO, PH, but TBLCH, NS. MMTA, SBU 37, HPWS2"
39,"H1, BLCH, TGA, BT 31, PS MG, but tail, still on 38 S, weak rally, still ID, might get MDR, PS MBO, NS"
41,"L2 38, W 23 37, PS MDRD, AIBLE, but DD, TC, NS"
43,"BL IB, H1, SPBL 22, but DD, TTR, still on 41 S, HPW B2"
46,"OD, COL, still on 41 S, but SPBL, small bar, TTR 38 and TTR 36, PP MRV"
48,"SBD, but back in TTR 36 so might go SW again. BR want TRD, but more likely will get TR and not get new LOD"
49,"BR FT. H2 43, but SBD and PP 9 bar PB is not enough bars down, BB2. REV usually lasts 1 -2 hours"
50,"L1, 2LSD likely, but PP not new LOD"
51,"another BO, 6 CC BRB, AIS 49, but still PP TRD. 60ma and 21 L MGB, but PP BB around that SP. still STC 49 but PP bounce soon"
53,"PW 2 48, but 7 CC BRB, 8 BBRMC, AIBRE, HPWB2. 60ma MGB. still fall below GX L, but that is below LOD so unlikely"
54,"L1, 60ma MGB, but SX, BLB 53, PP will get 2LSU, HPWS2"
56,"DB 21, H2 53, PW, TRD, but BRB, need COH, AIBRE4, PP MRV to MA"
59,"FF 57 Tri, COL, AIBRE, LL DB 21, 60ma, PP bounce here or soon. TC so PP only MRV to MA"
60,"L1, SPBR, LOD and LOY and GXL MGB but tail, 60ma, BLB COH 59 and 53, PS W 52 59, HPWS2. still on 59 H B, TGA 53 H"
61,"OU, DD, TTR, BOM, still on 59 B with 53 H MGA, but sill AIS, SPBR, MGB"
62,"H2, IOI, still on 59 B, but BRB, BOM"
64,"L2, but CC BLB, 53 H MGA, PP BB"
65,"H1 but just below 53 H TGT, so NS. PS MRV up from 59 since TBRCH"
68,"HH DT 54, but 7 BBLMC, HPWS2"
