BAR NUMBER,DESCRIPTION
1,"3 day TR so increased chance of more TR today. 5 days without bear body so increased chance of bear body today. Y was H1 B SB on daily chart, but DD and 3 day TTR so weak B Setup. OU but middle of Y TR, HPW"
2,"2BR, LH, PH, but still on B above 1, TTR 50, 2 flat MA near one another, LOM, HPW"
3,"CCBBRBC, but bottom of TTR, LOM, HPW"
4,"H1, HOY MGA since H1 on daily, but TTR, tail, 2 BBRB, LOM"
6,"H2 4 but BRB, TTR, LOM, HOW"
7,"BO, SBD, CCBRB1C, but many BR will wait for FT"
8,"BBLBC, LBLM 4 L, SX, SVT OOW and bottom of TR 65, PL, but TR, better to wait for breakout or 2nd signal. Low probability, bad for stop entries."">BBBR, still in TR 50 so LRP"
9,"FT, AIL, PP CUPHU, SBU, but tail, middle of TTR, TR, better to wait for breakout or 2nd signal. Low probability, bad for stop entries."">BBBR. LH in BRCH 77, but PP BB for 2LSU"
10,"3 CC BLB, BTC, but tails, stop far below, migth get 50P since still in TR and PP PB from REVU soon"
12,"still BTC, but small bars, tails, top of TR, might get PB soon, AIBLE4, PP BB for 2LSU"
13,"H1, BTC, but DD at top of TR, NS. HOY MGA since H1 on daily chart"
17,"BO so might get PTG, but strong BLT, 10 BBLMC, HOY MGA and GXH MGA. AIBLE4, but PP BB. still BTC, but PP PB soon"
19,"F BO HOY, OD, 11 BBLMC so BX, BBLC 17 so BX, AIBLE4, but GXH MGA, 11 BBLMC so PP MRV"
20,"L1, but BLB just above MA, PP MRVD, PP BB and below 19, PS TR"
22,"MW 19 21, H1, AIL, but CC BRB, PS SA and more SW"
23,"SBU, GXH MGA, but PS TTR"
24,"DT 19 at HOY, but SBU 23, BLD, PP BB, SS2. GXH MGA, AIL, but PS TR 18"
25,"H1, above MA< GXH MGA, but BRD, top of TR 15, LRP, NS"
27,"DT 24, LH DT MTR in TTR, PH, but HPWS2"
28,"COL, PH, but BLB 27 so LRP, HPWS2, GXH still MGA"
30,"H1 at MA, AIL, but TTR, PH 28, LOM, NS. L1, still on 28 S, but BLB just above MA, TTR 18, NS, PS BB"
31,BO but need FT since PS bottom of TR and DB 22
32,"BRB so FT, CC BRBC, below MA, AIS, 60MA and OOD MGA, but PS BRTR, PS LL DB 22"
34,"LL DB 22, AIBRE4, but 7 BBRMC, AIS, 60ma MGB, HPWB2"
35,"II, but PS FF so BL will B above 34 if 1st goes below"
36,"F II S, LL DB 22, SBU, GXH MGA"
37,"BBRBC, AIBLE, PS BLTP 36 and LH in BRCH 19, but more likely BB and 2LSU after 36 SBU, GXH MGA, HPWS2. still in TR 15"
38,"OU, GXH MGA, but top of TR, LOM, TR, better to wait for breakout or 2nd signal. Low probability, bad for stop entries."">BBBR"
39,"COH, CCBLBC, GXH MGA, BTC"
41,"4 CC BLBC, above GXH, ATH MGA, BBLPT, not strong BTC"
42,"BX, F BO HOD, BBRB, but 4 CCBLBC, MRV, AIBLE, SS2"
43,"H1, but after BX 41 so might get 2LSD, NWS, NS, PS TR soon after BX"
46,"F BO HOD, L2, AIBLE4, but DD, PP MRV, HPWS2"
49,"H1, IOI, but TTR, LRP, PS W 2 19 42 or 19 42, PP MBO"
51,"NW 42 46 and 2 19, PH, should fall eblow 19 H BOP, AIBLE, but TTR, LRP, NS, PS BB around MA"
53,"H1 but 3 BRB, room to MA and 19 H, PP SA, BB2"
55,"11 am PST Beige Book report. closed gap above 19 H. Big OU, BL want new ATH, but PS W 19 42,a nd ATH is PP too far above to get there today"
56,"H1, but PS W 19 42, BX 55, NS, HPW since TR, better to wait for breakout or 2nd signal. Low probability, bad for stop entries."">BBBR 5 and BX"
58,"W, AIBLE4, but only DD after 4 BLB, SS2"
59,"H 1, ATH MGA, but 2 BRB, ATH PP too far above to get there today, HPWB2, PS SA"
60,"H1, BLB, but far above MA, 2 BRB, W, HPW"
61,"L2 58, W, PH, but DD, 4 DD, SPBL 36, HPWS2"
63,"W, SBD. Y was bad B SB on daily so today might close below HOY. PS BRTP, BL will BTC"
64,"BRTP, but tail, LRP B, AIBRE4. HPW to B above BLB COH"
65,"L1, HOY MGB, but BLD so LRP"
66,"H2 64, BL want BRTP 63 and new HOD, W 59 64, test HOY, AIBRE, but 3 DD, HPW. HOY still MGB"
