BAR NUMBER,DESCRIPTION
1,"today is a short day for me. I stop talking and typing at 9 am, but I will return at 1 pm for a summary and for questions. 7 days wthout BRB on daily so PP will C below open. If early rally, look for midday REVD to below open. BBRBC, PH, but middle of 3 hour TR, just above MA so LP and TR, better to wait for breakout or 2nd signal. Low probability, bad for stop entries."">BBBR."
2,"H1 in BLCH. ATH MGA, but TR, better to wait for breakout or 2nd signal. Low probability, bad for stop entries."">BBBR, top of Y TR so LP, still on 1 S, HPWB2"
3,"TTR, LOM. L2 but DD. on 2 H1, but just below HOY and top of 3 hour TR"
4,"IB, TTR, BOM, still on 1 S and 2 B, HPW"
5,II so HR P for BOUD
6,"BO HOY and II, ATH MGA< but tail, PS W 76 1 rally to DT HOY. BL need CCBLBC"
7,"CC BLB, but small bars, prominent tails, PS W 76 3, PS HH DT HOY, so not strong BTC"
8,"OD, W rally to DT, PH, but big tail, just above MA, LOM, HPW, still in BL CH and still AIL. SBD"
9,"H1, ioi, AIL, SPBL, ATH MGA, but tail, SBD 8, HPWB2"
10,"BO, C above 8 HOD, but weak rally,need FT for MMU to ATH. BR want BRBC 11 for F BO and W 1 8"
11,"F BO HOY, HH DT, W 1 7, COL, PH, but SBU 10 and SPBL, ATH and GX H MGA, ok to wait for CC BRB"
12,"BLD so weak EB for BR, but still on 11 S and PS HOD. H1 but BLD so LP, NS, HPW, maybe B above BLBC, like 10 H. unclear, HPW. BTC BL 10 disappointed by qq and might S near 10 C so PS SA"
14,"H2 12, DB 5 II, but BRB, TRO, PP SA"
17,"LH, PS BRCH, but TRO, DD< HPW"
19,"BBRBC but TR so PP BTC. LBL have been BG BR C and LBR have been SG BL C since TR. 1st C below MA, still on 11 W S, but still in TR"
20,"TRI, but DD< 5 BWBLB, LOM, HPW"
22,"LH in BRCH, COL, but still TRO, NS, PP BB 19 and 14. oscillating around OOD. remember, today will PP close below OOD. still BOM, TRO"
24,"L1 but BLB, bottom of TRO. DB 14, but tail, CC BBRB. LOM, HPW"
26,"DB 1, H2 14, W 8 14, but CC BRB, HPWB2"
27,"BBLBC, but just below MA and after 2 BRB and 6BBRMC, HPWB2, PS STC and DTBF 24"
28,"DTBF 24, COL, but bottom of TRO, TR, better to wait for breakout or 2nd signal. Low probability, bad for stop entries."">BBBR, NS, PS BB for MDB 26, HPW"
30,"H2 26 at bottom of TR, DB 2, but s DD just below MA so LP, still on 28 S, HPWB2. AIBRE or above 28"
31,II so HRP BOM. No more typing today.
