BAR NUMBER,DESCRIPTION
1,"BGD. LDW. OOW might be most important price all day since 4 CC BLB on weekly chart, which is unusual. BBLB, 25% chance LOD, but tail, HPWB2. traders do not want to S big bull bar far below MA."
2,"F BO LOY, SX, OOW and LOY MGA, PL, but BRB, HPWB2, PP TRO. L1, BRB, but 1 was BLB, far below MA, HPWS2"
3,"BLB, PL, MGA, but tail, HPWB2"
4,"CCBLB but tail. PP SU to OOW, MA, and LOY, but PP LOM, HPW. Ll1 but 4 BBLMC, 3 BLB, far below MA, HPWS2"
5,"L1, COL, 25% chacne HOD< but 5 BBLMC, 3 BLB, HPWS2"
6,"H2, AIBRE, PL, but DD, TTR, HPW"
7,"OD, SBD, F H2, PS T1BD, STC"
8,"CCBBRBC, but huge bars so SX, trade small, PP bounce soon"
9,"L1, CLY MGB, strong BRT, PS T1BBR, but BBLB, TR, better to wait for breakout or 2nd signal. Low probability, bad for stop entries."">BBBR, SX, PS BB, HPWS2"
11,"CCBBRBC so PS BTC, PW 8 8, PP REVU attempt soon. BL want PW and LOD, but more likely TR than BLT. AIBRE4"
12,"PW, PS LOD, test CLY, AIBRE, but PP MRV, TR, better to wait for breakout or 2nd signal. Low probability, bad for stop entries."">BBBR. SX so PP 2LSU and PS BLT"
13,"CC BBLBC, AIL, but PP MRV and 2LSU. BTC but TR, better to wait for breakout or 2nd signal. Low probability, bad for stop entries."">BBBR"
15,"L1, DT 9, might test 11 H and CLY, AIBLE, but PP MRVD, 2LSU likely"
16,"H1, but CC BRB, NS, PP MBO and SA and then deeper PB. 30% chance of strong BLT from here"
17,"L2 15, DT 9 W 9 15, but BLB, AIL, HPWS2. TR likely soon, might get 50P and test CLY"
19,"SBD but PP BB around here at 11 H, 50P, and CLY. still AIL, 2LSU likely"
20,"HL MTR, but after huge selloff, TR more likely than BLT"
21,"BLB, should test MA and 17 H for 2LU, but tail"
22,"SBU, 2LU, but 20GBS, HH DT 17, PS top of TR, not strong BTC since TR more likely than BLT. very big BL bars since 9 so 12 will PP remain LOD. mkt deciding between TR and BLT"
24,"BBLBC, BO 17 H, PP will go HR and PS back to OOW, but PP will get PB soon after BX 22 and 24"
25,"F BO 17, but BLD, PP BB, but might get PB so 17 H soon. OOW MGA, but PP PB 1st"
26,"OU but DD 25, PP PB soon, HPWB2"
27,"PW 22 24, L2, AIBLE, but TC, DD, HPWS2"
28,"CC BRB, COL, PP 2LSD after PW, but MRV. might test 17 H BOP"
31,"H2 29, but 2 DD, and PP will get PB below 17 H BOP after strong selloff on open, so BL NWS, HPW"
33,"F BO below 17 H BOP, W 29 31, AIL, but PP MBO. BR want BO below 33 and MMD to 20 L, but more likely SU"
36,"H1, AIL, but TTR, CC BRB, DD, PP LOM"
40,"F BO DT 34 37 so W, DT 27, IB, COL, but PP MRV and more TR 25. BR want BO below 33 NL and MMD to 20 L, but PP more TR and not BRT"
43,"SBD. PP 2LSD, but more TR"
44,"H1 at MA, HOD and OOW MGA, but TR, better to wait for breakout or 2nd signal. Low probability, bad for stop entries."">BBBR, top of TR, SBD 43, HPWB2"
45,"BL IB, CC BLBC, MGA"
47,"W 17 27, test 7 SX H, AIBLE4, but 4 BLB, MGA HOD and OOW, PP MRV, HPWS2"
50,"H1, BT 41, MGA, but 2 BRB, W, PS 2LSD. HPWB2"
53,"H2, MGA, but TTR, still on W S 48, might get more SD to 11:30, 44 BX L MGB"
54,"H2 at MA, TGTA, but DD, HPW or NWS since might test 44 L"
56,"LH DT 52, might get 2LSD to 33 L after W 47, but at MA, MGA, NS"
57,"W 50 54, but BRD, MGB, PS SA, HPWB2"
58,"L1, 44 L MGB"
60,"W 54 57, BLB, PS TRESU"
62,"DT 55, LH MTR, but 3 BLB, AIL, just above MA, PP BB, HPWS2. BL want rally to continue to MGA at HOD and MMT and LOY and OOW. TR since 25, but slightly up"
64,"LH MTR, AIBLE4, but 5 BLB, PP BB, HPWS2"
66,"H1 but SBD 65 66, HPWB2. still in TR 25. BR want test of 33 L at bottom of TR, BL want new HOD and MGA"
67,"BRB so CC BRB C below MA, PS AIS, but stil above 60 HL, HPW"
