BAR NUMBER,DESCRIPTION
1,"BGU on 5 min chart, but SGU above HOY. BRB but tail, just above 60ma, HPW."
2,"CC BRB, but tail, just above 60ma and HOY, HPW. MGB 60ma, HOY, Y 47 H NL of 11 81 BD. MGA ATH. back in 6-day TR"
3,"3 CCBRB, COY, PP AIS, should close gap, T1BD, but SP just below at HOY and 47 NL of DB, NS"
4,"SBD, room to MA, but at SP"
5,"5 CC BRB, T1BD, but PS SX at SP. AIBRE4"
6,"OU, PL, OU, COH, AIBRE, but 5 BBRMC so HPWB2"
7,"OO, BOM, but TR, better to wait for breakout or 2nd signal. Low probability, bad for stop entries."">BBBR, at 60ma PL and PH, HPW B2, HPWS2"
8,"BO above OO, PL, but 3 SW bars at 60ma, PS TRO, HPW for CC strong bars UD. F BO above OO, L1, but still on B above OO, stop below 7, HPWS2"
9,"H2, still on 7 OO B, but TTR, HPW for CCBLBC, still BOM"
12,"MDB 7, OU, still on 7 OO B, but TTR, BOM, HPW for CC strong BLB or BRB and BO 8 H or 7 L"
14,"LH at 60ma, but still on B above 7 OO and again above 9 and 12, HPW for BO below 12 to S or for L2 14. BOM, but on B above 7 so slightly more bullish"
15,"BO, C above 8, PS MMU, BL need FT"
16,"FT, but tail, 9t, at RS of Thurs L"
17,"COL, L2 8, LH MTR, PH but many strong BLB, SS2, PS PB from 15 16"
19,"H1 at MA, still AIL, but CC BRB, sto pbelow 15 or 12, HPWB2"
20,"OD, SBD, LH MTR 17, but middle of TRO, just above MA, LOM, HPW for BO 12. should get BO"
21,"CC BRBC, C below MA, should get BO 12, but PS BB since TRO"
23,"Nested H2 12 and 19, f BO TRO, ET 7 12, AIBRE, but 3 BRB, AIS, PP SA, HPWB2"
25,"L1 below MA, AIS, but cc BLB 24, NWS 20 H, NS, PS BB since 4 BBLMC and bottom of TRD"
26,"H2, F BO 12 TRO 2EB, PL, but just below MA, PS L2 27, AIS, HPWB2"
28,"BO, 3 CCBLBC, PP AIL, but BL need BO of 16 LH to end BRT"
30,"BRB, LH in BR CH, L2 25, but 4 CC BLB, PP BB, HPWS2. H1, should get above 16 H since either TRD or BLT, but BRB, HPWB2"
32,"IOI, LH 16, PW 24 29, but TC, 16 H MGA, just above MA, tail, PP MRV, HPWS2, might get PB to MA, but should get above 16 H at top of TR before big REVD"
33,"OU, H1, but 3LU and just below 16 LH RS, HPWB2"
34,"MW 29 31, LH DT 16, AIBLE, but TC, just above MA, PP MRV"
36,"H1, AIL, should get above 16 LW< but 3 BRB, MW, HPW, might get 2LSD"
39,"SBU, but after long TR so PP TTRD instead of MMU to ATH. BR want 2LT 34 W and LH DT 1"
40,"2LT, COL, 40M, AIBLE, LH DT 1, PH, but PP MRV so NS"
41,"H1, but PS MBO and then TR. BL want MMU to above 3800 and ATH. PP TTRD and UTR soon. GXH MGA"
43,"F BO HOD, FF 41 H1, AIBLE, but GXH and 3800 MGA, 41 did not trigger S below 40, PP MRV. PP TTRD"
44,"4 CC BLB, MGA, but PP PB soon. GXH and 3800 MGA, and 3800 is also MMU from 38 H"
45,"FF 41, AIBLE, but 10 BBLMC, GXH MGA, MRV, HPWS2"
46,"SBD, PS UTR in TRD, but PP MRVD"
47,"H1, GXH MGA, but CC BRB, BX, PP SA for 2LSD and UTR in TTRD, HPWB2 else NWS"
48,"LH, but PP MRV, should get above GXH at some point today. PP UTR in TTRD"
49,"H2, should reach GXH, but might get PB to MA 1st, PP UTR in TTRD"
51,"H1 but top of BL CH and PS UTR, NWS, might get PB to MA before GXH"
53,"BO GXH, MGA MMT and 3800, but might get PB to MA first since PP TTRD and this is PP UTR"
54,"W 40 45, MA MGB, AIBLE, 5 CCBLBC so BX, but 5 CC BLBC, MMTA and 3800 MGA, SPBL 22, HS2. often get PB into 11:30 AMPST"
55,"SBD after W and BX, might get 2LSD to MA. similar to 40 and 46 except now a W and above MA for long time"
56,"H1, MMTA, but might get 2LSD to MA, if new H, might get L4 top. HB2"
60,"20MAG, H2 56, but UTR 40 and might test bottom of UTR. 3 BRB so PS more SD. HB2"
61,"COL and below MA, 5 CC BRB, PP SA, but bottom of UTR in TTRD, not STC, MMTA"
64,"OU, test OOD and 41 bottom of UTR, but 6 CC BRB, HB2"
68,"LH MTR, near to od TR, but SBU 64 67, PP AIL again, MMTA, PS BB, HS2"
