BAR NUMBER,DESCRIPTION
1,"BGU. ATH MGA. BR want DT LH with LH and BL want BLT and BO to far above ATH. increased chance of BLT today, but might get REVD from 1/8 ATH. BRB, big tails, PP TRO so LOM, SA"
2,"GU is BX but BLB is LP S, PP LOM, TRO. just below ATH MGA. still PS T1BU or T1BD, but need good SB and PP CC strong TB UD"
3,"H1, ATH MGA, but TTR, NS"
4,"3 CC BLB, ATH MGA, BB"
5,"OD, C below 4, PH, but NS. AIBLE. ATH MGA so PS IOI 6"
6,"H1, ATH MGA, but tail, NS. still T1BU and SPBL"
7,"SBU, PS MG"
8,"CC BLB, but tail. still BTC, but PS 2LT 5. BR need BRBC for PS HOD. BL want MMU and more T1BU"
9,"BLB, but tail, at MMT, PS PTG soon. AIBLE4. still BL BO, BTC"
10,BLB but big tail so PTG. still BTC but AIBLE4. increased chance of BX and then TR for several hours
11,"BX, MDT, PH, AIBLE4, but PP MRV. TR likely"
12,"BBRBC, AIBLE, but PP BTC and TR, or H1 13"
13,"OU, SBU, but might get L2 12. TR likely, but PS L2 top and swing down. BL want SPBL to continue but too many big BLB make exhaustion and TR more likely"
15,"L2, but 1t BRB. AIBLE or AIBLE4, HS2"
17,"IOI, L2 11, BX, PW 10 15 16, PH, AIBLE, but DD, might get 1 more leg up and then end of BLT. If HOD, TR more likely than BRT"
18,"CC BRB, but tail. BR want TRVD, but BL want TR. 16 might remain HOD"
20,"BBRBC, 3 CC BRB, PP AIS, but PP TR and bounce soon. after strong early rally, TR more likely than immediate BRT"
22,"CC BLB but PP LH, STC but NWS. PP DBL will S 17 L"
23,"LH but BDUC, NWS, TR and MRV likely"
25,"H1, but PP TR, NWS, better to B LR, near MA, PS SA"
28,"IB so H1, AIL 22, SPBL, but PP SA 16 for ET 10 16. 16 H is NL of DB 13 21, BL want MMU, but PP TR and SA"
29,"DT 16, W 25 27, but SPBL, BLD, PP BB"
30,"H1, SPBL, should get new HOD, but PS SA for W 23 29. BL want MMU"
32,"W 23 29, ET, COL, AIBLE, PH but SPBL, small BRB, PP BB, HS2"
33,"H1 but CC BRB, PS SA, NWS. BR want 3rd CC BRB"
34,"OU, COH, SPBL, but CC BRB, PS more SD, NWS, HB2. BT 29 H and 16 H, BDGU"
36,"still BTC, SPBL, but 99BL"
39,"bigger bar so PP PTG soon, MMT just above, but SPBL. 99BL, AIBLE4"
40,"40M, AIBLE, 99BL, COL, but SPBL, only S if WSS, MRV. PS BB since SPBL"
41,"H1, but MMT just a little HR, BRBC 40, MA MGB, NS, PS SA around MMT"
42,"BRB, PS MW 39 41, HB2"
43,"SBU, PP PTG here or soon, HB2. PP SD to MA starting soon"
47,"H1, 3850 BRN MGA, but BRB, 99M, AIBLE4, PP SA. PP SD to MA here or soon, HB2"
49,"COH, still SPBL, but BX, 99M, only B if WS since SD to MA likely soon"
50,"BRBC, L2 46, AIBLE, PP SD to MA so OK S, ESP if WSS, but MRV"
52,"L below MA so PP BTC, but 3 BBRBC, PP at least 3 bars will L below MA, PP MRV"
53,"OU but only 2 bars with L below MA, PP MRV, should get at least one more bar with L below MA by going SWD"
55,H2 but should get 3rd bar with L below MA so SA
57,"SBD but LBLM, PP H2, only 3% chance of MTR"
59,"MDB 57, H2 53, should get new HOD so OK to B even though BRD"
60,"SBU, BTC for new HOD"
64,"W 16 50, HH MTR, but DD, 4 BLB, PP BB. H1 but DD, PS top of TR, PS SA, HB2. PP SWD to EMA and then another attmept at leg up"
65,"HH MTR, OD, but DD, 4 BLBC, PP MRV to MA and 57 H for BT, HS2. BL will look for REVU from MA for PS new H at EOD"
67,"H1, but just above MA so NWS since might get 2LSD to MA"
