BAR NUMBER,DESCRIPTION
1,"BGD. BLB, but tail, PP TRO"
2,"L1 but DD, 1 is BLB, far below MA, BB. TRO"
3,"H2 after BGD, PS LOD, HPW for CCBLBC"
4,"SBU, CCBLB1C, T1BU, but BL beed BO above LOY. BR want BX and FBO, need BRBC"
5,"BX, F BO 60ma, PH, AIBLE4, but DD, only 1 small BRB today, PP BB, HS2"
6,"OU, should close GD, but C below 5 so not as strong as it could be"
7,"still BTC, but tails above bars so better to BTC than to B above bar. PS PW 2 4 6 7 at LOY. most bars have tails so increased chance of TRD"
8,"PW, PH, AIBLE4, but 6 BLB, MA MGA, PS BB, HS2. lots of tails, PP TR soon"
9,"SBD after PW, PP at least 2LSD"
10,"L1, PH 8, but DD, all bars have tails, PP TRO and MBO"
11,"BBRBC, but still above 3 so PS BTC and HL in TRO, NS"
12,"C exactly at OOD, perfect 60m DD, PP TRO. BL want LL DB 3, BR want FT SG below 60ma. TR, better to wait for breakout or 2nd signal. Low probability, bad for stop entries."">BBBR, lots of REV so LP for swing traders. most should wait or trade small"
13,"L1 but BLD, PP BB and below 12. DB 3, but DD after big selloff, PP SA. LOM, HB2 and HS2. HLW MGA since bad H1 B SB on weekly chart"
14,"WBLF 6 14, LL PB from strong rally, LL DB, but BRB, LLW and GXL MGB, AIS, HB2"
15,"DTBF 13, MGB, but far below MA, BLB, PP BB, HS2. still LOM"
17,"LL DB 3, PL, TRI 13 15, room to MA, but tail, NS"
18,"SBU, CC BLBC, AIL, but PP BLTR. some BR might STC since BBLC at MA, but better to BTC"
19,"CCBLC, BTC, but PS BLTR so NWS"
21,"LH in BRCH, but SBU 18 19, HS2, PP BB, but BL NWS"
22,"H1 but CC BRB, HB2. AIL but near top of TRD"
25,"H2 but TR, better to wait for breakout or 2nd signal. Low probability, bad for stop entries."">BBBR, top of TRD so LP, NS"
26,"CCBLBC, still AIL, PP will get new HOD, but so far, still TRD so PS SA HOD. GXH MGA"
28,"BO HOD, COH, still BTC, GXH and COY MGA, but still PS TRD so AIBLE4"
29,"5 CC BLB, still BTC but tail, PP PB soon, AIBLE4"
30,"H1, but PS PW 26 30 so PS SA, HB2"
31,"OD, COL, PW, AIBLE, but PP MRV"
33,"H1, AIL, COH, but NS"
34,"CCBLBC, PP will get new HOD, GX H and COY MGA, but PS TR 31, PS SA 31 for W 8 31"
35,"H1, but PS SA and above 31 so NS"
36,"DT 31, still on 31 S, but PP MRV, NS"
38,"HL DB 32 at MA, AIL, but CCBRB, PS Tri, HB2"
41,"DB, and a measured move up"">DBBF 32, BL IOI, but not quite to EMA so PS SA for more SD, NWS"
43,SBD but HL and PS BRTP
45,"H2 32, HL, COL, PL, but NS"
46,"CC BLBC, PP will go HR, 4o H MGA since RBMGA"
48,"LH DT 41, COL, AIBLE, but 3 BLBC, PP PP, HS2"
49,"H1, AIL, TGA but TRD, NWS below 45 for PS small 2LSD"
50,"BO, but top of TR, BR want LH DT 36 or 41. L2 48, LH DT 41, but should go at least a little HR to 36 H or HOD. still might get 3LU to COY and W 8 31"
51,"LH DT MTR 36, L2 48, top of TR, but DD, HS2, PP MRV"
55,"HL DB 45 at bottom of TR 30, but SBD 54 and 4 CCBRB, tail, HB2"
56,"L1 but DD, bottom of CH, AIL, PP BB, HS2"
58,"H2, DB 45 at bottom of TR, HSB BLF 32 45, but DD so LRP"
60,"LH in TRI, COL, but apex of TRI so LOM, AIL, HPW"
61,"F L2, H1, but apex of TRI, LOM, HPW"
63,"LH, but DD, apex of TRI, HPW"
64,"H1 but 2 DD, apex of TRI, HPW"
65,"BO, AIL, but HPW for CC BLBC since near top of TR"
66,"CCBLBC, but small bodies, top of TR, LRP BTC, HPW. BR want DT 31 and BLTP"
67,"DT 31, BLTP, COL, PH, AIBLE, but TTR 30, small bars, PP not much profit potential, SPBL 55, PS BB, HPW"
