BAR NUMBER,DESCRIPTION
1,"open within Y TR around 60ma. BBLBC. open on L and C on H of bar. AIL, but only 25% chance it will remain LOD. Only 1 - 2 baras a year on the daily chart have L exactly at the open. Also, ,data i sampled and not precise. it will get updated as the day continues so there might actually be a tail below this bar. ATH and GXH MGA."
2,"BRD so bad FT, still AIL PP BB, but PS LOM and TRO. LOD MGB since open = low. ET 67 75, but DD, HS2"
3,"H1, but BRB 2 and LOD MGB since L will PP not remain as same as open."
4,"Bif OD, MDT, PH, but at MA, TRO, HPW"
5,"H2 at MA but CC BRB, PP TRO, HPW"
7,"CCBLB1C, ok BTC but HPW for FT since TRO"
8,"HH DT, L2 3, COL, PS HOD, but NS. BL want H1 9 after CCBLBC, SBU 7"
9,"H1, AIL, ATH MGA, but CC BRB, PP TRO."
11,"CCBLBC, AIL, ATH and GXH MGA, but PH since PS W 2 8, test of RS ATH and GX G. AIBLE4"
12,"OD, W 2 6, but CCBLB11, 7 is big enough for 3LU, MGA, still AIL, PP BB11. lots of bad signals and reversals so PP TRO and PS TRD"
13,"IOI, CC BRB, W 2 8, PH, but DD, BBLBC 7 10 11, PS SPBL, HS2"
14,"H1, SPBL, TGA< but more of LOM so PS SA and above 12, NS"
15,"L1, still on 13 L, PS HOD, 4BWBLB, but DD, NS"
16,"SBD, GUD, PH"
17,"new LOD, PS ODD, CCBRB, AIS, but at 60ma, only STC if trade small with stop above 16. GXL and LOY MGB"
18,"huge BRB, STC, but NWS"
20,"extreme SX so PTG likely soon, 3800 was MGN for several days. AIBRE at mkt or above prior bar. BL wanr SX and then BL CH for rest of day"
21,"SBU, PL, PP TR for several hours, PS BLCH for rest of day. PP AIL, 2LSU likely, SS 2. LBR will B back shorts at 20H so BL will B there also fo PL. might test 3800 BRN"
22,"BL FT, AIL, PS BL CH. L1, but PP BB and around 3800 BRN."
23,"L1 but 3 BLB, 2LSU likely, PP MRV and BB, PP BB around 3800"
24,"H1, AIL, but BRB, LRP, PS TR soon. BL want BLCH for rest of day, BR want L2 and BR CH, but might get TR for several hours and then TRSD or TRVU"
25,"OU but 50P and just below MA, tail, 4 BTTR, PS LOM, HB2"
26,"L2 near MA, 3800 MGB, but CCBLB, PS BB and SPBL, HS2, PS BB"
27,"back above LOY, BL want BO HOY for OUD after ODD, TR more likely. BO, PS MMU"
28,"BT 26, PS MMU. 60ma MGA, BTC, but PP swing down at some point for HL MTR"
31,"PW 25 27, 60ma, AIBLE4, might test LOY or 24 L, but TCH, MRV"
32,"H1, SPBL, PS OUD after ODD, but small bars so loss of MO at 60MA, PW, PS SA, HB2"
33,"SBD after PW, PP 2LSD. still AIL so OK BTC, but PP 2LSD so NWS, HB2"
34,"CCBBRB, testing BOP 23 C and below 26 C, TR likely. H1 but CC BRB, 2LSD likely after PW and SBD 33 34, PP SA, HB2. might test 25 L bottom of BO CH and PW"
35,"L1, C below 23 C so BGUC,"
36,"HLMTR, H1, but 3 BBRBC, room to 25 L at start of BLCH, HB2"
38,"LH at 60MA, but SBU 36 37, but PP TR, HPW"
40,"CC BLB, AIL, BL want OUD after ODD, but at 60ma and 31 H, LRP BTC, PS TR 23, might close day around MP, which is around LOY"
42,"H1 BTC, but DD, 60MA, PS SA, HB2"
43,"W 23 31, but 8 BBLMC, SPBL, PS BB, HS2, 2 DD, PS TTR around 60MA"
46,"H1, OOD and HOY MGA, but PS W 31 41 so PS CC W 31 PW"
48,"PW 41 45, OOD, CC W 31, AIBLE, but TC, PP MRV and TR into 11:30. H1, HOD and HOY MGA, but PP PB soon and 3LU 41 47 so PP MBO and SA"
49,"H1, MGA, but 3LU 41 47, BRB PP SA, NS. W 41 45, AIBLE, but PP MRV"
50,"OU, HOY MGA, but PS SA for MDT 47 and the 2LSD. PP SD soon since PST to 11:30 often enters tight trading range and becomes Limit Order Market so failed breakouts are common"">MTD"
51,"MDT, L2 but tail, TTR, MGA, HS2, PS BB for test HOY and ATH"
52,"H1, ATH MGA, but BRD, CC BRB, on 51 S, HB2, might get 2LSD into 11:30 AMPST"
53,"SBD to 60MA, PP 2LSD into 11:30, but BL will BTC of any BBRBC. HB2"
54,"H1 at MA, but TTR, TR, better to wait for breakout or 2nd signal. Low probability, bad for stop entries."">BBBR"
56,"LH but just above MA, TTR, NS. BR want test 36 HL but LP"
58,"H2, but DD, TTR, LP"
59,"apex of TTR just above MA, LOM. early SPBR, but H2, HPW"
61,"DT LH MTR in TTR, but BLB, TTR, AIL, MGA, PP BB"
63,"COH, HOY and HOD and ATH MGA, AIL, but DT 56, TTR, PS W 56 61 or 58 61"
64,"W but DD, TTR, AIL, HS2"
65,"W, COL, but C just above MA, middle of TTR, AIL, MGA, HPW"
67,"3 CCBRBC, C below EMA, OK swing S, but still AIL and in TTR, HPW"
