BAR NUMBER,DESCRIPTION
1,"BGD. FOMC announcement at 11 am PST today. Day traders should exit positions before the report and wait until at least 10 minutes after the report before trading again to allow for a trend to begin."">FOMCD. BBRBC, OOM and CLY MGA"
2,"BR FT so STC, MGB"
3,"another BBRBC, SX, PS PW soon"
5,"BLBC, test OOM, PS LOD, AIBRE, but 5 BBRMC, PS MRV. BR want SCD BRT day, BL want SX and BL CH"
6,"BLBC, PL, 3800 BRN MGA, PS BTC. SBU"
7,"still BTC, 2LSU likely, but NWS, or can exit 2 - 4 pts below any bar and then look to B again above H1 BLB"
8,"smaller bar so PP PB soon, but 2LSU likely, 3800 BRN MGA, PP BB. TR, better to wait for breakout or 2nd signal. Low probability, bad for stop entries."">BBBR"
9,"L1, BRB, AIBLE, but PP BB, might go SW around middle of 1st hour through end of 1st hour"
10,"H1, 2LU to 3800 BRN likely, but DD, lots of tails, BDUC, PS TR instead of BLT"
12,"L2 9 at BRN and just below MA, PS start of TR, AIBLE, but only DD so only S if WSS"
13,"OD, PW 9 12 13, but DD, BDUC"
14,"H1, IOI, but 3 BRD just below MA, PP TR, PS LOM, HB2"
15,"BBLC, but PP TR 9, just below MA, HB2"
16,"LH 13 at MA, but CCBLB, AIL, MGA, PP BB. BL want BO MA, 13, 3800, and HOD, and BR want REVD. PP TR since 9"
18,"LH DT 13 at MA and 3800, W 9 13, AIBLE4, but 4 CC BLB, PS BB, HS2"
19,"BBRB, PS 2LSD after W"
22,"bigger bear bar so SX, at 10 HL so PS PTG and bounce. still AIS, but HS2 since might bounce"
24,"L1, but 3 bar TTR late in BRT so PS FF"
26,"FF 24, AIBRE, might get 50PB"
27,"L1, but PS BB for W 23 26, PP MBO"
28,"SBD, 11 BBRMC, but TR, better to wait for breakout or 2nd signal. Low probability, bad for stop entries."">BBBR, PS PW 23 26, AIBRE4. still PP TR and near LOD so PP bounce soon"
29,"BO and FT, STC, but PP BB around LOD. might get new LOD, but then PP TR into FOMC"
32,"SX, HL DB 5, OU, AIBRE, but 16 BBRMC, PP MRV, TR, better to wait for breakout or 2nd signal. Low probability, bad for stop entries."">BBBR"
33,"CCBBLB, AIL, but PP TR. SBU 32 33"
34,"3 CCBBLB, still AIL, BTC, but at MA and 27 TR so PS SW. AIBLE4. SBU 32 33 34"
36,"LH DT 26 at MA, AIBRE, but PP MRVD after 3 BBLBC, HS2"
38,"HL, 2LSU likely, but TR, better to wait for breakout or 2nd signal. Low probability, bad for stop entries."">BBBR, PS TR around 23 to 26"
40,"L2 36, DT 24, 50P, but AIL, PP TR into FOMC 11AMPST"
43,"MW 35 41, but 5 BWBRB, PP MRV and TR into report"
49,"LH DT 43, but BOM ahead of FOMC, BTW"
54,"TRI, OO, BOM, MGB are LLW, LOD, OOM, and CLY, and MGA are 3800 BRN, 43 LH"
55,"BO above OO, but tail, apex of TRI, HPW"
56,"PB from BO above OO, but BRD, TTR, apex of TRI 1 5 17 32 43 54, HPW"
58,"SBD, but still in TRI so LRP, might be BRTP and BTC so LRP STC"
59,"BLD so bad FT, but still PB in BRT so still L1, like 23 and 26. bottom of TR so HS2. PL, BLB, AIBRE, but DD so HB2"
60,"COL, should get BO below OOM after 2 failed reversals up"
62,"F BO LOD and OOM, PL, AIBRE, but tail CC BBRB, HB2"
64,"SBD, but 3LD so PS PW 59 62."
66,"LW 59 62, OOM MGA, PL, AIBRE, but BRB, PP MRV to OOM and MA"
