BAR NUMBER,DESCRIPTION
1,"YSX. SHORTDAY, OOM MGN through TM when Jan ends. BLB but tails, PP TRO. testing apex of Y Tri and 58 SXH"
2,"BBRBC, LH, but room to 58 H, HS2, PS BB"
3,"huge OU, SBU, 60ma and HOY MGA"
4,"BBRB, L2 2, BLTP, PH, but BUDC, PS LOM, SBUM, HPW"
5,"H1, ii, but DBL 4, but moving too fast UD, HPW, not enought time to make good decisions. AIL 3, 60MA MGA, but TTR and very big bars."
6,"OD, L2 5 2, but PP AIL and more up after SBUM 3, HOY and 60ma MGA. TTR. LOM, HPW"
7,"OO, 60ma and HOY MGA, but TR, better to wait for breakout or 2nd signal. Low probability, bad for stop entries."">BBBR, reversing every bar so LRP, PS W 1 3, NS, HPW"
8,"W 1 3 at 60ma, PH, AIBLE4, but BLD, CC BLB, HS2"
9,"H1, AIL, T1BU, but at RS of 60ma and HOY, and lots of RVS, NS, HPW"
10,"COH, PS SPBL, but PS SCT, and W 3 8 at RS HOY and 60ma"
11,"PW 3 8 at 60MA and HOY, PH, AIBRE"
12,"H1, AIL, but BRB, PP SA, still on 11 S, HB2. BR want 2LSD to 7 L at start of W. TC so PS SW for a few bars"
14,"MDT, 2ES, still on 11 S"
15,"H2, AIBRE, but BRB, still on 11 S, HB2"
16,"SBU, but still on 11 S"
18,"BLB, H1, but just below 11 H and HOY, NS. if new HOD, PS W 3 11. SPBL, but need strong BO if going to last all day"
19,"BO, C above 11, SPBL, bu still PS W 3 11. BTC, but NS"
21,"shrinking bodies so loss of MO, but still BTC, SPBL, AIBLE4."
22,"OD, W 3 11, PH, AIBLE, but SPBL, 7 BBLMC, HS2"
23,"H1, SPBL, but CC BRB, LBRM all day, W, PP SA and above 22, HB2"
24,"3 CC BRB after W top at 60ma, PP STC and SA, but still above MA and AIL, PP TR soon"
25,"OU, AIL, but 3 BRB, W top 22, HB2, PP SA for 2LSD, TR likely soon"
32,"W 11 22, but CC BLB, TC, PP BB, HS2. LBR S above prior highs for scalps. BL CH, lots of BBRBC, PP TR soon, despite SPBL"
36,"H1, SPBL, but PP TR soon"
37,"RB FF 34, BLCH but BLB, TC 25, AIBLE4, HS2"
38,"FF 34, W 22 32, AIBLE4, but BRD and TC 25, HS2. H1, SPBL but BRB, HB2"
39,"II, SPBL, SHORTDAY"
