BAR NUMBER,DESCRIPTION
1,"BGD. LDW. LDM. After 2 days with big legs up and down, might be forming 3 day triangle. OOM might be MGN all day, ESP in final hour. January has oscillated around it all month. TR, better to wait for breakout or 2nd signal. Low probability, bad for stop entries."">BBBR, but tail and far below MA"
2,"CCBRB1C, STC, but huge bars, TR, better to wait for breakout or 2nd signal. Low probability, bad for stop entries."">BBBR, far below MA, near bottom of 3 day TR, SX, PP REVU soon, BTW"
3,"SX, PL, far below MA, OOM MGA, RB, but BRB, HB2"
4,"BLB, PL, but tail, LBR above 3"
5,"BR IB, BDUC, HPW, PS LOM. H1 but BRB. L2 but 4 BLB. OOM and HOD and MA MGA. Wed L MGB, but PP will stay above Wed L and might oscillate around OOM all day"
6,"SBU but tail, bad BSB 3 and 5, test OOM, PS TRO, HPW"
7,"CCBLB, BL IB, PS early BLT, but looks like BLT, NS. DT 1 at OOM, but CC BLB, HS2, PP BB."
8,"OU, AIL 6, H1 7, PL, but lots of RVS, NS. PS PW 4 6"
9,"PW and DT at LOY and near MA, AIBLE4. PH, but HS2. PL want SPBL to continue up for MM after 8 GU C above 7. PP TRO"
10,"BT 7 C, still BGU and SPBL, PS MMU to COY. H1 but BRB, just below EMA, W rally to DT at MA, HB2"
11,"SBU, BO 9, PS MMU, but at MA, 3 bad BSB, still might be BLTR and W 6 9, so not strong BTC"
12,"W 6 9 at MA, PH, COL, AIBLE, but NS, AIL, SPBL. H1 but BRBat MA, PS SA, HB2"
13,"BR OD, PP BOM, PB likely here or soon"
14,"3 CCBRB, COL, should test at least 11 BX L and might get 2LSD to 8 L. PS AIS"
15,"BBRBC but middle of TR so PS BTC for scalp. AIS, should test 8 L, PP will get 2LSD. PS BB 8 since TR likely"
16,"HL MTR, COH, PL, OOM MGA, but 4 BRB, PP MRV, NS, HB2"
17,"L1 but tail, BBLB 16, middle of PP TRD, PS BB, HS2. weak BSB, but might reach MA"
19,"OD, SBD, AIS 14, but PS DB 16, still TRD, NS"
21,"BO, PS MMD and new LOD, MGB LOD and GXL, but still PP TRD. PS BTC since TRD, but HB2"
22,"HL DB, BRTP, W 10 16, PL, AIBRE, but tail, BBRB 21, HB2. BLB so weak FT, HS2"
23,"DB 3, PL, MDB 22, PL, but NS since BBRB 19 21, GX L MGB, might get OD 2nd hour"
24,"OD, 18BO, GXL MGB"
25,"CCBRBC, GXL TGB. at MMTG but odds favor LR"
26,"BO GXL, SX, far below MA, PS PTG soon, AIBRE. PW 16 23, PL, COH, but PP MRV since TC and BBRB"
27,"L1, 17T, but SX, strong BSB 26, HS2, PP 2LSU, and PP BB 26"
28,"L1, 3700 BRN MGB, but 3 BLB, SX, HS2, PS BB. Stop for BL below 26, but PP BB 26 for H2 26. SX, lots of TR PA, PP bounce here or soon"
31,"L2, just below 3 L, AIBLE below BRB, but 4 BLB, might test MA and 24 SX H, NS, PS BB for SPBL"
32,"H1 but BRB, top of TTR. BL want BO and MMU, BR want F BO and WBRF 27 31"
33,"OD, F BO above 3 L, WBRF, AIS, 3700 BRN and Wed L MGB. LOM also MGB but PP roo far to reach"
34,"SBD, Wed L MGB, but BL want W 3 26"
36,"SVT Wed L, W 3 26, AIBRE, PL, but tail, 3 BBRBC, NS, HB2"
37,"OD, strong BR BO 33, LOM MGN, but might be too far to reach today. SX, NS"
38,"CC BBRB, still STC, but SX at 3700 and Wed L so PP PTR soon, HS2"
39,"SX at 3700 BRN, 2LD 35 SBD, F BO Wed L, PL, but TC, NS, HB2. L1, LOM MGB, but bottom of SX and far below MA, PP bounce soo, PS PW 35 38, PS BB, NS, HS2"
40,"BBRL, HS2. PS 40M"
41,"SX, PW 35 38, 41M, F BO Wed L, 3 day ET, AIBRE, PS swing up, but NS since strong BRT. TR, better to wait for breakout or 2nd signal. Low probability, bad for stop entries."">BBBR. PP MRV. L1 but BBLC, SX, at SP Wed L, S2"
42,"L1, SPBR, but BBRL 40, PP BB or soon, S2, NS"
43,"MDB, SX, AIBRE, PL, but tail, PP MRV to MA and 36 start of PW 36 38, B2. DBR 42 L1 might B around 42 L"
44,"TRI, H2 44, SX, but BRD, NS. L2 42, but TRI late in BRT so PS FF"
45,"TRI 40 43, BOM, but if BR BO, PP FF"
46,"F BO TRI FF, AIBRE, PL, but PP MRV,"
47,"FF, SX, 2BR, AIBRE, but tail, LRP, PP MRV, NS"
48,"SBU, CCBLB, AIL, but 20GBS. PP 2LSU after SX and FF and F BO Wed L"
50,"II, H1 but BRB, NS. 20GBS, but SBU, S2"
52,"OO, 20GBS, BL want bigger 2LU, NS, PS TTR, LOM"
54,"HL MTR, 2LU likely, AIBRE for F BO below 52 OO, but BRB, NS"
55,"BO, but C below 52 H, PS W 41 52. BL PP need 1 more bar for AIL and PS MMU to 33 H. PP either TR or rally for rest of day. If BRB 56, PP MRD and TR for rest of day after MDRU 47"
56,"CCBLBC, AIL, BL want MMU to 33 SX H. BR want W 41 48, but need strong BRB or MDT"
57,"H1, but BRB, PS SA. W, AIBLE4, but tail, S2"
58,"II, but AIL, PP MRV"
59,"OD, BO below II, but ledge top, PP MRVD"
61,"SBD but HL, ledge 59 MGA,"
62,"L1, but BLB, middle of TR 36, Ledge MGA, PP BB. HL in BLCH but tial, CC BRB. SW around Wed L for 2 hours so might stay here. Unlikely to fall to LOM or rally to OOM, but AIL,and ledge top MGA"
63,"OU, HL, but DD in middle of TR"
63,"4 BLB, should get BO above ledge top"
67,"SBU, 33 SS H MGA, but BR want BLTP and W 48 56"
