BAR NUMBER,DESCRIPTION
1,"BGU. GU to new ATH on daily, weekly, monthly, and yearly charts. Gap is small on monthly chart so should close by end of Jan or Feb. F BO. BBRBC, PS HOD, HW, HM, and H of year. Y BX. STC."
2,"CC BRBC, STC, but TR, better to wait for breakout or 2nd signal. Low probability, bad for stop entries."">BBBR. PH"
3,"SX, EMA, COH, AIBRE, PL, but PP MRV, might test HOY. GXL MGB, PP MRV"
4,"L1, GXL MGB, but CC BLB, LRP"
5,"BRB, but tail, BUDC. 70% chance 1 will remain HOD, but might get TR for several hours. Y was OU so PS OD today, which would be OO on daily. Still STC, but tail, TR likely soon, HPWS2"
6,"L1, but tails, 3LD so PS BB for W, HPWS2. SX, H2, PL, but better to B above BLBC. BR want OD for OO on daily chart"
7,"OD, still STC, but PS PW 3 5 and then bounce and TR. BR want OD for OO SS on daily"
10,"still STC, LOY MGB, but DD, just above 60ma, PP bounce soon, HPWS2"
12,"SX, PW 3 5, 60ma, PL, AIBRE, but PP MRV"
13,"OD, LOY MGB, but PP TR before ODD"
17,BBRBL
18,"SX, but BRB, HPWB2. BL need BLBC. PP EG, less likely MG 16 17."
19,"CC SX, PP PTG soon, but only B if BLBC. BL want to get back above LOY, but huge BR day, PP FT this week"
21,"CC SX, MMT from 16 NG, BBLBC, AIBRE, PP MRV and TR, PL, but TR, better to wait for breakout or 2nd signal. Low probability, bad for stop entries."">BBBR"
22,"L1, strong BRT, but CC SX, CC BLB, PP BB, HPWS2, still on 21 B, PP BB around 50P"
23,"BLTP, COL, still AIS, but HPPWS2, PS BB around 50P for 2LSU"
27,"HL MTR, MW, still on 21 B, but need BBRBC, else wait to B. still AIS, but weak S 23, HPWS2, PP TR and PP BB21. BR want BO below 21 to run stops of BL, but PP BB 21"
28,"4 BRB, AIS, but still on 21 B, PP TR since 21, PP BB 21. HLMTR but need BLBC. AIS but HPWS2, PP BB around 21 L"
29,SBD
31,"10 BBRMC so SX, AIBRE4, room to MMD from 21, very strong BLT, BO need BLBC. 21 was reasonable B and DBL 23 could not avoid loss so TGTA, but need BLBC"
32,"BBRBC, another SX, but no bottom yet. series of SX usually leads to PTG and TR, but today should get FT SG over next week or 2. 3500 at start of BL CH is TGTB"
34,"SX, AIBRE, PL, but PP MRV and TR"
36,"3 BLB but shrinking bodies so losing mo. L1 but 3 BLB, SS2. DBL"
37,"BRB, DBL, might exit BE 34 H. AIS, BRB, but tail, SS2. might get 3LD 21 34"
38,"COL, AIS, but PS HL, HPWS2"
40,"4 CC BRB, still STC, but PS DB 34, HPWS2. DB 34 but B above BLBC. TWD"
41,"41M, DB 34, COL, but top of TTR 33. should reach MA by SW. 21 H RBMGA, or halfway there so BL can avoid loss"
43,"DT 36, AIS, but 3 BLB, DB 34, PP BB, SS2"
44,"OU, should get to average entry from 21 H BL, which means above 21 L. PS MG"
47,"SBU, might reach 21 H. 29 SXH is next TGT, but BX at MP 21 B aand 34 B so might get PTG"
48,"PW, AIBLE4, but AIL, 21 H MGA, HPWS2"
50,"H1, AIL, but might get 2LSD, NWSS"
53,"H2, room to 21 H MA, but PS W 35 48"
54,"W 36 48, AIBLE4, BR need COL. PP TR likely here or soon. room to 21 H MGA"
56,"SBD, W, PP 2LSD"
57,"DB 49 at EMA, room ot 21 H MGA, might reach 60MA. But 2LSD likely after W, HPWB2"
60,"LH, 2LSD likely after W, but tail, PS TR 48, PP MBO, NS"
62,"HL MTR, HSB 21 34, 21 H MGA, W 49 56, but tail, TR 48, LRP, NS"
63,"L1, SPBR, but tail, PP TR 48. might test 36 H NL of DB. BR want TRSD, but PP BRTR"
65,"W 57 62, HL MTR, HSB 21 34, BT 36 NL DB, but DD"
66,SBU
67,"BRTP, but TR, better to wait for breakout or 2nd signal. Low probability, bad for stop entries."">BBBR, bottom of TR 48, PS BTC, HPW"
