BAR NUMBER,DESCRIPTION
1,"BBLBC, AIL from Y, MGA are LOY, LLW, 60MA, Y SX H, but 3rd leg up so PP MBO"
2,CCBLBC. but 3LU and at RS so PP PB soon
3,"W 54 77, W 66 77, but BLB, CCBBLB, BB"
4,"H1 but BRB at 60ma and just below LLW and LOY RS, PS SA. PS BX open"
5,"L2 at 60ma, but LLW MGA and SBU 1 2, and only DD, SS2"
6,"H2 but BRB at 60ma, BRB, 3 DD, PP MBO, HPW, PS SA"
7,"BBLB, but 2LU 3 and TRO, PS STC, HPW"
8,"OD but TTR 3, LOM, TRO, HPW"
9,"IOI, AIL, but DD, TRO, HPWB2"
10,"SBD, BO below BRBC 8, W 66 77, PH"
11,"IB, COH, F BO, H2 at MA, but SBD 10, NS, HPWB2. L1 but BLB at MA, NS, HPWS2. both EMA near one another, PS more TRO"
12,"L1 after SBD, but CC BLB at MA, LRP, NS"
13,"BO, BRB, but tail, AIL, not good STC. AIBR S below 10 or 13, but HPW, PS WBLF 8 10. 10 is big enough for 3LD"
15,"BO, but BR need FT for AIS"
16,"HL DB 1, SBU, 2BR, W 8 10, PL, but TC, TR, better to wait for breakout or 2nd signal. Low probability, bad for stop entries."">BBBR"
17,"DTBF 12, but CCBBLBC, several ticks above 12, PP BB, SS2"
18,"DT 12, SBD, but HL 15, SBU 16 17, TR, PP BTC, HPW"
22,"HL DB 1, W 18 20, W 4 15, but BRB, 6 BBRMC, HPWB2"
23,"COH, but just below MA, reversals every couple bars, LRP B. should get to 17 C since reasonable BTC, but might go more SW 1st"
24,"CCBLBC, still AIL, but might get PB around 17 C"
27,"1st time today with 5 CC BLB, BTC, but stop below 22. might get PB to MA since at 60MA and top of TR 12, HH DT 17 at 60ma, ET 12 17, but 5 CC BLB, PP BB and around MA, HPWS2"
28,"H1 but BRB just below 60ma and at top of TR 12 so PS SA, HPWB2"
29,"MDT but BLB, PS BB, top of TR so might get PB to middle of TR. PP will get HL after 5 CC BLB"
32,"BO, 7 RBTC, LLW MGA, but at RS of 60ma"
33,"F BO of 60ma, FF 31 TTR, W 17 29, AIBLE, but PP MRV"
35,"H1 at MA, AIL, but 3 BRB, PP SA, HPWB2"
36,"II, but 4 BRB, PP SA, and AIL and just above MA so PP BB, TTR 26, LOM, HPW. LLW MGA and PP will get there today or TM"
38,"BO, LLW MGA, but small bar top of TRD, just below BR TL 8 32"
42,"BO, LLW MGA, but otp of TR, PS W or TW 17 32"
43,"W 17 32, but DD< room to LLW MGA, HPWS2"
46,"L2 but BLD, TTR 43, HPWS2"
48,"H2, AIL, LLW MGA, but DD, TTR, NWS, HPW. might get PB to MA"
51,"COH, H1, LLW MGA. BR want W 32 43"
53,"H1, SPBL, LLW MGA, HOD MGA, but BRD, and PP not much more to rally since TRD"
55,"SBU, 18BO, SXH from Y 16 MGA, at 3724.75"
56,"CCBLC, but back in 4 day TR so PP PTG and TR here or soon. SBU 55 56, still BTC, but PP start of TR so PP only 1 or 2 more bars up before TR. PS BLTP, but SBU, SS2"
57,"H1 but BRB, BX, at highest likely TGT for day. HOY is PP too far up. PP TR soon so PS SA, BPWB2"
58,"MDT, PP UTR in TTRD. BR want BRTP, BL want SCBL, but TR most likely, ESP back in last week's TR"
59,"MDB 57, but BX, likely TTR, so PP only 1 - 2 bars up and then TR. 3 small bars after BX, so LRP, ok to wait"
61,"MW 56 58, BX, but DD, TTR, PP MRV, PP UTR in TTRD"
64,"H1, but BX 61, PP 2LSD to EMA, HPWB2, or NWS"
65,"SBD to near EMA, might test LLW."
66,"20GB B, LL DB 57, AIL, but CC BRBC, might get 2LSD after BX, HPWB2"
68,"LH but MRV, CC BLB, PP in UTR in TTRD"
