BAR NUMBER,DESCRIPTION
1,"BGU. ATH and GXH MGA, but tail, far above MA, HPW"
2,"F BO HOY and ATH, but CC BLB, PP BB, HPWS2"
3,"IB so H1, 3 BLB, PL, but all bars have tails, far above MA, LPB, NS"
4,"II, but 4 BLB, PP BB"
5,"F BO below II, H1, but BRB. PL, OK B above II 3"
6,"SBU, MMTA"
7,"CCBBLBC, but PS BLTP"
8,"BRB so DBL, AIBLE, but PP BB, SS2, might reach MMU based on bodies 6 7. very strong SBU"
9,"H1, but CC BRB, LRP, PS DBL. odds favor at least a little HR< but might get more SW 1st"
10,"SBU, MGA, but PS W"
11,"PW 2 8, but BLD, PP BB"
12,"H1, MGA, but DD, PS PW 8 11, PS SA, HPW. only 3 strong BLB so increased chance of PB soon"
14,"DT 11, TW, but SPBL, smalll S SB, LP, PP BB, HPWS2"
15,"H1, DB, and a measured move up"">DBBF 12, AIL, MGA, COH, but PS W 8 11, TTR, LRP"
17,"PW 8 11, COL, PH, AIBLE, but SPBL, PS BB, HPWS2. IB so H1, SPBL, but BRB, NS, PS SA"
18,"II, H1, SPBL so BTC, but late in BLT and weak rally 8, PS FF, NS"
19,"F BO above BLCH, BRB, PH, AIBLE, but TC, PP MRV"
21,"3 CC BRB, PP SA and 2LSD, PS HOD, PS AIS, but above MA, more likely TR"
22,"H1, AIL, but 3 BBRBC, DD, PP SA and 2LSD, HPWB2, else NWS"
23,"L1, but BLB, just above MA, TR likely, PP BB. PS LOM"
24,"H2 but BRB, PP 2LSD after 19 20 21 SBD"
27,"DB 22, but top of TTR, PP 2LSD 21, NS, PS SA, PP LH"
28,"LH MTR, W and ET 23 25, BRBC, should get 2LD to at least MA and maybe WBLF and 50P"
31,"L1, SPBR, EP, but still PP AIL. BR need BO and FT for AIS and PP MG"
34,"CC BRBC, BO, AIS, STC, SPBR, but PS bottom of TR around 8 L, AIBRE4, PP bounce soon, but room to 50PB, and PS BRT"
36,"PW 30 32 33, WBLF 22 30, DB 8, AIBRE4, but EP, SPBR, BRB, HPWB2"
37,small SBU but still SPBR
38,"L1, SPBR, DT 35 at MA, but SBU 37, bad FT after 34, PS DB 8, PP BB and below 35 and at 50P, NS, PS LOM and TTR"
40,"H1 but TTR 35, just below MA, NS. L1, but TTR just below MA, BLB, NS. PS LOM, HPW"
41,"SBU, 28 LH MGA, but PP BLTR, middle of TR 8, PB STC for BRT. BL need FT. PP MBO to 28 H"
42,"H1, 28 LH MGA, but BRB so bad FT, PS SA. F BO, W 35 37, DT 31, but BO above BR CH, PP BB, HPWS2"
43,"W 37 41, DT 31, AIBLE4, but BRB, HPWS2"
44,"SBD. BL want BRTP and HL MTR. BR want DT 28 and BO below NL 35. TR since 8 so more TR likely, but big SBD so PP at least small 2LSD"
45,"BLBC, F BO, AIBRE, BRTP, HL MTR, bottom of TR 8, but LP B so NS. Still might get 2LSD after 44."
46,"L1, BT 43 L, 9t, but CC BLB, HPWS2, PS LOM and BB"
49,"DB 45, but TTR, TR, better to wait for breakout or 2nd signal. Low probability, bad for stop entries."">BBBR, NS"
51,"L2 43 but 3 BLB just above MA, PP AIL, TTR, PP BB, HPWS2"
53,"H1, AIL, but apex Tri, DD, BOM, TRESU or TREVD after rally to 19"
56,"F BO, W 46 41, DT 43, but AIL, 3 BLB, NS, SPBL, 28 H and HOD MGA"
61,"2BR, DB 52 at MA, AIL, but 5 BRB, TTR, LOM, NS. HPW"
66,"BO top of TR, BL need FT for TRESU"
67,"CCBLBC, but TR"
68,"BLTP, COL, AIBLE, but after 2 BBLBC, PS BB, HPWS2"
