BAR NUMBER,DESCRIPTION
1,"SGU to MMT on 60m. LDW. DD, increased chance of a lot of TR PA today. Y TR is PS FF so MGB."
2,"H1, IB, but BRB, 2 DD, PS LOM, HPWB2, PS SA"
3,"F BO HOY, MDT 1, HOY MGB, but BLB, TTR, LOM, HPW"
5,"BR IB, L2 3, but TTR and tail, so LRP S"
6,"H1, test of HOY, but BLD after 2 BRB, TTR, LOM, HPW"
9,"BR IB, COL, DT 3, room to HOY, PH, but TTR, LRP"
11,"SBD to below HOY. C at MA and above 4 L, but PP will go LR after BO TRI, and SBD"
12,"CC BBRBC, AIS, but back in Y TR so PS SW soon. exactly at GX L so PP will go LR, but BL want 2LT 4"
13,"2LT, BL IB COH, AIBRE, PL, but PP MRV after 2BBRBC"
15,"2 CCBLBC, ORV, AIL, but TR more likely than BLT after 2LT"
17,"LH but just became AIL 15, 5 BLB, BB. H1 but small bar after BX and just below MGA of 11 SX H, 8 BR leg H, HOD, and GXH, NWS since might get PB"
19,"LH DT 8, L2, but BLB, PP MRV and then 2LSU from CUPU"
22,"SBD, but still AIL. BUDC"
23,"HL, but after 3 BBRB, HPWB2. Still on DT S so L1, but AIL, HPWS2"
24,"II, but AIL, PS FF and BB, NS"
26,"IB, DD, TTR, BOM. AIL but still on 24 II S. HPW, PP will form HL 12, but not reliable bottom yet. BR wat 2LD from g 11 12 SBD"
27,"DB 22, f BO II 24, but TTR just below MA< 9 BBRMC, NS"
28,"DT 23 at MA, still on II S, LOD MGB since 60m S SB, but doji, TTR, PP AIL, LRP, NS"
29,"MDB 27, H2, PP still AIL, but TTR just below MA, BRD, HPWB2"
30,"SBU, BL want 2LU after rally to 19, but need FT. PS big Tri 3 19"
31,"2BR, SBD, but helod above 29 L so PS PB from 30 SBU. TTR 23, TRI 3 12 19 22 31"
32,"H1 30, but apex of TRI so LP, TR, better to wait for breakout or 2nd signal. Low probability, bad for stop entries."">BBBR, HPW"
33,"BO 31, CCBLBC, SBU, but TRD, so NWS"
34,"F BO, LH in BR CH 3 8 19, but DD after CCBBLB, AIL, PP MRV. PP 60m II"
35,"BRBC, but PP PB from 33 and not start of swing down in BR CH"
36,"H1, BT 31, but small SB, PP NWS. BL want BO GXH, which is above HOD. BR want BO below GXL, which is at LOD"
38,"LH, BR want 2LD after 35 and F BO abov3 31, but more likely PB from 33, HPWS2"
39,"LH, OD, but PP MRV, NS"
40,"SBD, BRCH 3 8 19 34m but TRD so better to wait for FT when selling at L of TR"
41,"DB 32, but tail, SBD 40, HPWB2"
42,"L1, 2LSD likely, but bottom of TR, tail, NS, HPW"
43,"F BO 22, H2 22, TRD, but BRB, HPW, still on BR CH S 34"
44,"H2 41, F BO 40, H2 22, still PB from 19, W 35 40, TRD, but LP so NS. BR want DT 42 at MA and BO below LOD and GXL"
46,"BBRB, BO GXL and 60m SSB. SBD, AIS. LDW"
48,"F BO, SX, H2 12, COH, AIBRE, PL, but NS since LP, SBD, 60ma MGB. L1 but BLB after SX, PS BB, NS"
49,"OD, 60ma MGB but CC SX and bounce. PS TTRD"
51,"CC SX, MW, 60ma, PS TTRD, AIBRE4, H2 48, but BRB, BB2"
52,"BLB, PS LTR, should test 48 H and MA, but MRV, weak B SB"
54,"DT 48 but CC SX, PP 2LSU to MA, PS LTR, CC BLB, PP BB, NS"
56,"CCBLB, 5 CC BLB, AIL, might get TREVU instead of LTR in TTRD"
57,"L1 at MA, AIBLE, PS top of LTR, but 5 CCBLB, BO above MA, PP MRVD and BB for 2LSU"
59,"II, H1, but BX at MA, NWS, PS SA. BX at MA, MDT, but BLB, 8 BBLMC, PP BB, SS2"
61,"F BO II FF, COL, AIBLE, but 10 BBLMC, PP MRV down to MA and 58 II L, HPWS2"
62,"H1, 12 BBLMC, but PS W 57 61, BX. W 48 57, II FF, but BLB, HPWS2"
64,"DB 58 at MA, OU, COH, MGA HOY and OOD, but TR, better to wait for breakout or 2nd signal. Low probability, bad for stop entries."">BBBR, top of TTR so LRP, NS"
66,"still BTC, but RS at 34 H and OOD"
68,"still BTC, but top of TR and at OOD, HPW. AIBLE4"
