BAR NUMBER,DESCRIPTION
1,"BRB COL, PH, but just below LOY and at 60ma, far below MA, SS2"
6,"f BO LOY and 60ma, 5t, COH, PL, but 6 BBRMC, BB2"
8,"BL IB, H1, AIL, but tail 7, MGN at 6 H after 6 BBRMC, ps DT 1"
9,"DTBF, 6H MGB, PP TRO"
10,"HL MTR, 2nd F BO 60ma and LOY, still AIL, PL"
11,"SBU. Might get OD day, BTC"
13,"F BO, 2LT, but doji, SS2"
15,"2LT 2es but 3 dojis, MM and COY TGA, H1, more up"
17,BO
19,"H1 but PS PW 13 18, MM TGA"
22,"PW 13 17, COL, MMT, Dec 10 L, AIBLE, SS2"
24,"H1, AIL, PS OU day, but 3 BRB, PW, 2SD likely, ps SA and above 22, BB2"
27,"F BO PW 22, W 1 22, PH, AIBLE, but SBU 25 26, MRV"
31,"W 22 26, OD, AIBLE, but tail, just above MA, 6 BTTR, NS, ps LOM"
33,"DB 29 at MA, but TTR, 2 BBRB, W top, PP AIS, SA"
37,"LH MTR but 4 BB, BB"
42,"ET 26 31, AIBLE, but tail"
44,"SBD, but near 14 L at bottom of ch"
47,"DB 14, MDB, LBL 24 should make money, AIBRE, but 3 dojis, AIS 44, ps LOM BB2"
50,"COL, AIS, but in BZ around 14 L and 60ma"
52,"DB 46, ET 29 33, 50% PB, should get above 33 L"
54,"SBU, TGTA, AIL"
55,"BTC, might get OU day, but TR likely soon since in earlier TR"
60,"ET but 9 BBLMC, SS2, pp BB. Still might get OU"
62,"H1 but 3 BRB, BB2, ps sa"
64,"BBRB, but MA PB, AIL"
66,"H2, AIL, HOY MGA, but BBRL, TTR, PP scalp"
68,"DT LH, but more likely PB from 66, SS2"
69,"H1, AIL, but top of TR, Hr P to B above 67 or 63. Still might get OU. BR want DT 63"
