BAR NUMBER,DESCRIPTION
1,"doji at BL TL, but just above 60ma and 51 major HL, pp TRO. Y was OU so increased chance of ID. BB around LOY, SA around HOY"
2,"BBRB COL, TGTB, AIS, but far below MA, just above 60ma, TRO, SS2"
4,"L1, AIS, but BLB just above 60ma, LOM"
6,"OU at 60ma, HL 51, AIBRE, but 5 BBRMC, pp mrv"
8,"3 cc BLF, COH, AIL, but at MA and in middle of Y TR, ps dt 1, NS"
9,"DT 1 at MA, AIBLE, PS HOD, but 3 BLB, AIL, more likely BB, ok to wait"
13,"DB 6, PL, AIBRE, but still BOM since DT and DB"
16,"L2 14 at MA, LH 9, AIBLE, but tail, PP AIL, SS2. BOM"
17,"MDB, AIL, COH, PL"
19,"W 1 9, AIBLE, LH MTR, LBRM, PH, but tail, SS2"
22,"HL in BL CH, DB PB, still AIL, but TR, better to wait for breakout or 2nd signal. Low probability, bad for stop entries."">BBBR"
24,"H2, AIL, HHs and HLs, but top of TR. PS TTRD so might get brief BO soon, then TR"
27,"OU, ps BTC BO"
29,"W 9 19 LH MTR, BRB COL, AIBLE, but cc BBLB, AIL, SS2"
30,"H1, AIL, but 2LU from 27 28 BO so PS SA"
32,"W 9 19, 2LU after BO, COL, AIBLE, ok swing S but TC so ps sw"
35,"H2 at MA, AIL, ok to exit shorts, but 3 dojis so not strong H2 B"
39,"BX, 7 bars without BLB, test HOY and COY, w 19 32, F BO W 1 9 32, PH, but 4 cc BLB, SS2"
41,H1 but BX so ps SA. BB2
43,"SBD, closed BGU 28 H, PP end of BLT so SD likely here or after 1 more new H"
44,"L1, OOD MGB, AIS, but doji, TRD so PP LBR not far below"
46,"L1 but BLB at Dec 10 L and just above OOD, TRD so LBR below"
48,"W 40 43 45, COH, at SP, should test 44 L for LBL, but LOM, 7 BBRMC, BB2"
49,"DTBF 46, OOD MGB, but CC BLB, at SP, LPM, PP BB and below 48"
54,"W LH MTR, but doji, TTR, LOM"
56,"BL IB but TTR, LOM, btw"
67,"HL, but 4 cc BRB, middle of 4 hour TR, LOM, pp SA, btw"
69,"PB, should test 67 H since LOM. BR want eBLT, but pp more TTR,"
