BAR NUMBER,DESCRIPTION
1,"BGD, COL, PH, but 4 d TTR, SS2, early TR likely"
2,"OU, f BO LOY and 60ma, PL, BA"
4,"L2 1, LBR 1 H PB likely. PH, but cc BLB, AIL, BB around H of 1"
5,"PW 1 4, 60ma, PH, but AIL, PP BB around 1 H"
7,"OU, MDB 4, AIL, but MA just above"
9,"Pw 1 5 but 3 CC BLB, room to MA, SS2"
11,"PW 3 5, COL, at ma and 60ma, PH, AIBLE, but AIL, MRV"
14,"W 5 11, f bo PW, 2 MA, AIBLE, LOM, PB, but did not reach Dec 10 L, which has been MGN for 4 days, still AIL, SPBL"
15,"H1, SPBL, AIL, but at RS, ok to BB2, PP BLTR"
16,"DB 12, AIL, but doji after BBR, TTR, SA and above 16"
18,"F BO, but BLB, AIL, BB"
21,"H1, AIL, but doji, TTR, LOM, PS SA"
22,"SBD, but LOM"
23,"HL MTR, F BO, AIL, but tail"
24,"L1 but CC BLB, AIL, LOM, BB"
28,"LH, COH, but 4 BLB, middle of TTR, AIL, SS2"
32,"OU, AIL, BP B, but 3 BTTR"
34,"COH, more up"
35,"18B, H1, AIL, but doji, L2 27, SS2"
38,"H1, but 4 dojis, need stop below 32"
41,"H2, but doji"
44,"H3 so WBLF, BLB, AIL, C above MA, but still need stop below 31"
47,"W 18 34, W 26 34, but 5 BLB, SS2"
50,"COH, but W 34 47, weak BLT, ps SA for 2LSD"
52,"W 34 47, OD, might test 44 L. but tail, ps BB around MA"
55,"DB 44 at MA, AIL, but doji, 3 BRB, ps SA and 2LSD, BB2"
56,"OD, AIS, but BB 44, 32, and 23 since TR and LOM"
59,"L1, AIS, ps MG 58, TGTB 29 L, 23 L , LOY, but BLB, LOM, BB and at TGTB"
60,"PW 56 58, but BRB, TC, middle of TRD, LOM, BB2 or B WSS"
63,"BO, AIL, but middle of TRD, PP SA and more TR"
64,"CC BLB, but top of TRD so LP BTC, better to B PB"
68,"LH MTR, COL but 9 BBLMC, BB, SS2"
70,"H1, AIL, but tail, BBRB, BB2"
