BAR NUMBER,DESCRIPTION
1,"big GD so PP SW for 1st hour. BLB but tail, SA"
3,"COH, 3 cc BLB, PS t1b, AIL, PL, but just below 60m, TR, better to wait for breakout or 2nd signal. Low probability, bad for stop entries."">BBBR"
4,"L1 at 60ma, but 4 cc BLB, t1b BL, BB"
6,"ioi, but BLB, BB\7 H1, AIL, 6 BLB, ok swing B"
8,"SBU, might get OD day today"
9,"2LT, but doji, SS2"
10,"BRB, 2LT, AIBLE, but 2LU likely, SS2"
11,"H1 but tail, BBRB 10, BB2, ps MDT for 2LT"
12,"2LT, COL, OD, PH, AIBLE, tgt BX L 8 or 7, but TR, better to wait for breakout or 2nd signal. Low probability, bad for stop entries."">BBBR, PP mrv"
13,"CC BBRB, 2LT, AIS, but PS 50% PB, BT 60ma and 5 H BOP, SS2"
14,"HL, BT, PL, ok swing B"
16,"DT 12, AIBLE, but pp BB, 50% chance OU day"
17,"OU, but tail, test 2500 BRN in middle of 3 day TR, 2LU 15, might get PB soon"
18,"W 10 12, L2 16, BRB, AIBLE, but doji, SS2"
19,"H1, AIL, but weak rally, ps W 15 17"
23,"1t below HOY, BV test HOY, SCT, W 15 17, BX, AIBLE, SS2"
25,"H1, BLB, but SBD 24 at RS, SA, BB2"
26,"MDB, AIL, MA, odds favor OU day, but BBRB, ps SW more"
28,"LH but MRV, might test BX 19 L"
33,"bull ioi at mA, but 3 dojis, room to BX L 19"
36,"BP B, AIL, but might get 1 more leg down before test HOD"
38,"SBU, but PS DT 28"
40,"DT LH MTR, AIBLE, 2 dojis so SS2"
42,"OU, HOY and HLW MGA"
45,"f BO HOY but TC, BB"
46,"H1, HLW MGA, but PS deeper PB to MA and ps SA 44, ii so ps FF"
49,"f BO HOY, ii FF 46, but HLW MGA, BLB SS2"
51,"DB, and a measured move up"">DBBF 46 but doji, TTR, LOM"
56,"BO, C below 12 bars, but ps ebtr"
58,"EBRT, but tail"
59,"cc BLB, EBRT, but tail so ps SW before attempt at HLW"
62,"LH MTR, but PP MRV"
64,"LH MTR 2e, but TTR 44. Might test 60ma, 32 L, 12H"
66,"BBRB COL, more down, ps STC but pp too early to make it to the eod"
71,"MDB, DB HL 32, bottom of 4 hour TR, AIBRE, but TTR and TC, NS"
