BAR NUMBER,DESCRIPTION
1,"daily chart has PW top so 2 week PB should start this week, maybe today. GD, BBRB, PP AIS, MGB, but tail, Y was LOM, ps LOM, btw"
2,"L1 but BBLB, just above 60ma, LOM, BTW"
5,"H2 at 60ma, but doji after BBRB, BB2"
6,"L1 but BLB, BRTR at SP"
9,"L1 but at 60ma, PS PW 1 5, PS BB"
14,"DTBF 6 but 5 BBLMC, LOM, NS"
16,"DB 8 but 3 BRB, LOM, SQ"
17,"L1, but ps Tri, LOM, BLB, BB"
19,"DB but tail, BB2"
21,"DB 8, MDB 19, PL, but tail, LOM"
24,"Tri 6 14, 20GBS, AIS, but LOM, NS"
26,"20GBS, 2es, COL, AIS, but PS FF since Tri"
27,SBD
28,"L1, BRB, ok S but PP FF 24 Tri"
31,"FF 24 Tri, FF 28, MM, but doji, BB2"
33,"L1, AIS, but pp TTRD so PP SCBL below and below 31. TR likely to ok B or S if WSS"
39,"HL DB, but 6 BBRMC 37, AIS, SA around 32 H and MA. Should get back to 25 TTR at some point"
41,"DT so L2, COL, might get one more new L, then W. but far below MA"
42,"COL, STC"
43,SBD
45,C in middle so not strong STC
46,"BBRB COL, nit good STC since BR BO below BR CH, and 7th cc BRB so PTg soon"
47,"OU, MDB 45, AIBRE, PL for bounce to 42 L GD, but tail, BB2"
51,"L1 at MA, but 4 cc BLB, W 8 31, AIL, PL, BB"
52,"HL, AIL, 42 L MGA, but at MA, NS"
57,"DB 52 HL MTR, MGA, but just below MA, BRB 56, BB2"
61,"HL MTR, EBRT 59, but pp AIS after 59 60, BB2. L1, AIS, but PP BB 47 since BR CH"
63,"COL, STC, but BB since BR CH"
65,"f BO in BR CH, PL, AIBRE, but tail, TC, BB2"
67,"L1, but PP PTg before EOD so PP BB not far down"
69,"F BO BRCH, MDB 65, AIBRE, might get PTg, but NS since no C above MA all day"
