BAR NUMBER,DESCRIPTION
1,"big GU, BLB COH, AIL, PL, but far above MA so 80% chance TR for 1st hour until close to MA, btw"
2,"F BO 60ma and Y BR CH, but doji, AIL, LOM"
3,"H1 but BRB, SA"
6,"2nd F BO BR CH and 60ma, AIBLE, but doji, LOM, AIL, PP BB"
8,"W 2 6, COL, ioi, AIBLE, PH, Ps test LOD and MA, but tail, TTR, NS"
10,"SBD, AIS"
14,"L1, AIS, STC, but at MA and 60ma. Might test COY"
19,"MDB just above COY, DB HL 81, PL, COH, AIBRE, but 12 BBRMC 18, MRV"
21,"L1 at MA, AIS, PP will get BO 18B, but BLB, TR likely soon"
24,"W 1 18, COH, PL, AIBRE, ok B, but Hr P to BB2 since TBRCH"
26,"L1, ps MG 18 L, but doji, W, NS"
27,"COL, AIS, AIBR S"
28,"CC BRB COL, STC"
30,"F BO LOY, W 18 24, but doji, BB2"
35,"CC bottoms with 24 W, f BO LOY 2eb, PL, AIBRE, but PP MRV"
37,"3 cc BLB, AIL, BB, but PP MRV and test of 24 H or 60ma"
38,"H1, AIL, but BRB"
41,"H1 but BRB, W 31 37, SA"
44,"H1, SBU after SBD, should go up, but TTR so ps FF"
47,"f BO, W 31 42, but doji 60ma TGA, BB"
48,"H1 but BRR, SA"
50,"W 42 46, but TC, BLB, AIL, 60ma MGA, BB, SS2"
52,"W 46 50, but TCH, 1t body, LOM, MRV"
53,"H1, AIL, BLCH, 60ma MGA, but LOM,"
56,"eBLT at 60ma, AIBLE, but TC, MRV"
59,"H1, but at 60ma and after BX 55, top of TTR and weak BL CH, BB2, still on 56 S"
60,"MDT, but BLD, PP LOM"
64,"HL MTR, H2 59, AIBRE, but doji"
66,"H1, 3 BLB, room to 60ma, but dojis, middle of TTR, LOM"
68,"DT 60 LH MTR, but tail, middle of TTR, NS"
69,"H1, AIL, BL want BTC rally back to OOD, but tail, just below 60ma"
