BAR NUMBER,DESCRIPTION
1,"BRB but tail, TTR, at 60ma and ma and both are flat, LOM"
2,"OD, CC BRB, AIS, but tail, TTR, BL CH, btw"
3,"HL 64 in BL CH, ET 73 77, PL, but doji"
4,"CC BLB, new HOD, AIL, but tail, TTR, LOM"
5,"ET 71 79 but 3 BLB, AIL, LOM"
7,"DB 2, AIL, but doji, TTR, NS, HPW"
8,"BBLB COH, BTC"
9,"cc BBLB, BTC"
10,"Tail, top of BL CH 55 71, BB, but not strong BTC"
11,H1 but 2 dojis and ps W
13,"W 4 10, COL, PH, AIBLE, but 6 BLB so PP MRV"
15,"L1, 3 CC BRB, still on swing S 13, but just above MA, BR need 1 more bar and C below MA for AIS"
16,"C at MA, 4 cc BRB, AIS but might get bounce and LH"
18,"HL at MA, but 5 BRB, MRV. BUDC"
20,"BP B but BRB, AIS, SA"
21,"SBD, but bottom of TRD"
22,"L1 but big doji, bottom of TRD, PS BB"
23,"DB, and a measured move up"">DBBF 7, W 11 22, 5t, but doji, B2"
25,"OU, 3 BLB, might get BL BO and REVU since TRD and 2LD"
26,"SBO, AIL, but at 21 SX H and middle of TRD"
27,"DTBF 21, but SBU 26, BB. BP B, AIL, but BRB, btw"
28,"PW 24 26, but BLB, AIL, BB, SS2"
29,"H1 but BRB, TRD, SA"
31,"MDT, F BO 21, LH MTR, COL, but MA just bleo, TC 28, PP BB"
36,"BR IB, 7 BBRMC, PP AIS, but TRD"
40,"L1, AIS, but bottom of TRD"
42,"H2 23, F BO, SX, BL IB, AIBRE, but TC, BB2"
43,SBD but tail
46,"f BO LOW, CSX, COH, AIBRE, PL, but NS, MRV, unless WSS"
47,"L1, but bottom of TRD, MDB 46, PP BB"
48,"f BO LOD 3 2eb, but PP weak rally to OOD"
50,"L2, COL, ok S but PP BB"
52,"DB 48, OOD in middle of TRD so MGA"
54,"W 47 50, MA, but BLB, AIL 53, OOD MGA, PP BB"
57,"H1, 60ma MGA, but BRB, weak rally, SA and above 56, LOM"
60,"W 50 54 56, but TTR, LOM, BB, 60ma and OOD TGT"
61,"H1, AIL, but TTR and MGA"
63,"EBLT, test OOD and 60ma, AIBLE, but tail, SS2"
65,"H1, AIL, but at TGTs, 2 BRB, 4 BTTR, NS"
68,"ps BTC, but PP not new HOD"
69,still BTC but too early so PP will not last to eod
