BAR NUMBER,DESCRIPTION
1,"Big gap up, so 80% chance of DT, DB, W top, or W bottom in 1st hour. BRB, but tail, btw"
2,"H1, but doji after BBRB and GU so SA"
4,"H1 2eb, but tails, TTR, LOM, SA 1 and OOW"
5,"L2, f BO HOY and OOW< but BLB, btw"
6,"H1, COH, T1B, BTC"
10,"W 1 5, PH, AIBLE, but 6 BBLB COH, SS2"
11,"H1 but BRB, SA"
14,"test OOW, AIL, but TTR, BTW"
16,"W 1 10, PH, AIBLE, but ps 1 more leg up after 4 – 9 BO"
18,"H1, SPBL, HLW MGA, but doji, still on 16 S, BB2"
20,"2es, ps HOD, still on 16 S, but BLD, still AIL, so not HP"
24,"DB 13 at MA, test OOW, 20GBB, bottom of TR, AIL, but doji, 3 BRB, BB2"
30,"LH MTR but 7 BBLMC, AIL, MA just below, PP MRV"
34,"MA, COH, AIL, but OU, still in TTR"
38,"H1, ii, AIL, but tail 36, top of TR, btw"
39,"HH MTR, MDT, OD, PH"
40,"CC BBRB, AIS, but tail, bottom of TR"
42,"F BO bottom of TR and OOW, BB2"
43,"L1 but doji, bottom of TR"
45,"MDB but BRB, BB2"
49,"LH MTR, L2, but middle of TTR"
51,"H1 in weak rally, middle of TTR, LOM, btw"
53,"W LH MTR but middle of TTR, LOM, BTW"
61,"W 24 41, MDB, test OOD, COH, but TTR, PP will stay around OOW"
69,"MDB 65, but doji, TTR, LOM"
