BAR NUMBER,DESCRIPTION
1,"Big gap down, BBRB, AIS, PH, but tail, ps BB"
2,"2 cc BRB, COL, T1BR, STC, but far below MA, PP bounce soon"
3,"F BO LOY, BBLB COH, PH, but CC BRB, BB2"
4,"DT 1, COL, AIS, but PP BB 3"
7,"MW 3 6, AIBLE 4 – 6t above any bar and 1t above BLB"
9,"DTBF 6 but LBLM, BB"
10,"OU, MW 3 6 8, PL, AIBRE, ok swing for test MA, but TTR, PP SA around MA and H of 1"
15,BBLB just below MA so BR will STC for W 6 8 12 DT 1 and PH
16,"DT, W, COL, PH, but LOM, PP BB around 7 H"
20,"DB, PL, room to MA, but 6 BBRMC, MRV"
24,"Tri 1 15 just below MA, PH, but doji, BOM"
25,"BRB, MDT at MA, PH"
26,"C near L, STC"
29,"L1, PB from 18B BO, SYC, but small bars so not yet strong"
32,"W 19 28, H2 20, H2 8, PL, but 7 BBR, MRV"
37,"MA, but 7 BBLMC, BB"
38,"H1 but LH at MA, BB2"
40,"H2, AIL, but TTR, LH, BTW, PS SA"
41,"MDT at MA, AIBLE, NS"
44,"HL MTR, might test HOD"
50,W 39 47 but TC
51,"H1 but doji, weak rally, just below HOD, PP SA and above 50"
54,"W 47 50 DT LH 15, but TC, MRV. H1 but SA since top of TRD"
58,"H3, W 51 54 57, but doji, near H of TRD, PS SA, small B SB so small risk and therefore L P, BB2"
60,"BL ioi, C at MA and COH W 55 57, AIL, but PP MRV"
67,"ii, W 39 53, F BO HOD, just below 60ma, but 3 dojis, TBLCH"
70,"H1 but BRB, W, just below 60ma, ET 1 15, PS SA"
