BAR NUMBER,DESCRIPTION
1,"BLB, AIL, but top of BL CH, HOY, 60ma. BL CH is BRF, odds favor SD soon, then TR. F BO HOY, PH, but BLB, SS2"
2,"BBRB, but tail, just above MA, in BL CH, BB2 and SS2"
3,"H1, PL, but doji, near top of CH"
5,"f BO HOY and 60ma 2es, AIBLE, but doji, PS BB, SS2"
6,"H1, AIL, but BRB, PP SA"
7,"f BO HOY and 60ma, W, S below 6"
8,"SBD, should test bottom of BL CH"
11,"LL DB 3, f BO LOD, MDB, PL, but PP SA and LH"
12,"SBU, but still might get LH"
13,"LH but SBU 12, SS2"
15,"3 cc BRB, PP SB 10 and MMD since BOM"
17,"SBD, ps OD, but PP TR 1st since Y BL CH usually becomes TR"
19,"H2 10 at MMT, MDB, AIBRE, but 6 cc BRB, BB2"
22,"L1 but 3 BLB, BB, should test 10 L for SBL. Still no 18B"
26,"cc BLB, AIL, SPBL, but PP BLTR"
30,"PW 22 26, 2LU 26, 50% PB, but BRD, AIL, SPBL, BB, ps TTR, LOM"
32,"H1, AIL, but TTR, PP SA, but 60ma MGA and AIL so might get BO above PW 30"
33,"SBU, but PS 2LT and BV test 60ma"
35,"PS 2LT, AIBRE below BRB or 4 – 6t below any bar"
36,"2LT, pp test 31 H and 33 L, then TR, BUDC"
38,"HL MTR, COH, but BB2 after BUDC, PP SA"
40,H2 but 2LD likely after 36 37
42,"LH, MRV, middle of TRD"
43,"H2 38, but BRB, TTR 38, LOM"
48,"ii, W 37 43, OO 46, AIL, but TTR, 60ma just above"
49,"MDT, COL, ii 48 in middle of TRD so BOM, but AIL, just above MA, B signal above 46 oo, SS2"
50,"H2, COH and above MA, AIL, but 60ma above"
54,"DT 35 at 60ma and HOY, W 44 46, COL, but TR, better to wait for breakout or 2nd signal. Low probability, bad for stop entries."">BBBR, PS PB from 51, SS2"
55,"MDT, DT, 2es, but at MA, middle of TTR, PP another DD so COD near OOD"
60,"H2 46, but doji, 3 BRB, AIS, BB2"
61,"L1 but BLB, bottom of TR"
63,"BO below 46 NL of 35 53 DT, STC, but TRD so NS"
65,"L1, AIS, but BRB, far below MA, TRD, PP BB"
67,"PW 60 64, H2 46, TRD, AIBRE, but TC 53, BB2"
70,"SBU, PP AIL"
