BAR NUMBER,DESCRIPTION
1,"yesterday was an outside day in a 3 day TTR so increased chance of inside day today. BGD, test of 60ma and 50% PB. BO below HST and 60ma, but small BO, tail, LOM"
2,"cc BRB, BBR COL, AIS, but just below 60 bar TR, far below MA, ps BB, btw"
3,"L1 S, AIS, room to LOY MGB, but BBLB, TR, better to wait for breakout or 2nd signal. Low probability, bad for stop entries."">BBBR, ps LOM, btw"
5,"SX, MDB 3, but only BLD and after BBR and 5 BBRMC, BB2"
6,"L1, T1B, room to LOY, but cc BLB"
7,SBD
10,"SX, COH, PL, AIBRE, but MRV"
12,"L1 but PP BB and below 10, then TD"
16,"LL DB 10, BLB, AIBRE, PL, LBLM"
18,"BO, 3 cc BLB, COH, PL, but MRV and TR more likely than MTR"
19,"DTBRF but 4 BLB, AIL 18, BB"
25,"H1, AIL, but doji at MA"
26,"SBU, 20% chance OU after Y OU"
28,"H1 but ps 2LT, tails 27 28, 60ma, BRD, SA"
29,"BBRB, 2LT, AIBLE, but more likely BLF"
32,"H1, but 5 BRB, LOY MGB, SA"
33,"L1 but BLB just above MA, BB, ps TTR. LOY MGB"
39,"F BO below TTR, test LOY, AIL, but doji, TTR, 25 BX L MGB, BB2"
42,"DTBF 34, 25 BX L MGB, but doji, TTR"
44,"cc BRB, AIS, PP will test 25 BX L"
47,"2LT 32, but SBD 46, BB2"
48,"L1, AIS, but 2 BLB COH so Lr B, ps TTR"
50,"OU, but at MA and 46 SX H"
52,L2 at MA but TTR 47
54,"DB HL 46 but doji, 2 BBRB, BB2"
56,"COH, but just below MA, middle of TTR"
57,"DT 41 at ma but middle of TTR, BOM"
59,"Tri 46 54, BOM, but BRD, SS2"
60,"OU, but TRD so PS BLT"
61,"W 57 59, F BO, DT 51, but TC, tail, LOY MGN, SS2"
63,"3 cc BRB, bodies getting bigger, AIS, but still in TTR, BB 58 and 46"
67,"L1, 7 cc BRB, STC, but at L of TR"
69,"BBRB late in BRT so SX, BL scalpers will BTC, betting of brief BR PTg"
