BAR NUMBER,DESCRIPTION
1,"FOMC 11 am. GU, 2 day island bottom, but doji, middle of 2 week TR. Small GU so PP will test HOY"
2,"BLB, H1, but also f BO HOY, MDT, HOY MGB. PP LOM, Btw"
3,"BBRB, should close GU"
4,"cc BRB, AIS"
5,"L1, but BLH. Should fall below HOY"
6,"SBD, MA MGB"
8,"PW 1 3, COH, PL but 8 BBRMC, BB2"
9,"L1 but CC BLB just above MA, BB"
11,"MDB 8, 50% PB from Y HL, test MA, PL but tail"
13,"BO and FT, AIL, but small bars, TRO. L2 but 3 BLB, BB, SS2"
14,"H1, AIL, SPBL, 4 CC BLB, but need BO to convert into clear BLT instead of BLTR"
16,"DT 1, PW 9 13, PH, AIBLE, but 5 CC BLB, SS2"
17,"H1 in SPBL, but CC BRB, PW, BB2"
18,"H1, AIL, SPBL, but tail, weak rally"
20,"H1, BO and FT, AIL, but small BLB"
24,"HH MTR, BRB, AIBLE, but 6 BLB, SS2"
25,"H1, AIL, but TTR 22, far above MA, WSS still on S below 24, but SS2"
27,"H2 25, AIL, MMTA, but weak rally"
33,"COH, still BTC, but PP PTg at MMTA, far above MA, FOMC 11 am, PP PB soon"
35,"OD, MMT, PW27 31, but SPBL, SS2"
36,"H1, but OD at MMT, PP SA"
40,"20GB B, H2, but 5 CC BRB, SA, TTR"
43,"H2 at MA, but TTR, LOM, BTW for FOMC"
45,"LH, PP small 2LD. Past 5 days were dojis so might test OOD. PP TTR into 11 am FOMC"
48,"MAG, but TTR, wait for FOMC"
55,"FOMC, huge BLB so increased chance of more Bg, BO HLW so H1 B on weekly"
56,"f BO, but PB from 55 so H1 B"
58,"doji so pause and H1 B, but ps 3LU and another W"
60,"PW 55 57, PH, COL, AIBLE, but 6 BBLMC, MRV"
61,"H1, but doji, still on 60 S, BB2"
63,"H2, AIL, AIBRE, but 3 dojis, far above MA, PS more TTR"
64,"COH, BTC"
67,"DT Dec 12 LH, W 35 59, W 55 59, SBD, COL, AIBLE, but SBU 64 65, SS2, BUDC"
68,"CC BBRB, room to MA and 63 BX L, more down"
69,"H1 but doji, BUDC, BB2"
