BAR NUMBER,DESCRIPTION
1,doji in Y TTR after Y BX. Deec 12 H still MGA and should test it again today or tm. LOM
3,"MDB, PL, 2 COH, COY and HOY MGA, but PP MRV since TTR"
5,"cc BLB, BTC for test Dec H and maybe 2017 C and 2700 BRN"
13,"F BO HOY, Dec 12 H, 2017 C, AIBLE, PH, but 12 BBLMC SS2"
14,"H1, TC, 2700 BRN MGA, but 2 dojis, BX, ps SA 13"
16,"MDT at RS, BBRB COL, AIBLE, PH, but TTR more likely"
17,"H1, MDB 14, but BRD after BBRB and MDT, SA, BB2"
21,"ii, AIL, but TTR, far above MA, NS, tri late in BLT so ps FF. BR want DT and HOD but small DT, MRV"
24,"W 15 19 but small doji, AIL, PP BB"
25,"OU, AIL, COH, BTC, but small bodies, PP FF 22 TR. No top yet"
26,"COH, 4 BLB, BTC, might reach MMU"
29,"BBLB at MMT, BX, PB likely soon"
31,"BBRB COL, MMT, FF 22, AIBLE, SA, SS2"
32,"OD, MDT, PW 81 15, PH, but SS2"
34,PS EPB to 22 FF and Dec 12 H
37,"20 GB B, AIL, but EPB from PW, FF MGB, 6 BBRMC, SA, BB2"
41,"F BO, BL ii, MAG, but SBD 39, room to c of 2017, HOY, and apex of Tri. BB2"
45,"L2, but TTR"
46,"OD, COL, more down, but near TGT"
50,"H2 40, H2 47, 2LD 39, COH, AIBRE, should test 46 SX H and maybe 39 H, but might get 1 more small leg down 1st"
52,"MDB, TGTA, but middle of TTR"
56,"DTBF 44, but 3 BLB, BRD, SS2"
58,"HL but 3 BRB, still on 56 S, SA"
63,"H2 58, HL 49, 2 BLB, AIL, AIBRE, but tails, C below MA, NS"
66,"DT 55, but 4 BLB"
68,BO and FT but bottom of TR and TGT not far below
70,"H2 40, f BO, test C of 2017, AIBRE, but tail, 4 BRB, BB2"
