BAR NUMBER,DESCRIPTION
1,"BGU but BRD, LOM, BTW"
2,"BLB COH, AIL, but far above MA and at RS of HOY. AIL, but BB2"
3,"cc BLB, AIL, but tails, far above MA so Lr P"
4,BL ib so H1 but tails and at HOY
5,"f BO HOY, shrinking bodies, but 5 BBLMC, BB"
8,"f BO HOY 2es but 6 cc BLB, MRV"
10,"3 cc BRB, BUDC, but still AIL"
11,"huge OU, SBU"
13,"COL, 2LT just below HLW, AIBLE, but still AIL, SS2"
15,"H1, AIL, but BRB, BB2, better to B above BLB COH"
20,"H1, but BRB, W 7 13, W 13 19, f 18BO, F BO HLW, ps SA"
21,"OD, W, AIBLE, PH"
24,"DB 15 but 5 cc BRB, SA, BB2"
26,"MDB, HL DB, and a measured move up"">DBBF 15 so BL CH, HLW MGA, but 50% chance TR instead of BLT"
30,"F BO HLW 2es, LH MTR, HST, but tail, 3 cc BLB, SS2"
32,"BP B, AIL, but top of TTR, NS"
35,"W 13 21 but TC 25, BB"
37,H1 but 3 dojis far above MA
40,"still BTC, SPBL, MMTA and Feb L TGTA. Only B, do not S"
45,"BX, SD to test MA likely here or soon, ok to exit long. SPBL, SS2. Might reach Feb L today"
48,"H1 but TTR 40, room to ma, odds favor BBRB or 2 and EBRT. Might test HLW and 37 bottom of CH"
52,"20GB B, EBRT, odds favor new HOD and BB 52. 30% chance of bear swing"
53,"DT 49, but tail, still on 52 B, LPS"
55,"3 cc BRB, but bottom of TR 37, testing HLW, PP BB 52. SPBR but BRTR more likely. BR need big bear BO and FT"
57,"W 48 52, test HLYW, but TC, tail, BB2"
59,"COH, 3 cc BLB, AIL, Feb L MGA, but small bars in middle of TR"
63,"LH MTR, OD, but 2 dojis, SS2"
64,"SBD but big tail, still in t3 hour TR"
66,"DB 56 at bottom of TR, but 4 BRB, BOM, might wait until 12:35 to BOUD"
69,"2eb, AIL, but TR, better to wait for breakout or 2nd signal. Low probability, bad for stop entries."">BBBR, ns, LOM"
