BAR NUMBER,DESCRIPTION
1,"BRD at top of 40 bar TTR, DT LH MTR, but doji, LOM"
2,"BBRB but big tail, LOM"
4,"MDT, LH MTR, PH, but PP more TTR"
6,"LL DB, HL 72, PL"
13,"SBU, should get BO above Feb L and GX H"
17,"f BO but 7 BBLMC, BB"
23,"F BO Feb L and HOY 2es but doji, TTR, BB, MMTGA"
25,"H2, TGTA"
26,"SBU. Still SPBL, but several big bars so BX, increased chance of TR"
27,"FT, BTC"
30,"BBLB so BX, do not BTC"
31,"big OD, pp TR soon"
33,H1 but might get 2LD
39,"HH but TC, MRV"
41,"H1 but 3 BRB, PP SA and then TR"
44,"HH, but LBRM, TR soon"
46,"H1 but W 30 37, doji, SA and then test of MA, 41 L, and maybe 32 L and Feb L"
49,"BBLR, COH, H1, but still did not touch MA so PP SA"
50,"W 2es, should test MA and maybe Lr SP"
53,"EBRT, but BRB, SBD 52, BB2, might tests Feb L"
57,"H2, but doji, Feb L MGB, still on 52 S"
59,"DTBF 55, COL, MGB"
62,"H3 but BRB, TC, MGB"
66,"f BO Feb L, PB, but cc BRB, BB2. AIBRE 1 pt above"
67,"SBU, TR likely, maybe for rest of day, with Feb L MGN"
68,"DT 64, but BO and TF, AIL, BB"
71,H1 but ps DT 55 and PW 67 69
