BAR NUMBER,DESCRIPTION
1,"GU but small BLB with tail, should test HOY"
3,"MDT, PH, should test HOY and pp MA. BL want DB or W ORV at MA and 50% PB"
7,"H2, test of HOY, but AIS 5, MA and HOY MGB, MRV"
8,"LH, should close GU"
9,SBD
11,"PS 2LT, PL, but BB2 after 2 BBRB COL"
12,"L1, COY MGB but 2 BLB"
14,"H2, 2LT, but L1 15 BBR COL, STC"
18,"f BO Feb L, H4 2 6 10, PL, AIBRE, but MRV"
19,"cc BBLB, AIL, but MRV"
24,"DTBF 14 at MA, MDT, PH, but AIL, PP BB"
26,"HL MTR, AIL, but 2 BBRL, PP MRV"
29,"COH, room to 24 SX H"
30,"SBU, C far above MA"
33,H1
36,"f bo HOY, PW 31 34, L2 24, AIBLE"
37,"COL, should test MA and ps 33 L"
39,"DB, and a measured move up"">DBBF 33 at MA but 2 BBRB, SA"
41,"H2 39, HL, AIL, NS"
50,"DT LH at HOU but 10 BBLMC, MRV"
52,"H1 at MA, AIL but top of TR so LP and TR, better to wait for breakout or 2nd signal. Low probability, bad for stop entries."">BBBR, NS"
54,"EBLT, AIBLE, NS, might get H1"
56,"H1, AIL, but ps DT 53"
58,"DT 53 but tail, LOM"
60,"H2 at MA, OOD MGA, but BBRB 59, ps TTR"
65,"ET 53 58, test OOD, ioi, but big tail, TTR, LOM, just above MA, SS2"
68,"ET BLF, AIL, no C below MA in 20 bars, OOD MGA, but TTR, TR, better to wait for breakout or 2nd signal. Low probability, bad for stop entries."">BBBR"
