BAR NUMBER,DESCRIPTION
1,"GU, BLB, but small body, BB2"
2,"f BO HOY but doji, LOM"
4,"H2 but 3 BRB, TTR, BB2"
6,"H1,, but doji, MGB at 4H, PS W 2 5"
7,"f BO HOY 2es, PW 2 5, but BLB, LOM, btw"
10,"HL at MA, but strong 8 9, f BO above Y BL CH, ps SA, BB2"
13,"SBD, C below LOD and MA, AIS, but at BL TL, need FT, else LL DB 4"
14,"BLD, weak FT, but 2LD likely, should test at least COY. Small chance of OD day"
16,"PW 10 14, COH, f BO below BL CH, PL, AIBLE, but MRV, BB2"
18,"3 cc BLB, might get BL BO and AIL"
20,"LH, BRB, but tail, 4 BLB, AIL 19, BB. H1 but BRB, SA. AIL, but still LH, TRD, BR CH"
23,"BLB, but tail so many AIBL will wait to B again. PS LOM"
24,"DT 11 LH MTR, but BLD, SS2"
27,"H2 25, above MA, AIL, but TTR, 3 BRB, PP SA HOD"
30,"W with Y 3, ET 2 7, COL, PH, PW 21 24, AIBLE, but TC, strong 28 29, SS2"
31,"H1 but small BLD after big BRB, need stop below 27"
33,"H2 but above MA, 2 BBRB, might get more SD, NS"
37,"SPBL, TC 21"
43,"OD, MMU from LOD to OOD, AIBLE, PP will test Dec 10 L and OOD, but TC, SS2"
44,"H1, MDB, 20GB, but 2 BRB, doji, TRD, OOD MGB, PP TTR and LOM"
50,"h2 but doji after BBRB, should test OOD or 33 L, SA"
54,"EBRT, test Dec 10 L, PL, but tail, OOD MGD"
55,"SBU but big tail, f BO HOD, btw"
57,"HH MTR, F BO W, EBLT, but TR, better to wait for breakout or 2nd signal. Low probability, bad for stop entries."">BBBR, BTW"
58,"SBD, AIS, PP will C day below OOD"
60,"L1 but BLB, at OOD TGT, TRD, PP BB"
62,"OU, CC BLB, AIBLE, but pp MRV. TRD, might test 57 L"
63,"BO, AIL, but PP MRV"
65,"LH MTR, but 5 BBLB, tail, BB, SS2"
68,"H2, ioi, but BRD, 2 BBRB, top of TR, BB2"
