BAR NUMBER,DESCRIPTION
1,"Fri was BDBU so SW likely. Big DD so prob ID today. BigBLB, but just below Y DT, LPB"
2,"ORV down from MA,PH, but just above 75 HL, poss DB there"
3,"DB HL MTR 75 but CC BRB, AIS, SA"
5,"STC, but testing 65 H, and poss ORV up from LOY. Most should wait R BP S but BLB, near bottom of likely TR, BB"
7,"HL MTR, PW 3, 5, AIBRE, PL so ok B, but TBRCH so hpw"
9,"AIBR Fd to trade below 9, becoming AIL"
10,"cc big BLB, AIL, but prob BLTR. Test of MA, like 1, but LP S"
12,"DT LH 4 at MA but 3 CC BLB, AIL, BB. TRD and ID likely. AIBLE"
14,"HL, BLB, AIL, AIBL B again, but might get 1 more new LOD for W HL"
16,"bad FT again. Bad FT UD, prob TRD, but currently AIL"
19,"NW 15 17 and 7 11, but BLB, BB, AIL. Prob BLTR"
20,"BP B but BRB, weak rally, SA. Might test 13 L or 7 L today or tm for DB HL MTR"
22,"NW, weak rally, but doji and TC. Odds favor test down. BL not Bg aggressively here"
24,"BP B but top of TTR in TRD, SA"
30,"W 24 27 but TC, 13 HL TGTB, LPB"
32,"H4 but cc BR bodies, BB2"
34,"DTBRF 30, 13 L TGTB, but BRTR, BLB, LPS"
38,"DTBF 34 at MA, 13 L MGB, but doji, bottom half of TRD, poss BB"
43,"DB HL MTR 7, but TC, 4 CC BRB"
45,"3 CC BLB, AIL, but TR so poss deep PB"
49,"DT 35, but AIL, BB. Since TR, stop below 43 since might test 43 H. ok to wait to B HL"
55,"Tri 7 42, PB from Y BL reversal, AIL, ok B for test OOD"
58,"Tri, MA, but AIL. apex of tri so almost 50-50"
60,"HL, BLB, OOD MGA, AIL, ok B63 L2 49, test OOD, 2LT, but 4 BL bodies, still might get closer to OOD, LPS"
63,"L2 49, but 4 BLB, missed OOD by 2t, AIL, BB"
66,"H1, stop below 61, for test OOD"
70,"W 49 64, OOD, but 60ma and HOD MGA, TC, LPS. prob will stay around OOD and form DD"
