BAR NUMBER,DESCRIPTION
1,"big GU, AIL, bull bar, but doji in top half of 6 day TTR after PW top on daily chart, wait"
2,"H1 but 2 dojis, far above MA"
3,"big BLB but poss 2nd F BO HOY soon, btw"
4,"2nd f BO HOY, PH, ok S but TC 72 so prob mostly SW for 5 – 10 bars before test COY and 60ma"
8,"F BO LOD, DB, PL, but doji, 5BBRMC, still on 4 S, more TTR likely"
11,"GU W 2 8, PL, AIBRE, ok B, but more SW likely"
14,"LH but 4 BLB. BOM, bit 20GB B below LOD"
16,"W 2 10, but bear BO below W, AIS, slightly more likely going down. AIBRE"
19,"f BO LOD, test HOY and 60ma, good BLB, PL, ALBRE, but still AIS. Poss BRCh, and Br will S around 50% PB, just above 10 L, or below BRB"
25,"LH, BRCH, ii, but 7 BBRMC, SS2, still might get BL BO, then TR or BL TD"
28,"2LT, test of 3 C, AIBL trying to exit, but now AIL again, BB"
29,"H1 but doji, prob SA around 3 C where SBL will exit. TRD likely"
34,"f BO 14 2es, but TTR, AIL 27, MMTA, BB"
38,"BO, MMTA, AIL"
42,"f BO, 2LU, 2es, L4, but BLB, SPBBL, BB, poss MG 38. Still prob BLTR, but not good top yet"
49,"SCT, W 28 42, CCT with L2 34 then W, should test 36 L and prob OOD, but might go a little Hr 1st"
51,"BO, poss start of swing down to 36 L and OOD"
56,BO but LBR making money so B PB
60,"H2 but 4 BRB, SA"
69,"H2 62, ioi, AIL but TTR. BL want BTC, but TTR, stairs"
72,"cc BLB, COH, poss BTC, but LBR made money at every new H today so better to only B PB, not BO"
