BAR NUMBER,DESCRIPTION
1,"F BO HOY, F BO ATH, COL, PH, but TC since 19, and just above MA. BTW"
2,"CC bear bars but still in Y TR. AIS, but need FT Sg, else more TTR"
3,"ORV up from COY and MA, PL, but doji, 2 BRB so AIS, SA and prob early TR"
6,"LH, AIS, COL, ok S but TTR so HPW. most traders still scalping"
16,"W 2 10 14, but TC, BRB, room to 60ma and LOY, LOM. BR Sg above bars, but 4 legs down in W bottom so prob bounce soon"
19,"F BO below BRCH, test 60ma, AIBRE, poss LOD"
23,"L1 at MA but 2 BLB, AIL, prob TR, but might test 19 L before test 3 H"
28,"HL but top of TTR 14. AIL, stop below 28 or 18"
32,"F BO Tri 17 22, but AIL, middle of TR"
34,"HL, AIL, but TTR. Bulls want test 3 H and 6 H aat top of BRCH"
39,BTC but TRD
41,"BRB but 50% PB, 3 H TGTA, AIL, BTC"
44,W 32 39 but MRV into FOMC
55,"FOMC report, BL OU, AIL, but big doji, btw"
56,"CC BLB but big tails, AIL, BTW. BB, poss LOM, TTR"
59,"f BO 55, but prob AIS, poss OD day"
61,"doji LH, scalpers will S, L1 for swing but LP"
63,"big BO, AIS, but prob BB around LOY"
66,"L1, AIS, but BDBU prob more SW"
67,"MDC test LOY, but only 1t BLB. AIBRE"
68,"L2, AIS, but bottom of TTR so poss FF"
70,"W 55 64, f BO LOY 2eb, but TC, MRV, AIBRE"
71,"CC BLB after W bottom, AIL but TR likely since TBRC"
