BAR NUMBER,DESCRIPTION
1,"GD, but BLB, PL, but early TR more likely since good top on daily chart"
2,"BTC, but prob TR so btw"
4,"BO and FT, AIS, SA. H2 1, 2nd f BO LOY, PL, but TRO likely. BTC BL 2 should be able to avoid loss"
7,"DTBF, 2nd Fd attempt to C GD, PH, but strong 5 6, poss BB and TR. LBR 4 H should make money so should test 4 H. BOM"
9,"3 cc BRB, had BOM BO above HOD. If get BO below 4, then prob MMD. Ok S below 4, but need stop above 7"
12,"ET 1 4, strong BLB, AIBRE. PL but more likely LH and BRCH"
13,"L1 but CC good BLB, BB and more SU"
15,"L2, bear ioi, but 3 BLB so prob BB and more SU. Only S if stop above 7"
17,"DB 14, ok B for test MA"
20,"LH at MA, 2LT, but prob BB and new HOD, but poss TTR 1st"
23,"ET 3 7, F BO LOY, L2 20, but AIL, 3 BLB, MRV"
25,"PW 14 20, ET 2 7, prob SD to MA and maybe 21 L. still AIL"
33,"MA, AIL, but 9 BBRMC, SA. Might test 21 L. TR likely"
34,"LH but 4 dojis, TTR, LOM"
37,"H2, MAG, ok B for test 24 C where BTC SBL will exit"
40,"LH but MRV, BB for test 24 C. prob TR"
41,"BP H, AIL, 60ma MGA, but prob SA around 24 C and HOD for more TR"
46,"NW 7 25 and 34 40 43, but TC, MRV, AIL, better to SA bars, like 25, and scalp"
49,"BP B but top of TR and W, SA."
50,"DTBF 47, but AIL, BB 48, LOM, prob TR for rest of day"
52,"H2 49, AIL, but LOM, stop below 36. Might test 60ma, and poss COY, but unlikely"
59,"BO, but prob LBR above for scalp since BBLCH. Also 60ma above"
60,"W 25 45 at 60MA, but TC 52, SS2. AIBLE"
62,"BP B, AIL, but at 60ma, W top"
65,"NW, MDT, but TC, AIL, prob BB"
66,BP B but at 60ma
69,"BP B but BRB, TC, final hour, better to not S"
72,"NW, but TC, NS"
