BAR NUMBER,DESCRIPTION
1,"DT HOY, Y SCBL, OOW magnet below, Y 36 L was bottom of ch so magnet below, prob TR today. Big bear bar down from RS of HOY so might test OOW and Y 36 L"
2,"cc BRB, AIS, should test OOW and 36 L, then TR"
4,"ORV at OOW and36 L, PL, AIBRE. If LOD, then prob BLCH for next several hours"
5,"CC BLB, AIL, BB, but MRV. L1 S but SX at SP so LPS"
7,"MDB, PL, but bear doji so still uncertain"
8,"L2 but BLB, still above 4 L, prob BB. AIBLE"
10,"COL but bottom of TTR, still AIL unless falls below 4. Ok S but prob BB"
12,"LL DB 4 but BRB, 4 cc BRB, back to AIS, BB2. Tested HOY and now trying to test LOY, but TR more likely"
16,"L1 near MA but several strong BLB, BB LOD for W"
18,"W 4 12, big BLB, PL, ok B"
20,"L1 but strong bottom, BB"
21,"OU, prob AIL"
22,"CC BLB, COH, AIL"
27,"DT 9 but 2 strong BLB, BB, 2LU"
35,"iii, but just below 60ma, prob CCT and PB to OOW soon"
38,"CCT, W 27 32, just below 60ma. AIBLE"
43,"DB 34, AIL, BL can B again, but btw to B PB to OOW"
46,"DB 29 but 2t above OOW and after big BRD, SA"
51,"L2, OOW MGB, but dojis, still AIL"
57,"L4, OOW MGB, but TC, AIL"
62,"f BO, AUL, but OOW MGB"
66,"F BO, W 5 37, 60 MA, but AIL, strong enough BO so prob BB, but might test OOW"
69,"big BRB, trying to test OOW, but LOM and BL will BTC, just like BR Sd the bull closes at the H"
