BAR NUMBER,DESCRIPTION
1,"GU, ATH just 5 pts above, btu bear doji"
3,"f BO HOY, PH, but magnet of ATH just above. BB"
6,"BP B, ATH MGA, but doji, more bad FT, far above MA. Should get new ATH, but weak rally and far above MA. G 4 L and 1H so poss SPBL"
9,"EG 7 since biggest BLB in more than 20 bars in bull trend, but more likely BB and poss SPBL. BR need at least 2 – 3 BRB closing on L before traders will consider a top. BR want reversal down to bottom of 7 BX"
10,"H1 but BX, 3 dojis, might need H2"
13,"PW 4 9, AIBLE, prob SD in TTR to MA"
19,"H1 but 7 BBRMC, room to MA, BUDC, SA. TTR so better to B below bars and BR C"
24,"H2 near MA, AIL, but 15 bar TTR, LOM. Should test 22 H and maybe 1t above 14 H. prob SA HOD"
36,"LH MTR, PH, but TC 24, prob MRV"
37,"20GB B, ok BTC, stop below 24. Bears need cc strong bear bars or strong C below 24"
38,"20GB B, BT 24, AIL, ok B, might get brief BO to new HOD, BR exit above 36. Prob LBL above HOD and at MMT"
50,"HH MTR, W 21 35, BRB, PH, but TC, AIL, BB around MA, 38 L"
56,"7 BBRMC, prob AIS, SA, but prob TR. BR want RD"
60,"bad FT, but still AIS and room to 24 L at bottom of TR"
62,"HL 2es, but TTR in middle of TR, bottom fo TR MGB"
63,L2 but bottom of TR
66,"H2 60, HL, MDB, AIBRE, ok B for test HOD"
