BAR NUMBER,DESCRIPTION
1,"BRB, testing bottom of Y W after SCT Y. prob TRD today, but since Y was bull BO on daily, today will prob disappoint the bulls and have bear body on daily so COD prob will below OOD"
2,"F BO Y 24 bottom of TR, but doji, AIS, SA, prob around MA"
3,"BP S but bull doji, bottom of TR. AIS, room to Y 7 BO L, LOY, 60ma"
7,"F BO 24 TR L 2eb, PL, but 1t doji, MRV, still AIS. LBL should get above 2 L here or soon"
11,"DT LH 3, AIS, BLB near MA in BRCH, but BDUC, SS2, prob BB around 6 L C"
14,"HL, PL, but TR more likely"
17,"L2 at MA, ok swing S for test 60ma and LOY, but AIL after 15 16. Might test 14 L to form DB HL. AIBLE"
23,"7 BRB, BO below 14, AIS, but TR likely so BB 7 LOD and below LOY"
26,"LL MTR, MDB, ok swing B, NS, AIBRE, but slightly more likely SA and new LOD. Room to 60ma and LOY below so might get 1 more leg down to W bottom"
28,"BP S, AIS, but bottom of TRD, SS2"
31,"nested Tri, PL, but doji, AIS"
33,"BP S, DT 29 at MA, 60ma and LOY MGB, AIS, ok swing S, but bottom of TR, NS"
35,"Biggest BRB in more than 20 bars so prob EG. strong BO, prob at least a little more down, but prob TTRD and reversal to above 30 L before EOD. At 60ma and LOY and end of 3rd hour so PL and poss RD"
37,"W 7 25, EG 35, SV test LOY and 60ma, PL, AIBRE, but still AIS and room to MMTB"
43,"AIL, prob 2LSU, but weak FT, LH, still BBRCH. DT LH 29, MAG, ok swing S, but LP"
54,"HL MTR, W 46 48, but TTR, middle of day so not HP unless wide stop. Ok to exit below 53 if B on f BR BO and reversal up for 2LU"
56,"DT LH 47, FF 54, but AIL, prob BB and below 53. Ok swing S"
64,"HL MTR, MDB, 60ma, ok swing B, AIBRE. Should test 53 H"
70,"W 63 65, test 53 G and MA, BBRCH, ok S for BO to new LOD, but prob more TR, SP at 60ma"
72,"DB HL MTR, but doji, 2 BRB, at MA so LP"
74,STC but tails
75,"STC, exit above BLB or 4t above BRB. Might C G"
