BAR NUMBER,DESCRIPTION
1,"big BRB below MA, Y was S SB on daily, but Y was BRCH so BLF and TR likely today"
2,"HL, but doji after BRB, SA. LBL made money below strong BRB so TR PA"
3,"BP S but bottom of early TR PA, LOM"
6,"H2 2, HL LOY, but only 1 BLB in 1st 6 bars, and only 1t bull body. BB2"
11,"DB HL MTR, COH, TTR, BOM"
14,"BP B from 13 BO, prob AIL, but BRB after BLB with big tail. Weak B"
15,"BO, AIL, but tail, 60ma, PW 11 13, LOM, so might PB below 13 H for LBR to make money"
16,"PW 11 13 at 60ma, good S SB, DBL will exit. Ok swing S but prob TR instead of BR trend"
18,"3 cc BRB, STC, but prob BB around LOD and LOY"
20,"BP S, but SX, bull doji, bottom of BRCH just below"
24,"f BO LOY and bottom of BRCH, AIBRE, PL but prom MRV"
25,"3 cc BLB, BB"
28,"f BO, 50% PB, but strong enough BL BO so AIL, BB. BRC often becomes AIL, then falls to new L. Might test again below LOY to again trigger S signal on daily chart, but BB LOY"
30,"LH 2es, but BLB, AIL. Should test below LOY to trigger daily S signal again, but AIL, BB, prob HL for 2LU"
37,"DT LH, COL, AIBLE, ok swing S but AIL, prob HL"
41,"HL MTR, good B SB, but 3 cc strong BRB, ok swing B"
43,"ii BOM, BP S but bottom of BRC so BB. DB 22 so ok swing B"
47,"L2, AIS, but bottom of BRCH, ok to wait since prob BB for test 42 SX G"
49,"W 43 46, AIBR S below 48 BRB"
54,"new L in BRC, good BLB, MMD from HOD to LOY, ok B"
55,"L1 but at bottom of BRC, prob BB"
59,"L2 at MA, good BRB, but 3 BLB, poss BB, SS2"
63,"BO and FT, AIL, BB, should test BR TL and maybe 31 LH and 60ma. LOY is prob magnet for rest of day since Y is S SB on daily"
65,"L2 63 at MA, but no BRB in 6 bars, AIL, LPS, poss WD to ma and 58 H"
68,"H1 at MA, AIL, but BUDC, ok to wait for MDB"
