BAR NUMBER,DESCRIPTION
1,"big BR doji in Y 2 hour TTR, LOM. After 2 day BRC, odds favor BL BO today, then big TR"
3,"HL MTR, PL, but 2 big BRB, TTR, 2t tail, LOM"
6,"DT LH, but LOM."
9,good BLB but top of TTR so LOM. Hpw
14,"DB HL MTR, HL 2, BOM, entry in Lr half of TTR, 1st good stop entry setup today for swing up above Y 31 H"
15,"cc strong BLB, AIL"
17,"f BO 31, 2LT, but BLB, AIL, BB"
20,"F BO 30 H 2es, but TC, MRV. AIBLE"
22,"DB 18, AIL, but only 1t BLB, ok to wait to B. prob TTRD and SA 21, but should test Y 15 H at some point"
24,"W 17 21, but TC, BLB, TGTA, MRV"
28,"DB 22, but W top in prob TR so SA"
33,"H2 28, AIL, TGTA, but better to B below 28. Prob SA HOD since TR and LOM"
41,"W Y 65 24m but 3 BLB, TC, TGA, BB. But TR so SA 41"
44,"NW Y 65 24, then 38 41, but TC, AIL, BLB, BB 45 and 32"
51,"H2 and Tri at MA, but only 5 tick tall TTR, BTW"
62,"H2 47 at both MA, DB HL 32, still AIL, bulls want TRES up, but TTR, btw"
69,"TTR DT LH MTR, ok swing S, 40% prob"
