BAR NUMBER,DESCRIPTION
1,"big BRB, but bulls will try to create MTR after Y BO above 2 day BRCH. AIS, but BB around LOY"
4,"HL MTR after 2 day BRCH. This is below LOY, but above Wednesday’s bottom fo 2 day bear trend. Doji, TC, LPB"
5,"BP S but 2 dojis at SP, BB"
7,"L2 6 at MA, but no BRB so ok FT after 6 OU. AIL, but TC down, bad FT so prob mostly SW for 5 – 10 bars"
9,"L2 at MA but TC, 1t BRB, BB, but prob BLTR"
10,"BP B, AIL, G 5 H, but 2 BRB, LPB"
13,"big BLB, more up, poss OU day"
14,"doji, BB, MMTA"
16,"BP B but BRB, MMT from L to OOD, in Y TTR, poss DBL, 2LT, and SA"
19,"BP B, AIL, but poss DBL from 15 C who will exit above. LPB"
28,"DB, and a measured move up"">DBBF at MA, BLB, AIBL B again for test OOW"
31,"ii, F BO, DT LH 20, but prob AIL, BB and test of HOY and maybe OOW"
38,"NW 1 17 and 23 29, ok swing S, but OOW and HOY MGA, TC, better to S with lim orders"
44,"7 BRB, but exactly midpt of OOW and OOD, and at 60ma. BOM, should test one or both TGTs before EOD. Bottom of TR so prob BTC, not STC. AIL so slightly Hr P for BL. Should go OU and test OOW"
54,"DT MTR just below HOY, AIBLE, ok swing S for test OOD or LW, but more TR likely, still AIL"
64,"f BO, BLB, but AIS since 60, ok to hold S and wait for MDB before exiting. If exit, S again below BRB"
66,"L1, 2BR, ok to S below for test OOD, but prob quick, and brief since TRD"
68,"f BO, test OOD, but strong BRB 67, SA, BB, and sw around OOD likely"
69,BP S but L1 after SX at SP so BB. Prob SW around OOD for rest of day. Might test below 11 L since bottom of BX and TRD
71,"L2, might test 11 L, but prob BB and SW into EID"
