BAR NUMBER,DESCRIPTION
1,"GU, BLB, AIL, but small bar and most days over past month were TRD"
2,"BLB but doji and LBR made money Sg C of 1. AIL, but not strong"
4,"f BO HOY, but t1b BL, BB. BR made money Sg 1 C and 3 C so PB soon"
6,"Pw 1 3 but BLB, 6 bar T1B BL, SW likely"
8,LBL 6 L are trapped. More down
10,"DB HL 1 but far above MA, 4 BRB, AIS and SA. BUDC. Bears want to C G above HOY"
14,"big bear BO, more down, but prob 60ma SP"
17,"F BO LOD, MMD, 60ma, poss TTRD. AIS, but prob TR soon. BP S but bull doji, BB"
20,"Pw 1 or 11, 16, 60ma, PL, AIBRE, LTR likely"
22,"DTBF 17 but 3t tail, 2 strong BL, LTR likely, BB"
24,"DTDF 17, L2 but BLB. Ok swing S, but prob BB and LTR in TTRD"
26,"DB 23 HL, PL, prob SU for 2 hours, ok swing B for test OOD, but doji, top of TTR, ma, poss more SW"
29,"F BO, BR ii, might test 26 H for LBR, but AIL, prob BB, stop below 26. Prob weak BLCH or TTRD"
36,"W 30 34, AIL, but 5cc BRB, BB2"
39,"F BO, ET 27 31, but AIL, strong enough 37 38 so prob BB, but weak rally so TR soon"
42,"f BO 2es, ok S for test 36 L. AIBLE"
47,"DB HL 34, AIL, but strong 45, prob SA"
53,"DB 34 BT 24 H, AIL, but TTR, room to 60ma, need stop below 26"
60,"W 46 53, AIL, but TTR, far above 60 L"
64,"DT 50, but AIL, BB"
67,"DB HL 60, AIL, but top of TTR 50. Still might test OOD since TRD"
71,"F BO 50, but AIL, middle of TTR, btw"
