BAR NUMBER,DESCRIPTION
1,"bear BO below LOY, LLW magnet below, AIS but tail and only small GD"
4,"F BO LOY, test LLW, PL, but cc BRB, AIS. 3 bar TTR, prominent tails, prob TRO"
8,"DT 1 at MA, but lots of OL, TTR, LOM"
11,"F BO HOD, DT HH at ma, PH, but 9 BBLMC, LOM, BLB, LP S. BOM"
13,"HL, strong reversal, PL, ok B but top of TTR, at MA, BOM"
14,"CC BLB COH, AIL, BTC"
15,"BO of BOM, poss TTRD, BTC, but 60ma so poss PB soon"
16,"F BO, 60ma, but 3 strong BLB, bear doji, BB for at least scalp"
18,"BP B, AIL, but BRB, 60ma, need stop below 12 o4 4. 90% chance 4 will remain LOD"
20,DT 16 at MMU from LOD to OOD so poss DD
22,"H2 17, AIL, but TTR, need wide stop"
24,"H2 22, AIL, BLB, ok B, but need wide stop since poss deep PB and TR"
31,"DB 24 BT 11, but strong enough BRB 29 for SA. Might test below 12, but still 80% chance 4 will remain LOD. P drops as bear leg continues"
35,"H2, test LOY, but if TRD, then prob will test below 12 BX L. btw"
41,"L2 40, LLW MGB, but cc BLB, poss BB"
45,"F BO LOD, FF 43, PL, AIBRE, but MRV"
48,"BRB, AIB can S again but poss TR"
50,"big BRB, more down, but biggest BRB in 20 bars so poss EG"
52,"F BO LLW, 1BFF 51, 2 day W, CO, PL, EG 50, AIBRE, ok swing B"
54,"BP S, AIS, but doji and 2BLB, prob BB and MRV"
55,"BRB, AIBR can SB, but prob BB and SW"
57,"DB LL, ok swing B for test LLW and 50 SX H. AIBRE"
58,prob AIL
62,"DT 54 at MA, but strong enough reversal so prob will test LLW. AIL, BB, but bad FT so TR likely"
65,"L2 below MA, good S SB, but prob AIL. TR likely"
69,"HL MTR, but just below MA, LOM, HPW"
71,"BP S, just below MA, ok swing S but middle of TTR and SW more likely. Might get STC if daily chart starting BR swing, but more likely LOM and BB 68 and BB LOD"
