BAR NUMBER,DESCRIPTION
1,"BLB in middle of Y, after Y W bottom. TRD likely and poss ID. 2t tail, just below 60ma, poss SA"
3,"BP B but doji, big BRB, SA for test ma. LBL below 1 made money"
6,"ORV, H2 or W, PL, but room to ma"
7,"big BLB, AIL, BTC"
8,"CC big BLB, but tail, 60ma,"
9,"H1 but BRB with C near L, 60ma. AIL, but need stop below 5, btw"
11,"f BO 1, MDT, 60ma, W 61 1, PH, but AIL, MRV"
12,"H2, AIL, but BRB, 60ma"
14,"BP B, but BRB, 60ma"
16,"BP B, but CBX, bad FT all day, prob SA, but poss MG 15. More likely EG anr TR soon for 2 – 4 hours, then TRSV"
18,"CBX, test HOY, MDT, PH, but TC, MRV, AIBLE"
21,"DB, and a measured move up"">DBBF 16, MG 14 H, but TTR, just below HOY, CBX, ok to wait for 2eb. BR want to C G above 14 and test 15 BX L"
24,"CBX 2es but 9 BTTR, LOM, AIL, Btw"
25,"H2 but BRB, TTR, just below HOY"
26,"DT 22 LH MTR but not enough bars, very TTR, btw"
30,"FF 25 TTR, CBX, but SPBL, prob MRV. LBR will S above H"
32,"BP B but 2 dojis, poss SA for 2LD from 29 BX, LP B"
36,"H2, SPBL, but very TTR 16, room to MA and 28 BX L and 20 L of TR so need WSS"
42,H1 but far above MA
45,"H2, G 34 H, room to MMT, but TTR, prob will get closer to MA soon"
49,"W 29 43, but SPBL, MMTA, BB and around MA"
51,"bear ioi, but BB at ma, MRV, bad to S with stops in SPBL"
57,"LH but AIL, BB 55"
61,"WBLF 50 55, MAG, AIL, ok B but might go LR 1st"
64,"LH but MRV, BB and below 60. TRES up more likely than TREV down"
68,"LH MTR but BLB, AIL, only 1 BRB in 8 bars, BB"
73,"DT MTR, W 64 68, but big bar and 2t tail, LPS, but AIBLE"
