BAR NUMBER,DESCRIPTION
1,"big BRB, f BO HOY, PH, but bottom of TTR, big bar so big risk, LPS, BB"
2,"BLB, but doji"
3,"big BRB BO, AIS, BR want BO below LLW to trigger S signal again, BL want HL MTR after Tues W bottom"
4,"HL MTR, strong BLB, AIBRE, ok B but prob scalp, MRV. Must be fast to exit"
5,"L1, COL, AIS, prob not much more down, ok S"
10,"H2 4, W 4 8, ok B for PL, but only 1t BL body, MRV. AIBRE"
11,"BP S, AIBR can S, but prob TR soon, LPS"
12,"Big OU, F BO below W, should test 4 H"
13,"DTBF 8, but tail, big 12, magnet at 4 H, BB"
14,"HL, but MRV for test 4H and MA"
16,"DTBF 5 at MA, AIL, but exit longs since 40% chance BO below 12 and MMD"
19,"HL but 3 cc BRB, AIS, btw"
22,"L1, STC"
26,L1 but SX at MMD from DTBF so BB and TR soon. ok S scalp
27,"MDB after SX, LBL made money below 26, TR likely soon, but 1t BLB, LP B, btw"
28,"L2, but doji. Prob new LOD since 25 had extremely L ticks of -1200"
31,"FF 28 L2, test OOM, SX, prob SW to MA, but MRV. Need stop below 31, most should wait to B"
33,"DT BF 28 but 3 BLB, test OOD, SX, SS2. TR likely"
39,"HL but 7 BBRMC, BB2"
42,"F BO, W 25 31, but BRB, TC, still AIS"
43,BP S but BLB
49,"big BL reversal from just above 2400 after CSX, AIL. prob SU for TBTL, PL"
54,"DT 49 at MA, but AIL, might test 31 H or 28 H, BB. BLTR likely"
55,"HL, AIL, ok B if stop below 48, prob weak ch up to 31 H"
65,H2 but near RS at 31 H and MMU so poss FF
68,"FF, but TC, AIL so scalp S or wait"
71,"W 60 67, good BRB, ok scalp, but MRV, MMTA"
74,"f BO W top but BLB, AIL, prob sw at eod, btw"
