BAR NUMBER,DESCRIPTION
1,"GD but tail, BB"
2,"F BO LOY, PL, but tail"
3,"CC BLBR, AIL, but tails, prob TR soon, but might C G below LOY 1st. poss OU day, but prob TR around LOY"
6,"PW 1 3 at 60MA, G still open, but 5 cc BLB, AIL, LPS. Prob MRV"
8,"H1, AIL, but cc BRB, no strong CC BLB, prob TR soon, maybe around COY. Still might get OU day"
10,"PW 1 3, F BO above LOY, prob TR to below 1 H"
16,"DB 7, SA"
21,"H2 16, but need stop below 1 24 W, F BO below 1 H, ok B for test 16 H in TR. Still AIL"
25,"big bull BO, 2LU"
29,"H1 but top of TR, LPB"
33,"H2 but doji, 6 BRB"
39,"W HL, ok B but LOM, SA around 34 H"
45,"big BO, might test OOD, but still TRD"
53,"L2 for test OOD, but AIL, poss BB"
54,"MDB, reversing up from OOD, might test HOD. Less likely, OU"
56,"LH, F BO, but AIL, strong BO, BB"
57,"H1, AIL"
66,"2LT, F BO, but 10BBLMC"
70,"B zone but 5 BRB, becoming AIS"
72,"7 BRB, AIS for test OOD"
75,"BS S but doji, SX, at OOD, BB"
76,"MDB but BRB, TTR, wft"
