BAR NUMBER,DESCRIPTION
1,"BRB in middle of Y TR at 60ma, BDUC, LOM"
3,"LH but doji, LOM"
5,"f BO LOD, AIL, BOM but pattern is only 3.25 pts tall so might get bigger BOM pattern"
8,"F BO HOD, COL, AIBLE. Ok S for BOM 7 H and 5 L for test LOY after Fd test HOY"
12,"BR BO, AIS, STC"
16,"F BO LOY, test LOY, TRD likely, should test 5 L for LBL, but AIS, SA. Bulls see this as deep PB from 7 rally, even tho fell below 78 bottom of rally. TRD likely"
19,"4 cc BLB, AIL, but TRD likely, and LBR 15 H should make money"
23,"LH, 2es, ok S for test 15 H and poss swing down"
25,"HL, AIBRE, TR, test of 15 L C"
28,"HL, 2eb, but bear bar, AIS, btw, L2 likely soon"
30,"L2 but bottom of TR, apex of Tri 7 21"
36,"nested Tri below MA, but bottom of TRD. Ok swing S, but HPW"
40,"big bear BO, more down, but poss TTR and LTR soon"
41,"f BO LOD and LOY, W 1 15, but 2t BRB, BB2"
46,"L1 at MA but 6 BBLMC, BDUC, BB"
47,"big OU, AIL, but still TRD"
48,"2LT, LH, but LP S, BB for test OOD and 60ma"
57,"test OOD but 3 BLB, BB"
63,"F L2 but SA 57, then TR"
65,"W 56 61, F BO OOD, MRV, prob SW around OOD for rest of day, AIBLE. TC so LP S"
70,"DB 59, 5t, AIL, but 6 BRB after W, BB2"
73,"LH but 3 BLB, AIL, BB"
