BAR NUMBER,DESCRIPTION
1,"bear bar, ph, but 20 bar TTR just above MA, prob LOM and TRD"
2,"ORV at MA, PL, AIL, should test above HOY"
4,"F BO HOY, ET 64 76, PH, more down"
6,"CC big BRB, AIS, but ET BLF, might test HOY again. H2, but prob SA"
8,"LH, AIS, but middle of TTR"
13,"ET BLF, 2BR, PL, but AIS, stop is far. AIBRE. Might test HOY again since Y was H1 B BSB"
17,"LH in BBRC, but BLB, BB, should get above 10 H and form TRD instead of BBRC"
20,"BO above 10 LH, AIL, but BLTR"
23,"F BO, TC, MRV"
25,"H1 but BB2, SA"
28,"DB 25 but HL and strong 24 so prob SA and test 18 L. AIL, ok B if stop below 12"
31,"BTC for MMU from LOD to OOD, and 2nd entry above HOY"
35,"BX at MMT, should test below 4 H and 34 L soon, but 7 BBLMC, AIL, MRV, SS2. Prob TTRD"
40,H1 but 7 BBRMC and DB will SA around 34 C
43,LH but MRV. Might test 28 bottom of BX and 60ma. Should test OOD since TRD
49,"F BO, H2 40, 60ma, but TC, BB2"
50,L1 but at 60ma and TRD so BB. Might stay in TTR around HOY and OOD for rest of day
55,"LH, trapped 41 LBL. But prob will stay around OOD"
58,"BP S, but just above 60ma. AIS, but NS"
61,"H2 48, TRD, AIBRE"
62,"L1, trapped LBL 48 on June contract, ok S but prob BB around LOD since TRD"
66,"HL 12, W 48 60, AIBRE since 2 LSU likely. Ok B for test 60MA and 61 H"
68,"DT 62, but 3 BLB after W in TRD so BB, AIL"
72,"L2, DT 62, ma, but AIL, TC, 1st of 2LSU, BB"
