BAR NUMBER,DESCRIPTION
1,"GU but tail, 4 day TTR"
2,"F test HOY, PH, but lots of reversals for 4 days, SS2"
4,"cc BLB, AIL, t1b bull"
6,BTC but tails so prob TR soon
13,"PW but 11 BBLMC, BB. TTR likely soon. Weak rally so prob not much more rally today, and poss reversal down"
15,"H1 but TTR, LOM"
21,"LH but MRV, 20GB BB"
24,20GB B but LOM
27,"20GB B 2eb, AIL, ok B, but LOM, more TTR likely"
31,"W 17 24 26, but endless PB, TC, LOM. Bears want bear BO below W BLF"
34,"cc BRB, BO below W BLF, AIS, STC, poss MG"
39,"f BO LOD, OOW, test 60ma, SX, AIBRE, TR likely"
43,"L1, MDT, AIS, but prob TR soon"
46,"f BO LOD 2eb, MDB, but AIS. Prob TR soon"
48,"BP S, but poss BB. AIBRE above 47 BLB"
55,"CSX, BLB, AIBRE. BR want OD, but bulls trying to prevent it. BL want test OOW. Ok B, but TC, BB2"
59,L2 but doji. Might get OD
65,"SX, ok B for test 63 H. AIL"
72,"DT 61 at MA, L2 69, but BLB, TC, MRV"
