BAR NUMBER,DESCRIPTION
1,"bull bar, but middle of 6 day tight TR and top of 3 day TTR. PL, HPW. ii on daily so bulls want BO above HOY for 2LU"
2,"FT, AIL, but Lr P since top of 6 day TTR. BTC for test HOY"
4,"DT HOY, but 4 bull bars, BB"
5,"H1 but bear bar at top of 3 day TTR so Lr P, poss SA"
10,"L2, ii, f BO 3 day TR, PH, but doji, AIL, TC, so MRV down to 6 L and MA. BP B but 7 bar stall at top f 3 day TR so B PB near MA or strong BO above"
12,"BP B, AIL, butt 3 dojis, bear bar. AIBL B above 11 bull bar or 12"
14,"f BO HOY 2es, 3 day WBRF, big bear bar, PH, but TC, MRV to MA. AIBL exit"
15,"BP B, AIL, but 2 bear bars, weak rally, SA"
20,"DB 6 but 7 BRB, LPB, BUDC. prob BB 6 PB from bull BO. might test 60ma 1st"
22,NL but prob MRV and TR down to 60ma
25,"big bear bar, surprise bar, AIS, more down. TRD still more likely than BR TD"
27,"2LT, F BO 78, but BB2, SA around MA and 50% PB"
29,"L1, AIS, but 2 bull bars, SX, SP, LPS"
31,"L2, test OOD, MDT, AIS, ok S but bull bar, poss 2LT 26, 3 day TR, more likely SW soon"
35,"PW 20 27, test LOY, BB, but big bear bar 33, LOY TGTB. L1 but bull body 34, SX, LOY SP so LPS"
37,"strong RV after PW test LOY, AIL for test OOD and maybe 60ma, then TR"
43,"BP B, but H1 after BX at 60ma RS so prob SW soon"
47,"BP B, AIL, room to 24 SX H, but might get PB to OOD and 32 H 1st. still TRD"
49,"bull ib, AIL, ok B, but poss FF"
51,"FF 49, similar to 14, but this rally has been stronger so BB around OOD. TRD so should test OOD"
56,"HL MTR, f BO, test OOD, still AIL, ok B, ok to wait for 2eb"
61,"DB HL MTR, MDB, AIL, ok B but prob will stay TRD. Bears want C near OOD for DD, and bulls want C above HOY since Y was B signal bar on daily"
68,"f BO 50, good S bar, but strong 63 64, AIL, LPS. Still might C near OOD to create another DD"
