BAR NUMBER,DESCRIPTION
1,"F BO LOY but tail, TC, SA"
2,"BP S, but tail. PH, magnets below"
3,"big bear bar, AIS, but BO below TTR so prob bounce soon"
6,"f BO LOY 2eb, MDB, PL, but MRV. Prob will test 33 L, 1 L, and MA, then TR"
8,"BP S, G LOY, AIBR S again, but 2 strong bull bars so BDUC"
12,"BP S, TGTB, AIS, but bull body"
14,"BP S, TGTB, but strong bull bar, prob BB after csx. TR likely soon, maybe after 2 hours"
18,"1t F BO below BX L from last week so SV test SP, MDB, bull bar, 2 day NW, L1=2, MMD from 3 day TR, LBL making money, AIBR exit, ok B scalp. 14 BBRMC so MRV, but PL"
20,"DTBF 14, 40% chance of swing so ok S, but prob scalp, BB and SW"
23,"BP S but doji, good SP, BB, TR likely soon"
26,"20GB S, S MA, 20 H, 26 C for scalp. Tri 14 20, AIS, but bull bar, TTR, LOM, BB. 24 is HL and MRV, but still could lead to MTR if bulls get strong BO above 30 for MMU to 7 H and LOY"
30,"Tri 20 26 at ma, ok S but poss FF. should test 5 H at some point"
32,"f L2, ok B and above 30, but TTR so prob not strong BO"
33,"BO, AIL, but need FT, should test 5 H and maybe LOY"
34,"FT, more up"
36,"H1, bull bar, AIL, but above 6 H and near 7 H and MMT, poss SA, better to B PB. TR likely soon"
38,"DT 7, test LOY, F BO but 7 BLB, BB"
40,"H1 but TR likely, SA and above 38"
43,small BO after LBR got trapped
44,"f BO 7, W 38 42, MRV, TR likely soon, BL exit"
46,"H1 but W, UTR, 3 BRB, SA"
48,"H2, bull bar, but top of UTR, SA for test MA and maybe 41L. unlikely to get BO above 60ma"
53,"H2 48, 20GB B, but prob SA for test 40 L. TTRD, might test 1t below 30 H at top of LTR"
56,"LH, 4 BLB, BB and below 40"
58,"f BO below UTR, WBLF 47 51, AIL, but 1t BL body, LOM"
62,DT LH MTR 56 but prob BB from 60 BO of WBLF
64,BP B but prob will F to BO above 60ma and HOD
66,"W 7 44, f BO DT 56 62 so W, but big bar, TC, room to 60ma and TCL so Lr P S"
69,"4 bear bars after W, AIS, but prob BB 57 bottom of 3 hour TR"
71,"ET 40 57, ET 54 57, but 5 BRBs, BB2"
