BAR NUMBER,DESCRIPTION
1,"bear bar, but tail, middle of Y 4 hour ET, LOM"
2,"HL but doji, just below MA, LOM"
4,"L2 below MA, PH, but doji, TTR, LOM. 2 reversals, but range is too small for BOM yet"
6,"DB 2 but bear body, top of TTR, at MA, LOM, btw"
8,"L2, good S SB, ok S for PH, HPW"
9,"H2 6, PL, but bear bar just below MA, LOM"
11,"F BO, L2 4, PH, but prob AIL from 10. Bulls will give up below 9 so BOM"
16,"weak FT, but AIL, poss MG, but need FT soon. prob weak bear since TR PA for 5 hours"
17,"ET 40 57 70, PL, but 7 bear bars, LP B, prob SA and 2LD from 15 BO"
19,"F BO 5h TR, ET, 2eb, ok to exit shorts, but 9 bear bars, LPB"
21,"BP S, AIS, OK S, but small BDBU so prob bears will need MDT"
23,"MDT but TTR. AIS, but Lr P S"
27,"W 9 17, at least small 2LD likely after 26 surprise, poss MG for test LOY, but biggest bear bar late in bear to prob EG 25 L, TC, MR. BP S but doji, bad FT, prob BRTR, MMT just below, poss BB"
29,"W 9 16 26, ok to exit S above. MRV likely, but PL"
30,"big bull bar, but MRV for test 26 SX H and MA. TR likely"
34,"DT 26 H, test of MA, ok S, but many bears will STC 33, S MA, or S 1t below 26 H for scalp. BDUC, BB 38"
42,"HL MTR, H2 38 but doji, big bear bar, SW more likely so bulls will scalp at least part"
45,"L2 34, but prob AIL. Might test 42 H for BT or 42 L for DB HL MTR"
50,"big BO, room to 22 H and 23 H, AIL, more up, but SA 45 and 23 since TRD"
52,"DT 23, but 3 bull bars, BB for 2LU. Might test OOD and 60ma"
55,"W 45 52, test OOD and 60ma, but TC and big bear bar so MRV and SW, poss BB"
60,"BT 45 H but 7 BBRMC, doji, room to 54 BX L, BB2"
62,"surprise bar, more down"
63,"FT but L in TRD, prob BB 49 and 42, poss 2LT and BTC"
65,"2LT but big bar, BB2"
67,"BT 54 but strong 65, SSs"
69,"OB, doji, room to MMTB, but LOM"
70,"WBLF, but big bear bar, LOM"
72,"BP B after W bottom, BB. ET 67 69, but prob BB"
74,"ET 67 69, MDT, good S SB, but prob BB or below 71. Prob SW to eod"
