BAR NUMBER,DESCRIPTION
1,Failed BO LOY but room to bottom of 60 min WBLF so poss SA. Ok B for LOD
2,"FT, AIL"
3,"ORV, but doji, AIL, BB"
4,"BP B, AIL, room to MA"
6,"BP B but bear bar, 60ma above, poss SA and PW 3 5"
8,"PW 2 5 but TC, AIL, SS2. Poss BB for 1 more push up to 60ma. Ok to exit long so poss strong BO above 60ma, but not likely since rally not strong so far"
9,"H1 but 2 bear bars, PW, SA, SW likely. Might get endless PB for 10 or more bars"
15,"H2, bull bar, AIBL B again, but TTR, just below 60a, ok to wait. PW bears still short. BOM, LOM"
20,"HH just below 60ma but TTR, MRV, LOM, LPS"
30,"DH LH MTR in TTR, ok S"
31,"good bear bar, AIS, prob 2LD"
36,"H2 12, but SA for 2LD. If exit S, S again below bear bar"
37,"BP S, AIS, bears S again, but prob TR soon so poss BB"
41,"W 12 36, ok to exit S if S again below bear bar"
42,"BP S, but doji, poss PW with new L so prob not much more down. Poss NG 36 L and MMD, but unlikely"
46,"PW, NW on 60 min, bears exit above. Ok B but MRV. Should test 36 H at some point. BP S but 2 bull bars, PW, poss BB. AIS, poss MG 39, but LP S"
50,"L2, AIS, ch bottoms below LOD, but doji, W, poss BB. Ok to wait to S, prob BB LOD at ch bottoms"
53,"5 and 60 min W, f BO PW, poss LOD, OES, ok B since might get strong rally after NW bottom"
54,"BP S, AIS, but at bottom of W ch, BB, LP S. NW, f BO below PW, ii, ok BA. MRV, but CSX and at W bottom so might get strong rally"
57,"20GB S, DT 49, but prob AIL because of NW. might get deep PB to 53 B B signal bar H and TR instead of test of 36 H"
64,"f BO DT and test OOD 2es, but AIL, BB"
65,"BP B but doii, top of TTR, LP"
67,"LH but LLR, AIL. Might test 53 B signal bar H"
70,"Et 45 52 so LL MTR, ok B, but 4 bear bars, BRB, BB2"
