BAR NUMBER,DESCRIPTION
1,"GU and bull bar, but 9 points above LOY so BUDC"
2,"MAG, LH, DT 76, PH, ok swing S, but prob SW"
4,"H2 at MA, HL, PL, AIBR exit above. BOM, but height is small so pattern might get bigger before swing UD"
11,"f BO 61, prob BB, but might get deep PB since TR likely, then MTR"
12,"COL, AIBL exit, still AIL, but prob TR"
16,"BT 2 so poss MG, AIL, bull bar, ok B but 6 BBRMC so prob SA and SW, BB2"
26,"f BO CH and 60ma, NW 2 10, 20 23, but SPBL, 12 BBLMC, SS2, BB around MA"
30,"NW at 60ma and CH, 4 cc bear bars, still AIL, ma, MMTA, but SA and TTR, LOM likely"
31,"bull bar, AIBL B again, but prob SA and TR"
36,"DT 26 at 60ma, prob will become TR so prob will test 30 L or 15 L"
41,"AIL, H2 at MA, but bear bar, prob SA and TR"
47,"bull ii, AIL, but top of TTR, just below DT"
49,"W 26 35, 60ma, 5t, but 4 BLB. If bear reversal, then B setup above 48 since SBO2, MG 15 L"
52,"BP B but top of TTR at 60ma. AIL, but BOM so poss SA for test below 30. TTR, btw"
55,"BP B, AIL, but top of TTR and 60ma. TRSV, HPW"
60,"ioii, AIL, but bear bar. Ok B but need strong BO above 60ma"
64,"F BO 60ma, but TTR, above ma, SS2"
68,"f bear BO, MDB, AIL, but TTR. Still MMTA"
70,"big bull bar, BO 60ma and HOD, reached MMT, prob more up, but need FT. bears want 2LT"
71,"doji so no bear body, should go at least a little higher. 60ma might now be SP for a few days"
