BAR NUMBER,DESCRIPTION
1,"GD, 50% PB, strong bull bar, PL, ok B but prob BLTR"
2,"strong FT, more up, but prob early HOD"
4,"LH, but 4 BBLMC. Poss BB, but PH soon so Lr P B"
5,"H1, but prob limited up. Ok B for test HOY"
7,"L2, F BO HOY, f BO 60ma, PH, but TC, MRV"
13,"HL but COH, deep PB from 6 BTC, prob bounce to 60ma and midpoint of B at 6 C and 1t above 13. Might test 10 SX X. AIS, but BUBD then BUBD again, TR likely"
15,"BP S, AIS, 60ma, but many reversals, BB"
18,"DB HL 9, should test Hr, BB 11, but big doji just below 60ma so Lr P"
20,"MDB 18, DB 9, deep PB from strong rally, but big bar at 60ma, AIS, prob LOM"
22,"L2 at ma and 60ma, but 2 good bull bars, LOM, tgta is average entry price for scale in BTC bulls, BB"
24,"DT 22, AIS, BT 7 L, 60ma, but TTR, bull bar"
25,"big bear BO, more down, but still will prob be ID"
28,"H2 12, but SA, BB2. BPS, room to MMTB, but bull bar, prob TTRD. After 1 – 2 hour LTR, then test 1t above 19 L"
32,"BP S, but PW 19 27, MDB 31, BB. ok B but MRV"
33,"PW, MDB, rob TTRD, ok B, but MRV, still AIS"
37,"L2, AIS, room to MMD from H to OOD, and to LOY, but 2 dojis, LTR, LPS"
40,"W 31 35, bear bar, room to TGTB, AIS, but bottom of LTR, should test OOD at some point, LP S"
42,"WBRF at MA, AIS, ok S but prob scalp since TTRD likely"
44,"HL DB MTR, ok B for test OOD"
47,"BP B, should test OOD and maybe 60ma"
54,"iii, poss FF, prob SA around 60ma. Bulls want strong BO above 60ma and 24 LH, but weak rally so prob leg in TR. SPBL, SS2, B PB to around MA and OOD"
57,"BP B but doji, 60ma, big bull bar 55 so prob EG, SA"
60,BP B but big bull bar and prob SA 24
62,"F BO 24, prob test OOD, but middle of 7 BTTR and BB around ma. TC, better to S above bars with lim orders"
63,"BP B but 2 big bear bars, room to OOD, prob SA"
65,"LH but 2 bull bars, just above OOD, prob BB at OOD, LOM"
68,"H2 64, HL MTR, AIL, but just below 60ma, TTR, OOD magnet below, prob DD"
72,"DT 65, 60ma, good bear bar, but AIL, TC, LPS"
