BAR NUMBER,DESCRIPTION
1,"GU but tail, prob TRO"
2,"f BO HOY but 2 bull bars, BB"
4,"H2 2 but tail, TTR, AIL, PL, but prob TRO"
7,"f BO HOY 2es, 40% chance HOD so ok swing S, but often goes SW for an hour before turning down. AIL, 3 cc bull bars, prob BB, but prob not much Hr. Small chance of SPBL. Bears might need 1 more push up to PW top"
8,"H1, AIL but doji after bear bar. LP B. BOM since reversal down after reversal up. Still PH"
11,"H2 but doji, still on 7 S. prob TTR and should test MA"
17,"DB LL test of MA, PW 8 11, f BO LOD, PL, good B SB, AIBR exit, but MRV"
20,"BP S, AIS, but BLB, PW at MA, BB and BB LOD. Should test 10 H and maybe 8 H. TRD likely, but 70% chance 6 will remain HOD"
25,"BP B, prob AIL but bear bar, BT 7 L, SA. Middle of TRD"
27,"LH MTR, BT 7L, ok S, but TC so MRV, SS2"
29,"3 cc BRB, more down, poss to 60ma"
33,"W 4 17, 2LT at 60ma, but still STC so prob LBR will S 1 – 2 pts Hr for scalp. LBL will B for test of G 17 L"
42,"H2 at MA, bear bar, AIS, NG 17 L, ok S, but TTR so poss FF"
46,"H4, cc bottoms, bottom of BBRC, PL, but 2t tail, 2t above COY, BB2"
48,"BP S at MA, but BDUC. Might get 1 more new low then CCB H2 17 then W. odd favor test 42 H either from here or after 1 more new L"
55,"Tri 47 53, AIS, AIBR S below, but tri late in bear so prob FF. might test COY since 2t G below LOD so magnet still pulling down"
59,"CCB H2 17 then W, MMT, COY, PL, MDB, but bear bar. OK B, but HPW to B above bull bar"
61,"BP S but BB and BA for LOD, and prob BB 60. Prob AIL but need strong BO above to confirm"
64,"BO, more down, but prob SX"
66,"BP B for 2LD after big bear BO, but bull body, big BO late in bear, BO below ch, AIBR exit above, ok B for LOD, but HPW"
71,"WBRF, good bear bar, bears want OD day, but CSX so prob BB 65"
