BAR NUMBER,DESCRIPTION
1,"GU, but big tail, in middle of Y’s range, testing 42 to top of ch"
2,"bear bar, DT 42, PH, ok S but prob TRO"
3,"LBL made mone, but CC BRB so AIS. Prob TRO, LOM"
6,"ORV ma, MW 1 3, PL, but 6 BBRMC so LRB SA, prob TRO"
7,"big bull body, prob AIL, but tail"
9,"3 blb, AIL, but tails so prob deep PB and TRD"
10,"F BO HOD, BOM, bear ii, PH, but prob scalp and TR. AIL, so BB, but poss deep PB, stop below 6"
14,"BT 6 H, LRB trapped, AIL, BPB, but BUDC, prob SA and SW"
18,"LH but 4 BLB, AIL, BB"
20,"BP B, AIL, but top of TRD, big bull bar, need stop below 14 or 6"
26,"W 1 9, but 4 BLB, BB, poss BO HOY, which is NL of DB HL MTR on 60 min chart"
30,"BO B, AIL, SPBL, ok B but CBX so TTR likely soon"
35,"3 dojis, CBX, MMT, prob TTR soon, still AIL, BB, too early to S. ok to exit below and wait"
38,"MDB, AIL, but TTR, poss SA, better to BB or closer to MA"
41,"PW 1 35, FF 38, but SPBL, SS2. TR and test of MA and 38 L more likely than reversal"
44,"PW 2es, AIBL exit, PH, but LP S"
47,"W 42 44, DB 38 so poss MMA, AIL, AIBL B above, but TTR, tail, poss above HOD"
54,"w 1 39, BX at MMT, PH, ok for AIBL to exit below"
61,"H2 57, G 41, AIL, test of ma, but TTR, poss SA for test of 46 L"
64,"Tri 56 61, 20GB B, ok B, but prob will soon test 46 L bottom of FF"
65,"ok S below for Fd B, magnet below"
68,"H2 57, AIL, SPBL, but LP, prob more TTR, BB2. Still might test 46 L"
70,"DT LH 62, but poss PB from 69 BO of H2. TTR, btw"
72,"W 56 67, ok B for TRES up"
