BAR NUMBER,DESCRIPTION
1,"bear bar, testing NL of 4 day DB, and testing 34 L bottom of Y TR"
2,"F BO bottom of Y TR, but TC, MRV"
3,"BP S, AIS, but SP down to 60ma, BB around 60ma"
6,"f BO 34 bottom of TR, MMD, 50% PB, but tail, TC, AIS, BB2"
9,"MDB, bull bar, OK B, but MRV, AIS"
11,"bull bar at MA, AIS, bear STC. L2 7 but 3 bull bars, LPS with stop"
15,"w 2 5, w Y 46, 5, but 3 bear bars, 1t BLB, AIS, BB2, poss SA for test 60ma"
22,"Big OU at 60ma, PL, W 56 5, 50% PB, MMD for HOY to OOD, prob BLF, ok B"
23,"3 cc BLB, poss AIL, should test OOD at some point today, but might get PB to test LOD 1st"
30,"MAG but TC, prob BO above 4 hour bull flag, prob AIL. TR likely so might get deep PB to HL MTR"
34,"HL MTR, DB at 60ma, but strong leg down, PL, ok B, HPW"
41,"W, but just above 60ma, LPS"
45,"big bear bar, biggest bear bar late in bear so prob EG, but strong enough so prob at least small 2nd"
46,"L1, AIS, but SX at bottom of ch and MMT, LPS. Should C G at 22 L but might get 1 more push down 1st"
51,"SX 2eb, should C G 22 L"
54,"big reversal, AIL, but prob TR instead of bull trend"
57,"bad FT, BB"
63,"LH 30, W 54 60, ok S for test of 58 L, but prob TR for rest of day"
65,"BP B but 3 bear bars, room to 58 L, SA"
69,"F BO 58, HL MTR, MDB, AIL, ok B but prob mostly SW to eod"
