BAR NUMBER,DESCRIPTION
1,"big GU but bear doji, prob mostly SW for 1 hour until closer to MA"
5,H2 but TTR
7,"CC BLB so AIL bug TTR, far above MA, prob limited up, but should get above Apr 5 LH this week"
8,"DT LH 1, far above MA, PH, but TTR, poss AIL, btw"
9,"F DT, ok BLB, but TTR, btw"
11,"Tri 1 8, but AIL, many dojis, BTW"
12,"f bear BO, but TTR, dojis, LOM, LP B or S, btw"
16,"W 9 12, but TTR, fell 1t below 5, btw"
21,"OD, but tail. Might fall to MA, but not strong bear"
22,"big bear bar, BO if TTR, AIS, but need FT. 20GPB, but need bull bar"
25,"20GB B, f bear BO, but 3 dojis and no strong B SB, AIS, LPB. BRTR but weak bottom, BB2"
28,"20 GB 2EB, but TTR and TBRCH, btw. Still AIS, but weak bear and poss TR soon, btw"
33,"BO, but tail, prob AI for test 21 H and 12 H"
40,"H2, AIL, but still TRD"
48,"BP B, ii, AIL, but at top of TRD so need stop below 42 or 30. Since week rally, better to B PB"
52,"MA PB, AIL, but prob will C the day around OOD"
59,"F BO, EG 58, prob at least small 2LU and might reach Apr 5 SX H. poss MG, but more likely EG and DD"
66,"BP B at MA, Apr 5 H TGTA, BLCH above ma, but prob will C near OOD. Ok S above HOD for scalp"
70,"L4, OOD magnet below, but SPBL so lim order S is better"
