BAR NUMBER,DESCRIPTION
1,"big GU, bull bar, March 15 LH magnet at 2387.75, PL, BTC"
4,"F BO, but T1B bull, BB"
6,"H1, AIL, TGTA, ok B but 2 bar bars, LrP, poss TR soon"
9,"f BO HOY 2es, good bear bar, PH, but 3 big bull bars, TGTA, LPS, SS2, MRV. Might get deep PB below 5, then TR"
16,"H1, should test 8 C or 9 L for SBL, but 9 BBRMC, room to MA, 6 BX L, 50% PB, so MRV"
19,"H2 but just above SP. Still AIL, BUDC, SCL below, SBR around 10 L, 50% PB, and 8 C"
23,"LH but AIL, 4 BLB, MRV"
27,"Tri 5 19, MDB, AIL, at MA, but TTR"
32,"L2 21, but AIL, 2t below 8 C so should get closer, BB"
34,"BP B, 8 C tgta, but top of TR, only B if WSS, btw, poss SA around 8 C"
35,"LH MTR, 2es 32, but TGTA. Ok swing S but more SW likely"
40,still AIL so bulls B again above bull bar. Swing bears exit above 40 or above 35 LH
47,"LH MTR, ET 23 32, but 3 BLB, TC 38, AIL, BB, SS2"
52,"LH MTR 2es, but AIL, above MA, 3 BLB, prob BB for test Mar 15 LH"
60,"HH MTR, test March 15 LH, W 32 47, cc bear bars, ok swing S, but still AIL, AIBLE"
66,"H2 at MA, AIL, but 5 cc bear bars, ok to wait to BA BLB"
67,"BLB, AIL, bulls BA, but just below RS March 15 LH. Might get BO and MMU"
69,"f BO, 5t, but 2t tail below, prob BB, but bad FT so prob not strong rally"
71,"F BO top of TR, MDT, good bear bar, AIBL exit, bears can S, but prob more TR"
