BAR NUMBER,DESCRIPTION
1,"bull bar but tail at March 15 LH. Middle of Y TR, TRO"
2,"LH MTR but only 2 bar rally, BB, LOM"
4,"BP B, AIL, PL, but top of 70 bar TTR at RS of March 15 H"
9,"LH MTR but bull bar, BB"
11,"BP B, ok B for 4 pt move above 4"
16,"LH MTR, iii, but bull bar, prob will go at least 17t above 5"
19,"HH MTR, ET 57 70, ii, but 2 dojis, TC, and 16T above 4 so LPS. Prob BLTR, but prob going a little Hr before bear swing. Less likely, BO and test ATH"
22,"BP B, should go at least 17t above 4 H"
23,"big bull BO late in bull trend, prob EG, but prob at least small 2LU so BTC"
25,"F BO, prob EG, PH, OEL, but prob will get at least small 2LU before falling below 19 H BOP. SS2"
27,"big bear bar, 3 BRB, STC"
28,"SX, BUDC, AIS, S rallies"
29,"F bear BO, HL, BLB, but AIS, 70% chance 24 will remain HOD, S rallies. Prob TR soon for 1 – 2 hours"
30,"BP S but 2 BLB, SX, HL, BB and then TR"
34,LH but prob TR and 2LU
39,"BP B but doji, middle of TRD, need stop below 29"
41,"BP B, big bull IOI, AIL, poss BLCH for rest of day, but TRD more likely"
45,"L2 34, test 24 C, MDT, but TC, AIL. OEL. TRD more likely than bull trend"
47,"L2 2es, but bull bar, TC MRV"
49,"DB HL 40, CC BRB, SA"
51,"W 34 45, but 2 big BLB, TRD, LP S, LOM"
56,"HL 28, MDB, DB 52, good BLB, ok B scalp"
58,L2 54 but bottom of TRD so LPS
62,"WBRF, but TTR, bottom of TRD, LrP"
64,"WBRF but TTR, BOM, LP"
67,"F WBRF but TTR, LOM, btw"
70,"F BO above WBRF, BOM, TTR, btw"
