BAR NUMBER,DESCRIPTION
1,"big bear bar, LOY magnet since S SB on daily, 60ma magnet, but big bar, poss BB and LOM"
3,"ORV test LOY, PL, but doji, SA"
5,"DT 1, ORV MA, but 3 cc bull bars, LPS"
6,"BP B but doji, MA, LOM, LP B"
10,"F BO HOD, DT 1, W 4 7, PH, but C above MA, LOM, LPS"
13,"HL MTR but big 12 BRB, 3 cc BRB, LOM, LOY magnet below, AIS, LPB"
15,"BP S, AIS so bears SB, but 2 BLB, bottom of LOM. Should test below LOY"
17,"BO and FT, but 60ma 20GB B so prob not much more down. Prob TTRD and LTR"
18,"LL MTR, f BO LOY, 2 day W, 20GB B 60m, MDB, but BB2"
22,"BP S, AIS, but at 60ma, prob LTR,"
29,"NW 24 27, 3 18, Y 28 81, good bull bar, 60m 20GB B, ok B. bears exit. TC so MTV, then LTR in TTRD"
36,"HL but MRV. Since big W bottom, might get swing up"
37,"BO, AIL. Tail so weak BO, but should test 21 H, and might be swing up after 80 bar W bottom"
43,"F BO HOD, BX, COL, 2LT, but early in W reversal up so SS2, OEL"
45,"2LT 2es, but prob BB around MA and 42 L"
50,"H2, ok to B again, but prob more SD to MA and maybe 42 or 41 BX L. poss endless PB, then bear BO"
54,"H3 at MA, but TC, BB2"
56,"H4 at MA, ok B, HL MTR, but TR so prob SW. bears need strong BO and FT"
60,"HL MTR, f BO below H4 and MA, ok B, but might stay around OOD for rest of day"
62,"LH MTR, but 4 BLB, prob SW around OOD for rest of day. LPS, but might test LOY since Y is S SB"
73,"H2 60 2es, but below MA and LOY magnet below so bears want L2 S"
