BAR NUMBER,DESCRIPTION
1,"big bear bar, but just above 7 MJHL and 60 ma, in 4 hour tr, still AIL, BB, TRO"
6,"bear ii, BP S, 6 BBRMC, but just above 60ma, LPS"
13,"13 BBRMC but HL 36, 18t below 6, and at 60ma. PL, but prob MRV"
20,"L2 at MA, AIS, ok S"
22,"LL DB, PL, but 2t tail, Lr P, ok to wait"
24,"BP S, AIS, but bull bar. Ok S"
26,"NW 16 22, 12 22, 68 12, HL Y 29, but doji, SA, but weak selloff so prob swing up soon"
28,"NW 2eb, good bull bar, ok B since PL. bulls want ID, but still AIS, LOY TGTB. AIBRE"
33,"DTBF at MA, 40% chance of swing down, but prob AIL and BB. Bulls can exit, but stop below 28"
36,"DT 24 2es at MA, bulls exit, bears keep selling MA"
47,"DB 28, PL, but 3 bear bars. Ok B but bears will S MA"
50,"MDT at MA, but 2 dojis, LP S, BB LOD"
55,DB 46 but at MA so bears will S
58,"f BO LOD, but tail, LP B"
61,big bull bar above MA in BRCH so STC
63,"bear ii at ma, AIS, bears might S but L in weak ch and prob BB LOD, ok to wait"
67,"HL, now TR and not just BRCH, but LP since bulls made money only once today with stop entry. Last hour of month so might get BTC or STC"
