BAR NUMBER,DESCRIPTION
1,"H2 58 vyt tail, below MA, LOM"
4,"L2, W 79 1, ok S for test below LOY and PL, but middle of TTR"
6,"f L2, test LOY, but 3 bear bars, AIS, SA. BOM"
10,"F BO LOY, W 66 78, PL, L1=2, MMD form Y DT, but BB2"
12,"BT LOY, AIS, but room to 8 SX H. STCBR will prob B around 9 C. BDBU so SW"
17,"BO, prob MG 13 H and 78 L"
18,"CSX, FBO, but SA for at least 1 more leg down after strong 17 18"
20,"still STC but CC SX, 2LD, 18, prob SU soon. might even be BTC. BTW since maybe 1 more push down"
21,"CXS, bears exit above, prob SU for next 1 – 2 hours, PL so ok B but prob weak rally to near MA, and TR more likely"
22,"DTBF 19, L1, but CSX, doji after bull bar, BB for SU for 2 hours or more hours, and BB LOD"
24,"L2, AIS, but prob TR"
32,"F BO, FF 27 TRI, OK B but MRV. Prob TR soon. might get 1 more push down to W, but BB"
38,"DTBF 23, 20GB S, MAG S, ii, but AIL, BB. 32 MRV so SA, but might go SW 5 bars and form HL MTR"
41,HL MTR but NEBM so SA
46,"small L4, MAG, BLTR, exit longs, ok S but prob scalp. Bulls need MTR, might test 20 L"
52,"HL MTR but 6 BRB, SA"
55,"LH for 2LD after 5 BRB, HST with 38 LHST, but 20 bar TR, AIL"
59,"DB HL MTR, ok swing B but only 1t BL body so might stay in TTR"
61,"no bear bar so ok FT, more up, BB, BA"
65,"2LT 46 and 55, 2 bear bodies, but tails, 60ma and daily ma just above so magnets. Prob SA around 60ma and BB around 45 H"
66,"H1, TGTA, AIL, but 3 dojis, prob SA and near 60ma, LPB, LOM"
67,"W 22 45 2es but bull bar, 3 dojis, AIL, BTW"
68,"H2, AIL, TGTA, ok B for test 60ma"
70,"H1 but bear bar just below 60ma, NW 22 45 and 55 63 so LPB"
72,"NW, MDT at 60ma, bulls exit, bears S, but TC so MRV"
