BAR NUMBER,DESCRIPTION
1,"I leave 12:45 today. doji in middle of Y final bull leg. LOM, SA"
4,"LH MTR, PH, L2 at MA, ok S, but only 1 bar up. BOM"
6,"H1, but tail, just below MA, still on 4 S. BOM"
7,"BO, more down, AIS"
9,"H2 2, WBLF 73 2, PL, but AIS, only 1t BL body, MRV"
10,reversal up after 4 reversal down so now bigger BOM
14,"F BO, DDT 7 at MA, AIL, but ok to exit below. Ok S, but prob BB"
17,"BP B but 3 bear bars, LPB. Still AIL, but BOM"
21,"cc BLB closing above MA, prob BB at MA, but poss 2LT in TRD so OK S but LP"
24,"f BO HOD at 60ma, but 9 BBLMC, BB"
25,"BP B at after bear bar, weak rally, 60ma so scalp"
29,"F BO HOD and 60ma 2es, but AIL, TC, MRV, prob BB and at MA"
32,"DB, and a measured move up"">DBBF but 3 bear bars, just below 60ma, SA"
39,"LH, Tri 25 31, top of TRD at 60ma, more likely will test down"
41,"BO and FT, AIS, more down, but TRD so SBL prob will make money Bg 1 – 2 pts below 37"
44,"f BO 37, MDB, MRV, but LOM, should test above 31 L here or soon"
47,"DTBF 38 but prob BB around 50% and 37 L, more TR"
49,H1 but H in TRD just below 60ma
51,"DTLH 38 but just above 48 L, SR all day"
53,"DB, and a measured move up"">DBBF, but doji just below 60ma RS"
56,"3 small BLB, BTC, but 60MA and HOD just above so not much more up"
63,"W 2 28, f BO 60ma, 2es but doji, TC"
67,"HL but 5 BRB, LPB, might test below 53 L since TRD"
72,"f BO 53, prob AIL, but TC, LOM"
