BAR NUMBER,DESCRIPTION
1,"big GU, should trigger weekly B by going above last week’s H."
2,"2 dojis, but PL, less likely HOD"
3,"big bull bar, triggered H2 B on weekly chart, AIL, BTC"
6,"f BO, BX, but t1b B, BB"
8,"PW 1 6, but LP. G 8 L and 6 H, but prob EG. TR likely soon"
9,"BP B but doji, CBX, scalp or wait since TR soon"
12,"PW 4 7, PH, top of 10 day W, but not good shape. More likely near top of TR, then SW for 2 or more hours"
14,"DB 8, 7 G still open, but BUBD, CBX, SA, TR likely"
16,LH but only 2 bars up so MRV. might test 7 L or HLW before TR
21,"f BO, 20GB B, but HLW magnet below, tail, LP B. TR more likely than bear trend, but more down likely"
25,"OU, W 14 20, BT, HL, but TC, MRV, BUBD, prob TR"
28,"DT 21, 50% PB, test 17 L so LBL made money, but BDBU, BB, TR, LOM"
31,BP B but 4 bar PB so poss BUBD and SW or 1 more leg down so stop below 23
33,"H2, AIL, OK B but poss 1 more leg down"
34,"COH, more up"
40,"NW 20 28 and 35 37, but 2t below 19 SX H so prob has to get closer, BB. TRD likely so prob SA near HOD"
44,"F BO above TC and 16 LH, top of TRD, but TC, MRV"
47,"BP B but top of TRD, btw, prob SA 44 and HOD"
50,"LH MTR 23s, poss HOD, but TC, LP"
52,"DB 47 but still on 50 HH MTR S, top of TRD, SA, btw until after 11 am report"
56,"BP S but doji after big tail, middle of TRD, LP, prob BB 55 and more TR"
62,"Big BO, might test OOD and 60ma, AIS"
66,"BP S but 16 BBRMC, CSX, f BO lod, 60ma, PW 55 62, test OOD, prob BB"
68,"L2, good S SB, AIBR S again"
74,"CSX, MDB 72, AIBR exit, only B if can use wide stop and make quick decisions since prob mostly SW"
75,"BP S but CSX, BB"
