BAR NUMBER,DESCRIPTION
1,"big bear bar but in Y TR, LPS"
2,"HL, PL, but MRV, top of TTR 72. OK B scalp but big risk, small reward, most should wait"
3,"ORV down from MA and top of TTR 72, 20GB S, ph, but prob TR. Ok S"
5,"COH, prob BO to new HOD"
6,"BO of BOM, 4 is PL, AIL, BB, but poss TR"
8,"f BO top of TTR, 2es, AIL but ok S for HOD and maybe scalp. BB, but might get 50% PB"
11,"HL but 5 BBR, tail, C below MA, MRV"
14,"W 77 7, MAG, but 1t body. Poss HOD but AIL, prob BB around 10 L"
16,"DB HL MTR, PL, ok B, but doji, C below MA, middle of TTR, BB2"
19,"4 cc bars with C at or above C of prior bar, AIL, odds favor bull BO"
24,"F BO W 77 7 14, test 60m, but 10 BBLMC, MRV, SS2. Bulls want MG, but 60ma and L1=2, and 50% PB just above. Prob BLTR, but no clear top yet"
28,"BP, AIL, 2t PB below 14 H BOP so poss NG and MMU, but weak rally, just below RS, prob not much left to swing up, prob TTR"
31,"F BO W top, 2es, but TTR, NG 14 H, TGTA, BB"
33,"DB, and a measured move up"">DBBF 28, TGTA, AIL, but TTR, weak rally"
35,"DT LH MTR in TTR, 40% chance of 2 LD to OOD, tight stop, ok S"
38,"BO, C below past 16 bars, 1st LD after DT LH MTR, AIS since prob 2LD, despite tail"
40,"HL MTR, H2 28, weak FT Sg, F BO. Prob bounce to test 34 L BOP, then 2LD to OOD"
44,"reversal, prob AIL, might get BO above 35 LH"
48,"BO, more up, but at 60ma and near 50% PB from Y and L of Y O"
50,"2LT in TRD, f BO 60ma and 24 W, prob BB but poss HOD"
52,"2 bear bars, SA"
55,"bad FT, prob BRTR, BB"
57,"H2 but bear bar, TC, better to B with lim orders. PB in bear swing but too L to S in weak bear leg"
59,"BP S but 2 bull bars, bottom of weak selloff, HL 40"
61,"BP S but bull bar, BRTL, limited down, BB. PW 52 54 57, bull bar, but TC so MRV, BB2"
63,"DTBF but 3 bull bars, L in TRD. Might test OOD"
65,"bear BO and FT, but test OOD in TRD so poss 2LT. TRD so prob C around OOD for DD"
67,"BP S but bull bar, SC, test OOD and 10 15 DB, poss 2LT in TRD, BB. AIBR exit above, might test 64 SX H, but more likely SW around OOD for DD"
71,"BT 60 L, BP S, but 3 good bull bars. Prob SW for rest of day and BB around OOD"
