BAR NUMBER,DESCRIPTION
1,"bear bar in middle of Y TR, btw"
3,"ORV down from 60ma, PH but prob BB. Btw"
6,"f BO LOD but 4 bear bars, AIS, SA. Reversal down and up so BOM. Bull trend day unlikely. Prob bear day or TRD"
7,"HL MTR, W Y 39 66, F BO LOD, PL, but 4 bear bars, AIS, LPB, btw. Poss PB from 2, even tho fell below 2 so poss bull trend"
9,"4 cc big bull bars, weekly magnets above, might be AIL, but bulls need more. BU BD BU, Big Confusion, middle of TR, BOM"
10,"H1 but bear doji after BDBU, SA"
12,"MDT 9, LH, but 6 BBLMC, prob LIM, btw"
13,"MDB 11, AIL, poss bull trend after PB to new LOD from 2 bull BO. Weekly magnets above"
15,"LH, just below 60ma, MW 9 12, but TC, LPS. SBR from 6 H will S. might have seen both HOD and LOD"
18,"50% PB, AIL, but 3 BRB, SA"
20,"BO, poss MG, but more likely 6 H LBR will B back shorts so prob bounce soon"
21,"HL MTR, H2 18, AIL, but TC, prob MRV"
24,"LH but AIL, 3 BLB, BB, but apex of Tri so scalp"
27,"MDB PB from BO of 21 HL MTR, AIL, OLW and HLW magnets since Friday, but apex of tri, LrP"
40,"H2, AIL, but just below 60ma. Should test OOW so prob bull BO, but might get PB 1st"
47,"W, ok to exit longs below. Ii, poss F W top and fast move up to OOW"
49,"2LT, test OOD, but bull bar, AIL, LP S"
53,"BP B, AIL, iii, MG 45 H, but BUBD, LP"
57,"LH, 5t, but 3 bull bars, AIL"
59,"LH, F BO OOW and 60ma 2es, but bull bar. Ok to exit longs, LPS"
66,"H2 54 but 3 bear bars, AIS, SA"
67,"W 58 63 but TC, LOM, BB2"
71,"WBRF 67 69 at both ma, AIS, might test OOD"
74,"f BO WBLF 58 63, 2LT, but room to OOD, SA, but prob SW into eod for dd"
