BAR NUMBER,DESCRIPTION
1,"GU, bull bar, AIL, but far above MA"
2,"F BO HOY but doji, TC, AIL, only 25% chance HOD, btw"
6,"DB 1 but 5 bear bars, room to ma, SA"
10,"SV test HOY, but 2 big bear bars, MRV, BU BD so TR likely for next 2 hours. bottom might be a little Lr at 60ma"
11,"L1 but SX at SP so prob not much more down. 60ma magnet below. Prob BU BD and TR, but no bottom yet"
15,"BP S but bull bar, CSX, W 1 9, 60ma. LP BA, but prob not much more down"
19,"PW 1 10 14, good bull IB, poss LOD, but top of TTR at 60ma so LP, more SW likely"
22,"Tri, AIS, but 4 bars without BR body, PW, CSX, LP S, prob FF, BB LOD"
26,"W 14 18, mdb, but bear doji, MMTB, LP B"
27,"L2, TGTB"
29,"W 18 24, good bull bar, MMT, prob TBTL SU"
33,"DT27 at MA, but AIL, BB for test 19 H"
39,"DT 22 at 60ma, L2 33, but 5 bull bars, 2 dojis, prob TTR until FOMC report, btw"
45,"F BO 22 TR H, W 33 39, but TC, prob TTR until report"
56,"ioi after report, AIL, but 4 hour TTR, big dojis, btw"
60,"L2 44, f BO DT, ii, but AIL, 2 dojis after 3 bull bars, LP S, btw"
65,"HL but 8 BBRMC, BB2"
