BAR NUMBER,DESCRIPTION
1,BO HOY but big tails
2,"doji, TRO"
4,"F BO HOY, W 24 62, 30% chance HOD, ok S, but TRO so more SW likely"
9,"ORV at MA, DB 2, COH, 30% chance LOD, but top of TTR, btw"
10,"F BO HOY 2es, 40% chance HOD, but TTR at MA so HPW"
11,"H2 8 at MA, 40% chance LOD, but doji in TTR, poss endless PB down"
14,"BO and FT, more up, 50% chance 17t above 11, but prob not strong bull trend. F BO but bull body so LP S"
16,"f BO, W 62 3, COL, HH MTR, poss HOD, ok S, but AIL, prob 2LU and BB. Bad FT, Y was TR, so prob bull leg in TR, not strong bull trend"
20,"BP B at ma, AIL, but 5 bear bars, BU BD, SW likely. 60% chance new LOD at some point since weak rally at top of 2 day TR"
23,"LH, but MRV"
28,"DB 19 at MA, AIL, but TTR, top of 2 day TR. DT and DB so BOM"
31,"DB, and a measured move up"">DBBF 20 26, DT LH MTR 22 30, BOM, but AIL so slightly Hr P for bull BO"
32,"BO, prob MMU, but BO of small TR so TTRD more likely than strong bull trend"
41,"F BO, L2 but TC, BB. Prob not much more up before TR. Too early to S"
45,"BP B but doji, NW, btw"
46,"NW 37 41 and 62 15, ok to exit long, but TC so LP stop entry S. prob TR"
50,"bull bar, H1 BLF, AIL, bulls get long again, but prob not much more up"
53,"NW 40 46 and 62 14, prob TTRD so prob TR soon, ok to exit below even tho SPBL. Since SPBL, not strong stop entry S, even tho test of 42 L at bottom of ch likely at some point"
56,"DB 50, but tail, prob SA 54 entry bar for 2LD"
60,"Tri 50 56 but doji, reasonable HOD 53, room to bottom of UTR in TTRD, LP B"
63,"f BO, H2, AIL, ok B, but room to bottom of UTR so prob will go Lr and not get above 59 LH. Bears want C below OOD for bear RD"
66,"W 56 62, f BO L of UTR, test H LTR, but bear bar, TC, btw"
72,"H2 at bottom of UTR, AIL but very TTR. Ok BTC but prob will not get far, wft"
