BAR NUMBER,DESCRIPTION
1,"GU o n weekly chart to new ATH, poss LOD, tgta around 20140, but top of ch on daily, tail, ok to wait"
4,"f BO HOY, top of ch on daily, ok S for HOD, but rally not climactic so prob more SW"
6,"BP B, AIL, but BU BD so prob SW. ok B for LOD, most bears get out"
8,"f BO HOY 2es but bull bar, BB. Might get 1 more push up to W top"
12,"BO P, iii, AIL, but weak FT Bg, poss W top if new H. so far, weak rally so prob TR or top soon"
13,"W 4 8, but 3 bull bodies, AIL, LP S"
16,"W, COL, but AIL, 9 bar 2 pt TTR, neither bulls nor bears making money, btw"
21,"20 GB B, DB 14, AIL, ok SB, but 2 pt TTR, ok to wait"
24,"F BO, FF, poss HOD, but doji, 4 bars up, prob BB so SS2"
31,"H2 B at ma, bull bar, ok B but poss DT LH 28"
39,"W 4 24, LBRs making money, but AIL, doji, TC LPS"
43,"NW 32 38 and 13 24, but TC 30, AIL, MMTA, BB"
50,"f BO, BX, ok for AIBL to exit, but TC, SS2. Prob TTRD so prob TR here or soon. S the H bears who Sd 24 H will S below bear bar for test 24H"
56,"H1 but 6 bars down, BUBD so prob 2LSD. AIL, ok B, stop below 45, but btw for 2eb. Poss HOD but SS2"
59,"h2, AIL, 20gb B but bear body, TTR, only 1 BL bar in 10 bars, btw, might test 45 BX L and 24 top of LTR"
63,"H3, BT 44, AIL, but TC, doji, room to 24 H top of LTR, btw for test 45 L or BB2"
67,"bull ib, 50% PB, MA, AIL, but TC, room to 45 L, LP B, prob SA. Bulls want TTRD, bears want RD and test OOD. Odds favor TTRD, but also favor test 24 H"
74,"F test 24 H, bears will B back shorts above or soon. still AIL, but TC so SW more likely than UD"
