BAR NUMBER,DESCRIPTION
1,"Doji in middle of Y 2 TR, LOM. Should test HOY or LOY."
2,ORV at ma but bull body
4,"doji after big bear bar, AIS, but prob LOM and BOM. H2 but prob SA"
5,"BP S, AIS, might test LOY, but bull body, 3 dojis, LOM"
8,"W 1 4 but doji, TC, room to LOY, BB2"
9,"C above MA and 5 LH, big enough bull bar so prob AIL, but LH, TRO, prob bad FT 11"
11,"DT LH 1 at MA, COL, ok swing S for HOD, but more likely BDBU and HL then TR"
15,"F BO 8 NL of DT, test LOY, PB from 9 even tho LL, poss LOD, but AIS, 6 bear bars so prob MRV. Still prob TRD, but not strong bottom yet"
18,"3 bars up, strong bounce, prob AIL and BB, but might tests 14 LOD. Ok S since another test of MA in bear ch and might reach LOY"
20,"W 1 8 14, DB, test LOY, AIL, but bear bar, many reversals"
26,"W 18 23, f BO NL 18, but TC, AIL, prob BB around MA"
29,"DB 24, AIL, but tail, stop below 20"
32,"W 9 25, 18 25, but 3 bull bars, SS2"
34,"W, f BO HOD, 2es, bulls get out, prob 2LSD, but still AIL, MMTA. Bulls B again above bull bar"
35,"bull bar, AIBL BA"
39,"W 25 32, ii, but TC, AIL. Ok to exit longs, but must B above bull bar"
40,"BP B, bulls BA 39"
43,"BP B, AIL, but H1 at MMT and CBX, prob PB soon, ok to wait to B PB"
47,"H1 B but CBX at MMT, fell below bear bar, AIBL exit and wait for at least a H2 to B. prob TTR for 10 bars and LOM"
50,"h2, AIL, TGTA, many gaps so strong bull, ok B but TTR and SD likely soon. prob FF, ok to wait to B near MA"
59,"CBX, 2es, bulls exit, ok S but better to SA"
66,"20GB B, DB 50 FF, but 11 BBRMC, BB2. TR likely for rest of day"
69,"DB HL 50, AIL, 20GB B, 2eb but 11 BBRMC so Lr P B and might get LH and 2 LSD. Downside prob limited, might get TRES up. most likely SW"
71,"L2, BD LH, but 6 bull bars, LP S, MRV"
73,"f L2, ok BA for poss TRES, but SW more likely"
