BAR NUMBER,DESCRIPTION
1,"bull bar, HL, but GD after BX so BU BD and TR likely. AIL, 50% chance of FT Bg in 1st hour after Y BX"
6,"LH, HST, poss HID, but MRV, 6 BBLMC, BB. TRO, LOM, prob TRD"
9,"DB 3, poss LOD, but big doji, TTR, LOM"
11,"doji ib, LOM, btw. BOM for MMUD"
14,"HH MTR but doji, cc BL bars. SS2 since prob BB. BBLC, and TR, so might get deep PB. stop for AIBL below 1 or 9. Might test monthly MMT 2340.75"
17,"BX, F BO but TGT so LPS, prob at little more up, and then TR for 2 – 3 hours. BP B but bear bar, just below TGTS, LPB"
18,"OU, another G, more up, SPBL"
20,"1t above monthly TGT, BX, but SPBL, BTC, no top yet. Prob TR after 2 hours"
24,"BP B, AIL, SPBL, but TR likely after 2 hours since Y was BX so prob limited up, prob SD for next 2 – 3 hours"
25,"BX, MMT, MDT but OD, btw"
26,"big bear bar after BX, 60% chance 22 will be H of next 3 hours and poss HOD so prob AIS, but might bounce at MA back above 25 before 2LSD"
27,"FT, prob MMD today or tm. Poss TR so might test 25 H 1st"
29,"MA, MDB, but 2 big bear bars after SX, AIS, SA. BUBD so prob TR so poss big bounce to 25 H"
31,"LH MTR, AIS, but 4 bars up, prob BB and more SU. Ok S, but stop above 25. Either bear trend or TR, if TR, could get deep PB to 25 H"
32,"bear bar, AIS, so bears might S again below, but ok to wait for 2es. If goes to new HOD, might get HH MTR"
36,"BO, might get new HOD"
39,"LH MTR, K2, but 4 bars up, BB"
44,"W LH MTR but TC, MRV"
46,"MA PB, strong bull bar, but top of TR. Bears exit above"
51,"Tri 22 43 49, BOM, 50% chance BO will F"
54,"F BO but 3 strong bull bars, BB, SS2"
59,"BP B bit 3 bear bars, top of BX"
67,"NW 22 64 and 62, but TC so LPS, SS3"
68,"OU, AIBL B above but top of BX so Lr P and more risk"
72,"W 22 64, late in day, ok to exit long. LP S, but might get STC"
