BAR NUMBER,DESCRIPTION
1,"bull bar but tail, in TR since 68. At least 2 hours of SD likely today after Y BX, but might not start until 2 hours. 50% chance of FT Bg for 1st 1 – 2 hours. 6 cc bull days so today prob not bull trend day"
4,"big bear bar, prob AIS, f test HOY"
6,"ORV 15 ma but tail. Still AIS. If rally, watch for LH MTR. 50% chance 1 will remain HOD. BP S but bull body, at 15ma, poss BB"
9,"L2 but 15 min MAG, TTR, BOM, btw"
13,"DTBF 9, but 15 min MAG, TTR, BOM. Bulls want MMU above 11 H"
14,"LH MTR but strong enough 13, weak S SB, prob MM and TR"
16,"big bear BO, more down, maybe test Y 28 L or 60ma"
18,"f BO, but prob SA for test 17 C. if bears exit, they will S below next bear bar. BDBU so prob TR soon"
19,"BP S, AIS, but tail, SX, 60ma just below so prob TR soon"
21,"H2 18, f BO Y 28, W 77 18, MDB after SX just above 60ma, poss LOD, LBL making money, TR soon, but doji. AIBR exit above. Poss TTRD. Bulls want bull bar at EOD, but odds against getting back above OOD"
25,"DTFB but bull bar, 5 bars up, BB. Still LTR and prob AIS, but 50% chance of test of HOD by EOD"
28,"HL MTR, but only 1 bar PB. still prob MRV up. Bulls want BO and MMU to OOD, but odds favor top of LTR here or soon"
31,"W 19 25 LH at MA, f BO above 10 L, but TC, big bar"
33,"DB HL TRR but doji, 2 big bear bars, prob more SE"
39,"F BO W, TRD, but 7 bull bars, SS2. 70% chance 1 is HOD and 21 will remain LOD"
42,"W 19 31, MDT, but big bear bar so Sg L in TRD. Should test 35 L and maybe 60ma"
43,cc big bear bars in TRD at 26 32 DB so bulls BTC. Strong enough bear BO so SA
46,"DB HL MTR, iiii, BOM, AIS, btw since TRD and mostly lim order trading"
48,"FBO iiii, FBO 32, but 2t tail, middle of TTR, middle of LTR, 60ma magnet below, LPB"
50,"strong bull bar but top of TTR at MA, room to LOD, btw"
52,"HL MTR, another strong bull bar, W 43 48, but TC, room to LOD and 60ma, ok swing B, HPW"
60,"HL MTR, W 26 52, but SA, 2 strong bear bars so AIS. Bottom of LTR so prob not much more down"
64,"L2 AIS, but bottom of TR just above 60ma"
65,"HL MTR, F L2, ok swing but top of bear ch, HPW for BO above 57 LH for test 41 H"
69,"BT 64 H, BP B, AIL but bull leg in TRD, prob will not get above 41 H, but might get back to open since bulls want 7 cc bull bars on daily chart"
