BAR NUMBER,DESCRIPTION
1,ORV at 60ma but doji
3,"H2 1, 3 bull bars, ORV at LOY and 60 ma, AIL, poss LOD, but TTR and might stall at ma"
4,strong bull bar at ma so STC for scalp
5,"ORV down from ma, but 4 bull bars, BUBD, prob SW"
6,"BP B but at ma and after big bear bar, LPB"
8,"ORV at ma, 2es but 6 bull bars and 60 min 20GB B. poss hod but TTR so confusion and SW more likely. BOM, but 50% chance 1st BO will F, btw"
20,"W HL, AIL, but TC, just below MA, HPW"
23,"doji FT so not strong, at 60ma and LOD and LOY SP. Bears need strong BO below. Strong enough BO so BB2"
24,"MDB, DB HL 1, F BO, 60 ma, Tri with LOY, but dojis and LOM. Poss LOD, HPW. Bulls need strong BO above MA, bears need BO below 23. Maybe still AIL, despite bear ch 10"
30,"f BO above MA, LH in BRCH, but 8 BBLMC, prob BB. Still BOM in middle of TTR, but prob AIL. Bulls need BO above 22 H since that is major LH in bear CH. If above, then TR or bull swing"
32,"L2 but TC, AIL. Ok to exit long, but prob BB"
34,"bull ioi, AIL, ok B but top of TRD so bulls need strong BU and FT"
36,"DT 13, strong bear bar, W 29 33, top of TRD, bar FT, ok to exit longs but TC so prob MRV"
46,"F bear BO below H2 41, HL, AIL, ok B but TTR so prob only scalp"
52,"DT LH, bear bar, but AIL, BB, LPS"
57,"bull ii, AIL, prob BO. Might reach COY"
64,"BX, L1=2, but 14 BBLMC, missed COY by 2t, prob MRV. Ok to exit longs, but prob will get to within 1t of COY"
67,"BP B, should get new H, but prob not much more"
