BAR NUMBER,DESCRIPTION
1,BO below LOY but C above LOY
2,"f BO LOY, poss LOD, but only 2t body and 1 had big tail. Prob LOM"
5,"ORV down from MA but 3 good bull bars, AIL, BB"
7,"ORV MA, W 1 5, but 2t tail, small bars, TTR, LOM, LP S"
9,"F W, AIL, but just below MA. Poss BO and MMU"
10,"F BO W, ORV 60ma, poss HOD, but 2t tail, TC, MRV and more TR"
12,"BP B but doji after 2 bear bars, at 60ma, LOM so prob SA"
14,"bull ioi but top of weak rally. AIL, ok B but prob SA 10. Might get bull BO and MMU"
19,"ET 44 58, 2LT, but no bear body, AIL, prob MRV, but since not strong rally, TR likely soon"
20,"bear bar, COL, poss 2LT"
24,"bear BO, poss bear swing, should test 18L"
25,"ma PB but 7 bars down, SA, should fall below 18 L and 10 H where scale in bears exit, then prob TR"
28,"big bear BO, prob MMD from 27 L"
31,"HL, MMD, BT 2, prob bounce here or soon, but BB2. bears will S near MA"
33,"BP S but 2 bull bars, MMT, SX, LPS, prob TR here or soon. TR so better to S Hr, near MA and 18 L"
37,"BO BO, poss MG, but still prob TRD"
40,"LH MTR but 11 BBLMC, BB, prob TTR soon, in TRD"
45,"LH 2es but bull body, BB, but stop below 31"
50,"HL, TL, but 3 bear bars, only B if stop below 31"
54,"2LT 40, f BO but strong 51, poss BB. If S, stop above 19"
61,"f BO but bear bar, prob SA"
63,L1 but big doji
65,f BO 49 2eb but big bar and TTR so prob not 2 pt tgt
69,"L2 but bull bar, BB"
