BAR NUMBER,DESCRIPTION
1,"I leave at noon today to get ready for the futuresio.com webinar at 1:30. GU on weekly chart, AIL, BTC, but BX"
2,"strong FT, more up. Might get PW or 5 – 1- bar rally, then 3 hour TR"
6,FB but tqb BL so BB
9,"BX 8 – 9, prob EG, but no top yet. Prob HOD soon, then either TTR or swing down"
11,"F BO, L2, CBX, poss HOD. If PW, need 1 more leg up. Still AIL, but prob not much more up until 10 bar TTR or TC SD"
14,"H1 but CBX, prob limited up and then TTR or endless PB TCh"
16,"CBX, 9t F, poss HOD, SS2, LBR made money above 11 so prob SD soon. still AIL, 1t bear bar, poss BB for 1 more push up to PW top"
18,"3 cc bear bars, prob SD for at least 10 bars, and poss HOD"
28,"F BR BO, ii, bad FT 25 27, MAG, prob BRTR and not bear trend. Still AIS and poss BRF, but since TR likely soon, should work up above 20 L so SBL can make money"
32,"BT 20 L, COL, but 7 BBLMC, middle of TR, LP S, TR likely"
35,"BP B but 4 bear bars, middle of TR"
38,"DT LH MTR, BT 20 L, ok swing S but TR more likely"
45,"HL 26, DB 36, AIL since 31 or 37, but 10BBRMC and TTR. BOM for TRESV"
53,"2eb after36 45 DB, still AIL, but TTR, TRESV"
58,BO above 49 LH so prob more TR or TRES up. TRV down now unlikely. Poss 2LT in TR
62,"BP B, AIL, might test 15 H C, but still TRD"
