BAR NUMBER,DESCRIPTION
1,"LL DB 50 but doji, AIS, SA"
3,"DB 26, H2, poss LOD, but doji, TC, room to LOY and 60ma, prob SA and LOM"
6,"ii, BOM, but LOM so LP BA and SB. Poss HOD or LOD, HPW"
7,F BO 2
8,"DB 6, still trapped LBR 3 H, poss LOD, but TC down to 2 so MRV likely"
15,"2LT, W 7 10, LH, poss HOD, but tail, TC, prob MRV and TRD"
17,"3 cc bear bars, AIS, SA, BUBD so prob TR soon"
21,"HL 8 but 7 bear bars, LPB, prob SA around 50% PB"
25,"LH, AIS, but middle of TRD, 3 dojis, poss TTR"
27,"DB HL, but TTR 21, AIS, SA, room to SP 21 L and 8 L, LPB"
31,"DB HL 21, poss LOD and test 14 C, but tail, TTR, room to 8 L, LBB, more TTR likely"
38,"H2, AIL, but top of TTR and middle of TRD so LP. Should get above 15 L and prob test 14 H C. report 11 a.m. and now quiet"
51,"LH, MDT, but missed 14 C by 2t so prob more up. 8 BTTR, btw for 11 a.m. report"
55,"OD, LH, got to within 1t of 14 C so bulls met objective and now bears might sell for test of OOD or bottom of TR"
56,"big bear bar, AIS, should test OOD since TRD"
57,"F BO OOD, H2 21, poss LOD, but BDBU so more TR likely"
60,"LH, but 4 bull bars. Prob will C near OOD to create DD, but LP S"
67,Tri 57 64 so 50% chance of f BO
73,"DT HH 60 but doji, 7BBLMC, LP S. still prob will C near OOD"
