BAR NUMBER,DESCRIPTION
1,"GU but bear bar, poss HOD, tail so LPS, btw"
4,"ORV at HOY, poss LOD, but doji, 3 bars bars, AIS, SA, prob TRO"
6,"ORV, MDB, poss LOD, but prob SA and TR"
7,"L2, but just above MA. AIL, but SW likely. Poss OD day since Y was small day"
8,"big BO, more down"
10,"H2, SX test of Y TR L, but 2t tail, SBR above, MRV"
11,"BP S, AIS, but bottom of Y TR, and DBR 10 so poss BB"
14,"MDB, good bull bar, but MRV. DT 10, but just above 60ma so prob not much more down before TR"
16,"MW 10 12, MDB, but 2t tail. AIBR exit above, but prob MRV"
18,"f BO LOY, bear body, but CSX to SP LOY and 60ma so ok for AIBR to exit above"
22,"PW 10 18, CSX, OD, test of Monday G, 60ma, so prob TR soon. AIS, but AIBR exit above bull bar after csx. Might rally to 12 H"
26,"DT 19 at MA, but AIL since big bull bar after PW, CSX, so prob BB, then TR"
27,"H1, AIL, room to 14 H top of PW, but BDBU so TR likely. Bulls need stop below 22, better to B bigger PB"
29,"W 19 26 LH, DT LH 16 or 14, but TC, AIL, MRV, LPS"
33,"Tri 26 31, AIL, but poss more SD so stop below 24. OD, but might get back above HOY"
37,BP B but 3rd push up so poss PW at HOY so TR soon
40,"PW 29 36, L2 S, prob SD. Might test 31 L, but TTR more likely"
50,"BT 19, H2 44, BRTR, but better for lim orders since TC and TRD"
56,"LH MTR, but 8 bars without bear body, AIL, LP S"
61,"L2 but AIL, TC, BB"
70,"BP B but poss W, weak rally"
72,"W 38 66, but big bar, 50% PB, prob ELOM around HOY"
