BAR NUMBER,DESCRIPTION
1,"G down to form 3 day island bottom, but closed G. f BO loy, but doji"
2,"strong bull bar, f BO LOY, poss LOD, ok B"
5,"bull ii, AIL, room to ma and 60ma, but tail. Ok B but poss TRO"
7,"ORV 60ma, PW 1 3, poss HOD, but 2t tail, 7 BBLMC, still AIL. Ok to exit longs, but prob BB, MRV, TRO"
10,"DB 4, AIL, but doji after big bear bar, prob MRV"
12,"Tri 4 10, AIL, but just below MA, top of TTR, LOM, btw"
16,"L2 11 at MA, DT LH 7, poss BRCH, but AIL, prob BB. Bulls need strong BO above both ma, else more TR and LOM"
19,"BO, more up, but need F, else TRD"
21,"f BO, MDT, ok to exit long, but TC so LP S"
25,"MDT, might get bear BO"
26,"bear bo, but tail. Prob AIS but TRD"
30,"F BO, HL, MDB, bulls might B above 28"
31,"big bull bar, AIL, more up, but prob will F to get above 21 HOD"
33,"DT 22, LH MTR but strong BO, BB"
37,"LH MTR, F BO DT 24 33, but only 1t bear body. Ok S if stop above 21"
41,"LH MTR, MW 32 37 but big bar in TTR. Ok S for test 31 HL. Some bulls will S 50% PB in middle of TTR. Bulls want continued BLCH, but weak rally stalling at 60ma so more likely TRD so prob will fall below 26 major HL"
51,"DB, and a measured move up"">DBBF 31, W 34 44 48 HL 26 but bear bar 50 and prob TRD so odds still favor small BO below 26. Bulls need BO above 41 major LH for TRES up."
55,"LH in Tri 21 41, but TTR, AU, ok to wait. TRD so odds still favor BO below 26 MJHL. TRSV 26 L and 41 H"
61,"LH MTR, MW 54 58, LH, Tri, BOM, but TTR. Fri, so weekly SR might be important in final hour, like L of week"
72,"BO and FT, BTC, but TRD, need BO baove 21 top of TR, else DT 41"
