BAR NUMBER,DESCRIPTION
1,"F BO HOY but doji, MA just below"
2,"cc bear bars, test of HOY, prob AIS, but strong rally Y so SW likely"
6,"3 bull bars, new HOD, AIL, but still poss TRO"
8,"DT HOY, F BO HOY, MDT, but bull bar, AIL, LP S, prob TRO"
11,"DB HL 3, but TRO, tail, top of TR. AIL, but not strong B"
13,"F BO HOD, F BO HOY 2es, but strong enough 11 12 so prob BB"
17,"W 78 8 2es, poss HOD so ok swing S, but TC, 1t bear body, prob MRV"
23,"MDT, LH, COL, ok S for poss HOD, but TTR, MRV"
26,"4 cc bear bars, AIS, but still might be TR"
31,"HL, 3 dojis, weak bear so prob BRTR, but LP BA. Mostly LOM 1 pt scalps. Still on swing S, stop above 23"
33,"CH BO and FT, AIL, but TTR"
37,"LH MTR but apex off TTR, MRV"
43,"Tri 3 10 31, AIL, but middle of TTR, LP"
47,"BTC but small bars, near top of TRD"
54,"DT MTR, MDT, but 15 BBLMC, MRV"
63,"HH MTR, W, but TC, LPS"
67,"ii, ioii, AIL, TC, ok B, but 2 bear bars at top of weak rally so limited up and btw. Ok S but TC so MRV."
72,"BTW, bull bars, TC but NW, btw"
