BAR NUMBER,DESCRIPTION
1,"GD, but bull doji just above 60ma and Y HL. Bulls want ORV up from 60ma. BOM. 5 day ET top"
4,BP S but just above 60ma. Room to LOY
6,"ORV 60ma, poss LOD, but TTR, bull doji after 2 strong bear bars, LPB"
9,"4 cc bull bars, AIL, but STC bears S strong bull C near MA for scalp. Bulls want MMU to COY, bears want ORV down to below LOY. Barely AIL. Still BOM, TRO"
12,"HL, AIL, 50% PB, but doji, 2 bear bars, BOM, just below MA, btw"
16,"H2 PB, AIL, but top of TTR at MA so LP B and might get 50% PB before going up. still BOM"
25,"LH MTR after 5 day ET top, Tri, but TTR, BOM"
32,"Big bear BO, BO new LOD and 60am, room to LOY, prob more down. Poss 2LT. prob TTRD so prob TR soon, then 60% chance of rally 1t above 5 L bottom of UTR"
33,"FT, more down, but prob TTRD"
35,"big bar so CSX 32, but surprise big BO so SA. Poss TTRD or SC bear trend"
36,"f BO LOY, csx, but BB2. Prob LTR soon. SA"
39,"BP S but big reversal up 26 after csx, BB, then LTR"
41,bull BO and G for test 35 SX H
46,"DT 35 SX H, test 60ma and ma, prob BDBU and LTR"
48,"BP B, AIL, but 3 bear bars at 60ma, LPB, TR likely soon"
51,"BP B but doji, just below L of UTR, SA and LTR"
55,"W 45 50, F BO above bottom of UTR and 60ma, prob 2LSD in LTR"
56,"big bear bar, more down, but prob SBL will B 48 L and 1 pt Lr since TR likely"
59,HL MTR but doji and 4 bear bars so MRV
61,"BP S but big 60, bottom half of LTR, LPS"
66,"Lh, L2, poss Tri, but 2 big bull bars, middle of LTR, LPS"
72,DT 65 but poss Tri and prob SP 40 L bottom of bull reversal
