BAR NUMBER,DESCRIPTION
1,"GU so 4 day island bottom. F BO HOY, poss HOD, but 2t tail, btw"
2,"BP B but 2t tails, LOM"
4,"H2 test of G, ok B for LOD, but LP"
9,"BP B, AIL since bull FT, but bear ii, weak rally. Rally looks weak so prob will F. bulls need strong BO and FT if bull trend day"
12,"PW 3 7 but bull body, AIL,9 BBLMC, MRV. Poss SPBL, but more likely bear leg in TR"
17,"PW but strong 16 17, LP S, but AIL bulls can exit below, but prob BB. might reach ATH and 2300"
18,"BP B but doji and poss W 12 17, then TR for 2 hours, then TRSV at EOD"
20,"PW 12 17 but bull bar, TC, LPS. Prob TR soon since not clear SPBL"
22,"NW 1 12 17, bear ioi, bulls exit, prob TR. TC so MRV"
25,"BP S but bull bar 24, 20GB B at ma, MRV, LPS. Poss TR for 2 – 3 hours, then TRSV"
28,"20GB B, W 17 23, but TTR, 8 BBRMC, prob TR. AIL, but stop below 9 bottom of ch"
43,"LH MTR but very TTR of only 2 pts, LP, AIL, BTW"
45,"F top, test MA, AIL, but TTR so more likely more TTR, btw. TRSV"
61,"bull bar, C above MA, ok B for TRS up but TTR so still LP"
70,"DT 20, W 57 64, but doji, TC, LP S. might get BTCE or STCE"
