BAR NUMBER,DESCRIPTION
1,"good bull bar, F BO Y TR, but middle of Y TTR and not at SP. Btw"
3,"BP S, but tail, 2 bull bars, prob LOM"
4,"MDB 1 but doji, TTRNS, btw"
6,"PRV L2 at MA, poss HOD, but bull body, LPS"
12,"W LH MTR, bear body, ok swing S for HOD but TC so MRV more likely"
13,"big bear bar after W LH MTR, AIS, but TC 12 so SW likely, more LOM"
15,"F BO, HL, but 2 dojis, strong 13, prob AIS, MRV"
16,"HL, ioi, AIS bears exit above, MRV"
19,"HL DB 4, W 13 16, bears exit, ok B but top of TTR just below MA so 50% chance PB, and bears will SA at MA, betting on bear ch. LOM"
23,"5 bars up, C above MA, AIL, but still small TRD, LOM"
24,"DT LH, poss HOD, but 6 bars up, AIL, BB"
34,"L2 below MA, BO mode, but bottom of TRD. Ok S but BB and more TR"
36,"DB PB, 2eb, bottom of TRD, but TTR, 1t body, LPB. Poss BO and TTRD"
47,"F BO 1, MDB 43, CSX 43, 60ma, AIS bears can exit above bull bar, but still AIS, MRV"
48,"DT 44, poss MG, SPBR, AIS bears should SB, but prob not much more down before TR since pausing at SP of 60ma and LOY"
51,"f BO LOD 2eb, MDB at 60ma and just above Y GU, AIS bears exit, TC so MRV so bulls scalp or wait for MTR"
54,"DT 44 but prob AIL, BB for test above 19 L and 42 H"
58,"DT 53 but TTR, prob BB for test above 19 L and 42 H"
63,"Tri HL, AIL, TGTA, but TTR at MA, and MA has been RS all day. LOM, btw"
64,"f BO, but TTRNS, prob still AIL as long as stays above 62 bottom of Tri"
71,"L2 54 but TTR, btw"
