BAR NUMBER,DESCRIPTION
1,"GD, bear bar, AIS, 3 day island top, but big tail small G, LPS. Doji after small G so G will prob C"
2,"doji, LOM"
3,"ii but dojis at bottom of 3 day TR. AIS, poss HOD, but LP, prob LOM"
5,"f BO LOY and ii, poss LOD, but doji, 5 BBRMC, prob LOM"
8,"ORV DT at MA, poss HOD, but BOM, still on B above 5 and should C G below LOY since 4 day TR"
9,"big OU BO above LOU and ma, AIL, but need FT, else poss BLTR"
11,"F BO DT so W 1 8, but 2 dojis, LOM, AIL, LPS"
16,"W 1 10, F BO HOD and 60ma, test COY, but still AIL, bear trend unlikely. Since poss TRD, bulls who do not exit need stop below 5 LOD because might get deep PB, even below 14 if TRD"
18,"H1, AIL, but DB 17 so poss more SD. AIL, stop below 14. Prob LBR above 16 and prob TR soon since bad FT after strong bull bars, and LBR making money"
23,"CBX, F BO 68 TRH, MDT, TR likely soon, AIL bulls exit below"
28,"3 bear bars but still AIL, 60min ma, DB HL 17 so prob BTC and BB, but TR likely after BU BD"
34,"H1, AIL, but top of TR so btw to B Lr. If B, stop below 14"
35,"LH MTR, L2 32, but TTR, middle of TR, AIL, MRV"
40,"DB, and a measured move up"">DBBF at 60ma, bull ii, AIL, ok B, but TR so 50% chance will get BO below DB and test Lr SP, like 17 L or 14 L"
44,"DT LH MTR, but strong 43, MRV, AIL"
47,"f BO 32 2es in TR, but AIL, BB"
50,"W 44 47 but tc, doji, AIL"
53,"f BO HOD and W, BX, bear IB, ok to exit long and wait for 2LSD, but still AIL and TGTA"
57,"BP B but 2t tail, SA"
59,"DT LH 55 but doji, TGTA, MRV"
61,"BP B, TGTA, AIL, but TTR, top of CH and TR, prob not much more up and NHEP for scalp"
63,"HH MTR, DT 52, top of TR since 17, but doji, TTR, TGTA"
67,"DB 45, AIL, TGTA, but bear body, middle of TTR"
71,"iii in TTR, AIL, but prob not much up or down"
