BAR NUMBER,DESCRIPTION
1,"GU, bull body, AIL, ATH magnet just above, but doji, small bar, poss LOM"
3,"f BO HOY but 3 bull dojis, BB"
6,"bull ioi but top of TTR, just below ATH. Might get big BO or reversal"
8,"BP B, AIL, but 1t below ATH, weak rally. No top yet and might get bull BO"
10,"BO, poss MG for move above 2300, AIL, but small bar, tail"
13,"BX, F BO 2300 and top of ch, good bear bar, but AIL, MRV, prob TTR for 2 – 3 hours starting here or soon, then TRSV late in day"
14,"BP B, AIL, but doji, BX, prob TTR and LOM soon and prob SA 13"
17,"H1 but PW 3 13 16 so prob 5 – 10 bars SD soon, and prob SA and limited up without a PB. LPB even tho clearly strongly AIL"
20,"BP B but bear bar, PW, LBR made money above 13 and 16 so TTR likely soon"
21,"bull bar, COH, AIBL B again, despite PW"
26,"poss EG 21-24, COL, top of 60 min W, AIBL exit below, prob TTR for 5 – 10 bars, then more up"
29,"DB 26, AIBL might B again, but so climactic, prob more SD, ok to wait"
32,"DB 29, COH, ok B, but prob limited up since CBX and top of 60 min ch"
34,"DT at top of 60min W ch, Poss HOD, ok S, but only 2 bars up so prob MRV more likely"
36,"20GB B, test 18 H, 5t F, but 3 bear bars, TR, BB2. Still might C G 18 H and fall to 21 L at bottom of final BX. MRV, TR likely, poss for rest of day"
41,"W 28 37, but 1t above 21 BX L so prob more down. AIL, ok B, but stop might be below 18 or 14"
46,"DT PB, LH MTR, but 6 cc BL bars, AIL, MTV"
49,"LH MTR, MDT, but 6 cc bull bars, AIL, just above MA, LP S"
51,"BP B at ma, good B SB, but top of TR. AIL, ok B, but prob more TR"
57,"HH MTR, MW 48 54, but only 1 t bear body, TC. Ok swing S but only 40% prob so HPW. Since TR, prob SA since TR, and bear who Sd above 19 made money"
63,"F BO, BX, FF, poss hod, but big enough so bears prob need MDT. Not good BB since bear bar and BX, but prob at least a little more up"
65,"BT 59 but 3 bear bars and BX, btw"
68,f BO 2es so Hr P. should fall at least 1t below 59 H since EG 62 likely
74,"bull doji so bad FT after 73 BO. BO but tail. AIS, but SW more likely than much more down. STC, but prob too late to S and bears exit above bull bar. 5 bear bars so prob limited up. TR likely"
