BAR NUMBER,DESCRIPTION
1,"HL MTR 80, BBLB, AIL, room to MA, but TR likely between July L 2975.75 and 3000, and now in middle and at MA RS"
2,"BLB FT, AIL, C above 1 so GU, 3000 BRN and 72 H MGA, but tail, middle of likely TR at MA, not strong BTC"
6,"H1, 9 BBL MC, C above MA, room to 72 H and 3000, but DBL 5, PS FF and SA"
8,BBLB so PS EG or MG
9,"H1 but BRB. Still AIL, PS MG 8"
12,"SBU, MMT and 60ma MGA"
15,"ii BLF, TGT, but ii late in BLT so PP FF. 16 or 19 BBLMC so BX so PB likely soon"
19,"Big doji at 60ma, f 18BO, 19 BBLMC so BX, MMT, 60ma, PH, AIBLE, TR likely"
21,"L2 but TTR, BLD, btw"
22,"H2, BLB, but far above MA, BX, PP SA 19, doji 18 so TR likely soon"
29,"L2 19, L1=2, F BO 62 SX H and 60ma, AIBLE, PP TR here or soon, TGT MA and 22 BX L. SPBL so MRV and TR likely"
30,"CC BBRB, SBD"
31,"H1, but 2LSD likely after BX and 2 BBRB"
33,"ioi, room to 20 L"
35,"F BO, DB 20, still AIL, but TC, MRV"
41,"LH MTR, but 5 BLB, MRV"
44,"HL at MA, AIL, Tri 20 34, but might test 34 L"
48,"DFD, AIS, STC"
52,"BLB, L1, but PP BB around LLM and LOY"
55,"DTBF 52, but MDB 52 just above LLH, TR, better to wait for breakout or 2nd signal. Low probability, bad for stop entries."">BBBR"
57,"f BO LLM and LOY, BBLB, W 52 52, PL, might get back to OOD for DD, AIBRE, but TR, better to wait for breakout or 2nd signal. Low probability, bad for stop entries."">BBBR"
58,"L1 but doji, still on 57 B"
62,"STC but PW SX, 57 H TGTA, PP reversal up soon, LPS"
64,SBU
65,"DTBF 60, but BO above BR CH, SBU 64, 57 H and MA TGTA, 2LSU likely, BB"
69,"HL, TGTA, but 5 BRB, MRV"
