BAR NUMBER,DESCRIPTION
1,"BGD. COL and below LOY, 60ma, 2900 BRN. Fri was big doji so LP SSB and PP BB on daily. AIS, PH"
2,"CC BRB, GU Thurs MGB, but tail, far below MA, AIS but not strong STC"
3,"F BO LOY but 3 CC BBRB, AIS, SA, BB2"
6,"H2, BLB, but tail, 4 BRB, MGB, PP SA"
7,"DTBF 4, MGB, but TTR far below MA, LOM, TRO"
8,"W 3 6, PL, might test MA and HOD, but BRB, TTR, MGB, PP MRV"
11,"3 CC BLB, new HOD, AIL, but at both MA, PS DT 1, not yet BTC"
13,"DBL 12, MDT, DT 1 at MA, PH, AIBLE"
15,"GUD, but lots of TR PA so PP TRD"
17,"HL MTR, COH, PL, AIBRE, but just below MA, MGB, CC BRB, AIS, BB2, PP SA"
18,"L1, AIS, TGTB, but doji after BLB, middle of TR"
19,"COL, AIS, MGB, STC"
22,"f 18BO, PL, AIBRE, DBR"
26,"DB, PL, room to MA, Y was bad SSB on daily fo BB LOY, but tail, just below MA"
27,"SBU, 19 SX H MGA, and 2900 and LOY"
30,"L2 24, DT 19, BRCH, AIBLE, but 4 BLB, PP MRV. Might test 25 L for DB HL MTR"
32,"HL, but middle of TRD, PP SA 19 SX H"
35,"f BO 19 SX H, W 25 29, but doji, 3 BLB, SS2"
38,"NW 25 29 and 33 35, MDT, might get DB 25, top of TRD just below 60 MA, PH, but 4 bar TTR, small bars, MRV"
39,SBD but TRD so PP BB 32 and 25
40,"DB 32 but doji after SBD, PP SA"
43,"ii so BOM. BRB jut below MA so BB2. L in TRD so PP BB around 25 L, BTW"
45,"ioi but BB just below MA, LOM, btw. Tri 40 43 45 in middle of TRD, PS FF and BB, PP BB around 25 L"
47,"ioi, f BO Tri, but TR, better to wait for breakout or 2nd signal. Low probability, bad for stop entries."">BBBR, doji, just below MA, BB2, PS SA"
48,"ii so BOM, 25 L, LOD, and NL of last week’s MDB MGB, but 2 BLB so LRP"
50,SBD
51,"cc BBRB COL, more down"
54,"L1 but 3 dojis, bottom of BRCH and TR, LOM, PP BB"
56,"f BO 22 2eb, W 8 22, PL, BT last Tues H since NL of MDB, but TC"
57,"big tail, DBL"
58,"BBRB COL, BRCH, MDT 55, but at L of BRCH, NS"
59,"FT, PS more down"
60,"SBC, STC"
63,BBBRL
64,"IB, AIBRE 4t – 8t above"
65,"L1 but PP EG and F BO below BRCH, PP BB or 1 more brief leg down"
66,"EG 2eb, BLB, AIBRE, PL, ok B, but HPW for BLB COH"
68,"MDT 65, BRB, but PP AIL after SX and F BO below TBRCH"
