BAR NUMBER,DESCRIPTION
1,"HL MTR, PL, but doji, 5 BRB"
2,"DFU, PP 1 will be LOD, PS MMU based on size of body, but bar is too big to B since stop too far below. Btw"
3,"H1, strongly bullish, BLT likely, but TR, better to wait for breakout or 2nd signal. Low probability, bad for stop entries."">BBBR"
4,huge DFU.
5,H1 but PP TR soon
6,"PW 2 4, MDT, but 6 BBLMC, PP BB. PP will enter TR soon rather than SCBL since too extreme"
7,"PW, BRB, AIBLE, PP TR here or soon. Still AIL so PP BB"
9,"H1, AIL, last week is H1 BSB on weekly chart so might have to go above HLW to see if BRS there, but BLD after PW and BBRB, need WSS"
11,"H1, HLW MGA, but BRB, and if weekly B triggers, PB likely after any HTF B signal"
13,"f BO HLW, W 6 10, BX, PH, AIBLE, TBTL SD likely. Should test BGU below body of 12"
16,"closed BGU 6, TR likely"
17,"DB 11, DB 9, might test 6 H, but 4 BRB, BX, PP SA and 2LSD"
19,"W 11 17, DB 9, but cc BRB, SA"
21,"DTBF 18, room to MA and 9 L, but cc BLB, PS BB, btw"
22,"SBD, BO below 20, but 20GBB, wait to see if 23 is BR for FT and MMD or BL for f BO"
25,"F BO, 20GBB, MDB 24, but BRB"
26,"BBLB COH, should test 22 SX H and maybe HLW"
28,"DT 22, but strong enough 26 27 SBU to get 3 legs up and PS above HLW"
31,"L2 28, DT 21, BBRB COL, but TC, HLW MGA, SS2"
32,H1 but doji
35,"LH MTR, W 28 31, F BO HLW, might test 29 L and MA, but BLB, TC, SS2"
37,SBD 39 ii but PP SA for 2LSD to 29 L
41,"LH, COL, should test 29 L and then TR"
43,"DB 29, H2 39, MDB but TR, better to wait for breakout or 2nd signal. Low probability, bad for stop entries."">BBBR, in TR"
47,"f BO, EBRT 46, but doji, apex of Tri 12 25 35 46, LOM"
50,"LH, but LOM, TTR at apex of Tri"
51,"H2, but LOM, btw"
59,"apex of Tri 50 56, 2 C above MA, AIL, OK B, hoping for BO at 11:30 pm"
61,CC BLB CLH
63,"EBLT, AIBLE, PH. BTC BL 61 DBL 62 and exited 63. More likely MRV, but might test apex of Tri 59"
64,SBD
67,"SBD but at apex of Tri, near bottom of 5 hour TR, not reliable STC"
68,"tail, bottom half of TR, not good STC. 8 BBRMC, BB2"
69,"MDB, HL 46 but 8 BBRMC, BB2"
