BAR NUMBER,DESCRIPTION
1,"BGD. Doji, SA. TR, better to wait for breakout or 2nd signal. Low probability, bad for stop entries."">BBBR, beginners should wait for smaller bars or trade micro Eminis"
2,"COH, CC BLB, AIL, BB and PP BB LOY after Y SBUM"
4,"cc BBRB, AIS, but PP TRO and PP BRS around LOY"
6,"cc BLB but smaller, LH, still AIS, but TRO, BB 4 and Monday’s L"
10,"W but BRB, AIS, Monday L MGB, still on 4 S and in BR CH, BTW"
12,"CC BLB but small bars, tails, LH in BR CH, TGTB"
13,"LH in BRCH, AIS, TGTB, but reversals every 2 bars, LOM, LPS. PP will get new LOD and BO below Mon L, but F BO more likely than MG"
17,"W but BRB, BB2"
18,"OD, SBD, PS MG"
19,"cc BBRB COL, STC"
21,BBRB late in BRT so PP BTC. BTW
22,"BLD, DBR, PP MRVU soon. Doji, BB2"
26,"L1, AIS, but 5 BBLMC, BDUC, PS LOM, PP BB LOD and maybe not far below 26"
27,SBD
28,"f BO 22, LL DB, PL, AIBRRE, but BRB, strong BRT, BB2, PS SA"
29,"L1 but BLB, DB, PS BB, SS2"
31,"SBD, but PP LOM"
34,"L1 but doji, PS TR since 22, PS BB, SS2"
36,"DB but 3 BRB, LOM, PP SA"
38,"DTBF, MMTB, but tail, PS W 22 33"
40,SBD
44,"W 22 33, SX, ioi, PL, AIBRE"
47,"BO, PS MG for test 37 H and maybe top of W 26 H"
49,H1 but tail 48 and DT 37
51,"DT 37, MDT 48, AIL 48, but MRVU, 9 BBLMC, 5 cc BLB, PS BB and at MA, SS2"
56,"HL MTR, but 4 BRB so PP MRV"
58,"DBL, tail, doji 57"
60,"CC BRB COL, SBD, STC, PS AIS, but PP BB LOD for ET 33 43"
63,"ET but doji, 4 BBRB, BB2"
66,"L1 but bottom of TR, PP BB"
67,"SBU. Might be EBLT, BL need FT"
68,"2LT at top of TR 32, but tail, BBLB, SS2, PS BB"
