BAR NUMBER,DESCRIPTION
1,"YSX. Big doji in Y TTR, LOM,"
2,"BBRB, but LBLM since 22 Y so PP BB around LOU"
3,"F BO LOY, BLB, PL, but TR, better to wait for breakout or 2nd signal. Low probability, bad for stop entries."">BBBR and tail so LRP"
4,"cc BLB, AIL, but tails, top of Y TTR, not BTC"
5,"COH, but top of TR Y 38"
7,"BRD, AIBLE"
8,"H1 at MA, but top of TR"
10,"DT 7, BRB, AIBLE, but PP BB since TTR 6"
11,"H2 at MA but top of TR, TR, better to wait for breakout or 2nd signal. Low probability, bad for stop entries."">BBBR, BTW"
12,"OD, BO, but middle of TR, still on 3 B, SS2"
13,"HL MTR, BBLB, but still in TR and BOM"
14,"LH in BRB CH 9, but still on 13 B"
15,2EB but too H in TR so LRP
16,"L2, 14 COL, AIBLE, PH, but BTC since AIL and BL will try to prevent S from triggering"
18,"W 13 15, but BLB 17 so LRP S. AIBLE, but TRO"
19,"CC BBRB, AIS, but still in TR, PS DB13, LRP S"
22,ib so L1 but just above LOD and bottom of TR
23,"DB MTR, OU, but 5 BRB, BB2. 17 is bad SSB so MGA for SBL"
24,"CC BBLB, but not above MA, not quite AIL yet. BR will STC and S MA, but HPW2S"
27,"OD, MDZT 25, test 17 L, but tail. Might get PB to DBPB HL B"
29,"DB PB, AIL 26, but doji"
30,SBU
33,"LH DT 9, L2 26, DBL 32, AIBLE, might test 27 H BOP and MA"
37,"HL in BLCH, but CC BBRBCOL, BDGUC 26, BB2"
42,"DB 2m AIL, BDPB 3 23, but tail, TC"
45,"nested DB PB 29 42 DB, but BRB, PS SA, BB2"
46,"HL but TR, better to wait for breakout or 2nd signal. Low probability, bad for stop entries."">BBBR, top of TR, 29 L MGB, BB2"
47,"L2 44, COL, DT 38, 29 L MGB"
48,SBD
50,L1 but BLB
51,"cc BBRB, SBD"
54,"L1 but PW SX, f BL LOD, PS BB, SS2"
56,"MDB, PW SV test LLW, f BO DB so W bottom, almost OD on weekly so PS big REVU"
60,"FF 58 but BLB, BB, should test 50 SX H"
62,"H1, MDB, MGA, but BRB"
64,"W 57 60 but BLB, MGA, SS2"
65,"f W, TGTA, but TR, better to wait for breakout or 2nd signal. Low probability, bad for stop entries."">BBBR"
67,"SBU, either EG or MG. top of TR so unlikely MG"
68,doji FT so weak. AIBLE 4 – 6t below
