BAR NUMBER,DESCRIPTION
1,"GU above HOY and 60ma, BLB COH, PL, but just above 60ma so not clearly strong yet"
2,"BLD so CC BLB, AIL, but only a doji, not strong BTC, BTW. F BO HOY and 60ma but BLB, SS2"
5,"ii, BOM, but only 1 BRB in 5 bars so SS2"
6,"H1 but doji, TTR, far above MA, BB2"
7,"f BO HOY 2es but BLB, BTW"
9,"BP B from 7 BO above 6 H1, but far above MA and not strong trend, BTW"
10,"MDT 8 but AIL, TTR, LOM, btw"
11,SBU
13,"ii BLF but doji, BBRB, weak rally, PS BLTR"
14,"BLB, PP HR after 11 SBU, but tail"
15,"BO, COH, BTC"
17,"H1, room to Wed H, PS test OOW, but doji, PS W 11 16"
18,BBLBL. Not strong BTC even tho SPBL and OOW MGA
20,"f 18BO, COL, PH, AIBLE"
23,"H1 but 3 CC BBRB, SA for 2LSD after W top and test of Wed H"
25,"MDB, COH, AIL, but 3 BBRB and still above MA, PP early TR, BTW"
26,"LH, MDT, but TTR"
28,"OU, F L2, AIL, but PP more TTR, might test 12 L at bottom of PW"
30,"LH MTR, but PP MRV since not many bars UD"
35,"20GB B, H2 22, but 7 BBRMC, TTR, PP MRV"
36,"LH but above MA, BLB, AIL, BB"
37,"H1 after 36 BO above H2 22 34, PS SMPL, but PP MRV up"
42,"F W 36 38, SPBL, H1"
48,"HH MTR but doji, 6 BLB, MRV"
52,"4 cc BRB, PP SA"
54,"L1 but doji and just above MA, middle of TR so LOM, PP BB 57 and 34"
61,"DB 57 but smaller bar so less risk. Worse RR means LRP, BTW"
64,"F BO, EBRT, PS BTC"
65,"H1, doji so weak FT, but AIL"
68,"LH MTR, but 6 BLB"
70,"2es but doji, SS2"
