BAR NUMBER,DESCRIPTION
1,"BGU. Doji, PS TRO"
2,"F BO HOY, but BLD, PP LOM"
4,"cc BLB, COL, 4 BBRMC, AIS, but small bars, PP TRO"
6,"BL IB, but far above MA, 6 BBRMC, SA. L1"
8,"OO, room to MA, AIS 4, PS MG, STC, but still PP BRTR"
9,"CC BRB, but tail"
11,"PW 1 5, ii, PL, AIBRE, but TC, MRV"
15,"LH, COL, but 7 BBLMC, AIL, MRV"
16,"OU, TC, room to HOD and GX H, but BRB15 so PS PB soon so WSS"
21,"H1, TGTA, TC, SPBL, but PS BLTR"
23,"H1 but BRB, lots of OL. F 18BO, AIBLE, but doji, TC, GX H MGA, SS2"
27,"ii, F oo 25, but exactly at GX so MRV"
34,"20GB B, but 9 BBRMC, SA"
35,"LH, but BB and below 31, AIL, should get new HO"
38,"W 25 31, should get new HOP"
41,"DT but doji, MGA, BB"
44,"COH, TC, BTC, but PP W soon"
47,"NW PW 40 44, W 1 25, COL, AIBLE, PH but TC so PP MRV"
50,"H1 but 3 BLB, Doji, room to MA and 42 bottom of PW BL CH, 2LSD likely after NW, PP SA, BB2. OOD might be MGB at EOD since lots of TR PA"
52,"H2 at MA, BL ioi, AIL, but PS LH for 2LSD from W 1 25, BB2"
53,"MDT 51, OOD MGB, but small bars, TTR, PP LOM"
59,"HL in BL CH, W 51 55, but small SB, TBRCH, and room to OOD, BB2"
61,"ioi, AIL, but BBRB, TTR, LOM"
63,"COH, BO BR CH, but TRD and OOD MGB, BB2"
66,"LH MTR but BLB 65, LOM, SS2, middle of TTR 22"
71,"f BO TR, AIL, but doji, just below MA, LOM, btw"
