BAR NUMBER,DESCRIPTION
1,"F BO LOY, FF Y TR around 2500, but BRB, BTW"
3,"ioi, AIS, but BBLB 2, PS FF above, many reversals for 3 hours, far below MA, PP BB"
4,"CC BBRB, SBD, but PP will get REVU in 1st hour. H2, F BO LOY 2eb, but cc BBRB, SA"
5,"L1 but BLB, LOM"
6,"MDB but BRB, LOM, PS SA"
7,"OD, AIS, but LBLM, tail"
8,"CC BRB, STC, but tails, PS SCBR after cc BRB. Might test June 26 bottom of W on daily"
11,"PW 4 9, BLB, PL, AIBRE, but 5 BRB, TC, room to June 26 L MGB, BB2"
13,BBRL
15,"OU after PS EG, PL, AIBRE"
16,"L1, AIS, but more likely BB and 2eb than MG 13"
17,"EG 2eb, AIBRE, PL, but BRB, HPWBL"
18,"L1, AIS, but BRCH, far below MA, PS EG 13, increased risk of REVU soon"
19,"f 18BO, W 15 17, EG 13, PL, AIBRE, might get PTG (short covering rally)"
20,"BBLB COH, PL"
21,"CC BBLB, AIL, but TBRCH so MRV. 1st tgt MA and 13 SX H"
22,"3 CC BLB COH, but at MA and 13 H so PP PTG, 20GBS, might test 17 H since weak B SB"
23,"BBRB, 20GBS, DT 13, AIBLE, might test 19 H, but still AIL"
24,"H1 but CC BRB at MA, MRVU, PP SA"
25,"OD, PP will test 19 H and June 26 L"
28,"HL MTR, BT 19, but 4 BBRB, still on DTBF S 23, BB2"
29,"HL MTR, oo, still AIL, but just below MA, TR, better to wait for breakout or 2nd signal. Low probability, bad for stop entries."">BBBR"
32,BO
33,BTC
35,"doji, DBL, PP PB below 22 C BOP for PS BDGU"
38,"H1 but 2 BRB, BX 34, should test 27 C, PP SA"
40,"SBD, closed BDGU above 22 so not strong BLT, PS deeper PB, but unlikely to reach 29 L for DB HL MTR. less likely, BRT and new LOD"
42,"BO, might test 29 L and June 26 L"
44,"tails, not STC"
46,"ib, DB 29 HL MTR, but TC, doji, room to 29 L, BB2"
48,"L1 but TTR and bottom of TR, PP BB and below 29"
50,"DB 29 HL MTR, F BO TTR, PL"
52,"DT 47 at MA, but TTR, bottom of TR 19, PP LOM"
53,"HL, COH, but just below MA and top of TR, HPW2EB"
54,"TRI 47 52 just below MA but at bottom of TR. BOM, but RVU more likely since TR and SX"
55,"OU, might test 22 H or 36 H, but tail"
58,"H1, AIL, but BRB, near top of TR, PS SA and at 36 L for SBL"
60,"HST 22 36, PW 52 57, but tail, just above MA, PP BB 59, SS2"
62,"BO, COH, but just below 59 H and top of TR 20, BB2"
63,"NHST 57 59 63 within 22 36 59, but tail, TTR just above MA. BR want TRSD, BL want TRVU"
66,"F BO MA and 58 61 DB, AIL, COL, but middle of TTR 58, near top of TRD, NS"
67,"another LH, BR CH 59, NHST, COL, but PS BB for PB from 66 67, NS"
70,"W 61 66, BT 52, PP still AIL, but apex of Tri 2 19 36 50 59"
