BAR NUMBER,DESCRIPTION
1,"BBRB, BO below LOW, 60ma and 2900 BRN MGB. Since Y was small day, might get OU today. AIS but TR, better to wait for breakout or 2nd signal. Low probability, bad for stop entries."">BBBR"
2,"BRB so FT, AIS. Big tail so not strong STC"
3,"3rd BRB, but tail, not strong STC"
4,"BO, but just above MA, many bars with tails"
5,"SX, BLB COH, PL, AIBRE"
6,"L1 but doji, PP BB"
7,"F BO LOY 2eb, PL, but doji so PS TR"
9,"cc BLB but tails, small bars, PS BLTR"
11,"L2 near MA but 6 BLB, SS2. H1 but just below MA, BRB, SA"
12,"OU, but PW 6 10, just below MA, 7 H MGB since weak BSB. PS LOM"
13,"HL MTR, LOY MGA, but doji, TTR, just below MA, PS LOM"
16,"W 6 12 at MA, but NS since PS PB from 15 BO, LOY MGA"
18,"SBU, C far above MA, PS MMU and PS OU day"
19,BL FT
20,H1
22,"2LU 18, test COY, L2 12, F 18BO, AIBLE 4 – 6t below, but BLD, 6 BLB, SS2"
24,"cc BBRB COL, PP LR, but PP will test 21 C later in day since BTC BL unable to exit without loss"
27,"CC BRB, AIS, but PS BRTR. Might test 17 BX L"
28,"HL, COH, LBL 22 might B more here for test 22 K, but 5 BRB, AIS, BB2"
35,"LH MTR, but within 3t of 22 S so still MGA, MRV"
39,"DB 27 but small BLD, 2 BBRB, MRV, PS tri 21 35"
43,"LH but doji, AIL, 4 BLB with increasing bodies, PP BB around 39 bottom of Tri 21 35"
49,"SBD, AIS, BO below Tri, 60ma MGB"
50,"BRTP, DB 14, AIBRE 4t above"
51,"L1 but BLB, big tail 50, BB"
54,"L2, 60ma and 2900 MGB, but doji"
55,"SBD, MGB"
57,"L1 but doji, just above 60ma and LOD, PS BB"
58,"OU but tail, MGB, PS BLT, BB2"
60,"test LOD 2eb, W 39 50, AIBRE, PL"
62,"L1 at MA, BBRB COL, BR CH, but MDB 58 59, DB 5, 59 will PP remain LOD so PP BB"
66,"ii, BOM"
68,"HL, but AIS, CC BRB just below MA, PS SA, BB2"
