BAR NUMBER,DESCRIPTION
1,"BGU. BRB, PP TRO. FOMC minutes 11 am"
2,"BL ib, H1, PL, but tail, BRB 1, far above MA, PP TRO"
3,"BBLB, CC BLB, BO HOY, AIL, but BRB1, doji 2, far above MA, more likely TRO than SPBL"
5,"f BO HOY, MDT 1, PH, but doji, 5 BBLMC, PP BB"
9,"cc BRB COL, AIS, but small bars, PS DB 1, not HP STC, still PP TRO"
10,"DB 1, COH, PL, AIBRE, but 6 BBRMC, far above MA, TRO, BB2"
12,"L1, AIS, room to MA, but PP TRO"
16,"F BO DB 1 10, at MA, COH, PL, AIBRE"
18,"DT 12, AIBLE, but CC BLB, PL, SS2"
19,"H1, still on 16 B, but CC BRB, LRP"
20,"BO, but weak rally, need FT, might be more STC for F BO than BTC"
21,"BRD, bad FT, but still PP AIL, LPS"
24,"f BO 2es, 18 H MGB since TRD and LOM, but cc BLB, PP BB"
25,"OU, AIL, HOD MGA, SPBL, but small bars, no cc BBLB, PP BLTR"
27,"DT 4, W 18 21, COL, PH, AIBLE, but TC, PP MRV"
29,"H1 at MA, SPBL, but 3 BRB, PP SA for 2LSD after W top"
32,"H1 but CC BRB, still on 27 S, TTR, PP SA"
38,H2 at MA but TTR
47,"MDT 422, LH, tri, but small bars and TTR, BTW for 11 am report"
55,"f BO, but TR, better to wait for breakout or 2nd signal. Low probability, bad for stop entries."">BBBR, middle of TTR, btw for at least 1 more bar after FOMC"
56,"f BO, but wait at least one more bar because still might continue to reverse"
60,"H1, ii, but top of TTR, LOM, BTW"
62,"SBD, but TRD, HL 55, PS LL DB 62 so not strong STC"
63,"L1 but BLB, bottom of TRD, NS, PS BB for PW 59 62"
65,"HL DB 55, W 57 62, PW 59 62, AIBRE, PL, but TC, MRV"
67,"L1, AIS, AIBLE, but ok to hold long. Only 1t BRB, bottom of TR, PS BB for 2LSU after W bottom"
69,"doji so FT after 68 OU, AIL, but weak rally. Might test 61 SX H"
