BAR NUMBER,DESCRIPTION
1,"GU, BLB, AIL"
2,"CC BLB, BTC, but tails so some hesitation. Room to MMU from Y range"
3,"F BO HOY, shrinking bodies, PH, SS2, but AIBLE. TC 65 so PP MRV"
4,"SBD after shrinking bodies, BUDC, TRO likely"
5,DB 1 but PP SA after 4
6,"L1, PP will C GU, but BLB"
8,SBD
9,"COL, CC BBRB, AIS, STC"
13,BBRL
15,"L1 but huge SX, PS BB"
16,"SX, F BO LOY, MDB, COH, PL, AIBRE"
17,"L2, AIS, COL, 2900 MGB, but bottom of TTR after SX"
18,"H2, SX, PL, but BRB"
19,"BLB, F 18BO, PL, but doji, PS MRV. TGTA 60ma, ma, LOY, 13 SX H, 50PB"
20,SBU
23,"BX at ma and 60ma, 17 H and 21 H BOP TGTB, 18 H MGB since weak BSB, but MRV, AIL"
24,"H1 but BRB at ma, PP SA"
27,"L2 23 at ma, 60m, LOY, W 16 22, TTR 21, COL, but AIL, MRV, might get 3LU after 20"
29,"HL, AIL, but doji, stop below 24"
31,"SBU, BO above W 16 22, PS MG and rally to back above HOY, but TTR 21 so PP limited up"
32,"FT, 2LU likely, but tail, not big bar"
33,"H1 but BRB, PP SA"
35,"MDT, room to MGB 27 H BOP and MA and LOY, AIBLE, but 34 BLB so weak SSB, SS2"
36,"H1, but BRB, MGB, 3LU 27 34, PP SA"
38,"H2, AIL, MA, but 4 BRB"
39,"SBU, HOY MGA, but W 27 34"
41,"W, MDT, but BLB, PP BB, might get 1 more push up after strong 31 32"
43,"H1 at MA, HL, HOY MGA, but W 27 34"
47,"SBU, HOY MGA"
48,"F BO, but SS2 since SBU and near HOY MGA so PP BB. H1 but BRB, PS SA"
51,"BLCH is BRF, L2 48 just below HOY, PH, AIBLE"
53,"H1 but SDD 52, W 27 34 50, 2LSD likely, BB2. Might test LOY and 60ma"
55,"LH but 2 dojis, just above MA"
57,H2 but SBD 56 so need stop below 43 since might get WBLF
61,"W 53 57 at MA, AIL, might test HOY"
62,"OU so not strong B, but OK B for test HOY"
63,SBU
65,H1 but just below HOY and unlikely to go much above after OD and then attempt at OU
67,SBD but middle of TTR 48 and at MA. BR want test back below LOY
68,"FT, more down, but PP not much"
