BAR NUMBER,DESCRIPTION
1,"BGD. BRD,"
2,"Test LOY, PL, ib, but doji, PS TRO, BB2"
5,"f BO LOY, test 2900, H2, COH, PL"
6,"good EB, AIL, BB"
7,SBUM
8,"BBRB COL, L2 6 at MA and 60ma and 50P, AIBLE, PH, but still AIL, SS2"
9,"H1, but BBLB, just below MA, to of TTR, too much risk unless big account, btw"
11,"DT 7, AIBLE, but PP BB for 2LU 9"
12,H1 but CC BRB
13,"COH, AIL"
15,"W 3 7, BBRB COL, PH, AIBLE, but many big BLB, PS BB, MRV, SS2"
16,"H1, AIL, PS OU day, but CC BBRB, PS W 7 15, PP SA for 2LSD from W top, BB2"
18,big OD
19,SBDM. Huge so might affect next several days
20,"CC huge BRB, MMD from HOD, PTG soon, BTW"
21,"SX, COH, AIBRE, but MRV, BB2"
22,"L2, strong BRB, but CC BLB, LRP S"
25,"COL, 3 BRB, AIS, STC, but PP TR soon"
28,SBD
30,"SBD but SX, new L, PTG soon"
31,"H2 21, DBR, AIBRE, PL, despite 10 BBRMC"
32,tail so DBR bought back shorts around 30 C so PP start of short covering
34,"L1 but 2 LSU likely after SX, BB"
36,"HL but BRB, MRV"
38,"L2, AIS, PS BR CH, but BLB, PS TR. BL will B below prior L and BR will S rallies and take profits below prior L."
41,"HL but 3 BBRB, AIS, SA"
44,"W 21 31 but BBRB, BB2"
45,"BBLB in BRCH so STC, not BTC"
46,"BRBB but at LOD, LP S, S rallies not new L"
48,"W 21 31, PL, but doji, PP 20GB S at MA, but might convert into TR after W"
54,"20GBS, BRB, but 7 BBLMC and PS 2LSU after W, PP MRV down"
55,I have to leave early today
