BAR NUMBER,DESCRIPTION
1,"BL BO above Y BR CH. should transition into TR. Doji, far above MA, PP LOM"
3,"BBRB, far above MA, STC"
4,"CC BBBRB, AIS, but near MA, 50% chance BRTP"
5,"H2 1, but tail, BB2"
7,"L1, AIS, but after 2 BBLB, MRV, TRO"
8,"SBD, AIS, but in BZ, 50% PB, COY, PP BRTR"
11,"L1 but BLB, PS W, PP BB. W 1 5, PL, but 4 BRB, might need 1 more new L before LOD"
14,"L2, AIS, but tail, TTR, W, PS BB, SS2"
15,"HL, MDB 12, W, PL, but doji"
16,"BO, BDGDC 4"
17,"L2 14, but BLB so FT from 16, PP BB, SS2"
18,"H1, AIL, but BRB"
22,"BLTP, W 13 16, but TC, TR, better to wait for breakout or 2nd signal. Low probability, bad for stop entries."">BBBR, BUDC, btw"
23,"ii, AIL, 7 BBLMC, room to GX H, but BUDC"
26,"L1 after 22, DT 2 22, PH, f BO ii 23, but 9 BBLMC, BLB, just above MA, SS2"
28,"H2 23 at MA, AIL"
33,"LH, Tri 2 21, but 6 BBLMC, just above MA, AIL, PS SPBL, SS2"
34,"H1, AIL, but CC BRB"
36,"F 18BO,W 16 21, AIBLE, PH, but PP MRV"
41,"H2, AIL, but TTR, room to MA, still on 36 S, BB2 or WSS"
45,"SBD, but at MA"
46,"H2 41 but small doji, BB2"
47,"2LT, but PP test of 35 BX L after BBRB 45, still on 36 S"
54,"W 46 49 but doji, TC, room to 35 BX H, BB2"
55,"SBD, but PP will end the day near OOD so PP not much more down"
58,"L1 but BLB, doji, OOD MGA, PP DD, PP BB"
60,"DB 28, H2, OOD MGA, but doji, TC, need WSS"
63,"W 58 61 at MA, might get back to 44 C for BTC BL, but 3 BLB, OOD MGA, SS2"
66,"OU, AIL 62 OOD MGA, PS also 44 C"
67,"W 58 61 63 67, f BO OOD, but 2 BBLB, SS2, PS BB"
69,"H1, OOD and 44 C MGA, but TR, better to wait for breakout or 2nd signal. Low probability, bad for stop entries."">BBBR"
