BAR NUMBER,DESCRIPTION
1,"GU above HOY and MA, H1, 2900 MGA, but BRD, BB2, PP SA"
2,"f BO HOY, but doji, SS2, PS TRO"
3,"MDB, room to GX H and 2900 BRN, but BRB, BB2"
4,"BBLB but tail, LOM"
6,"BL ib after GU so H1 but doji, middle of TTR, BB2. TRO"
9,"BO, 3 cc BRB, PS AIS, but small bar, tail, not STC"
10,"f BO, COH, BL IB, H2 6, but MGB, TC, BB2"
12,"L1, BRB, HOY and MA and 60ma MGC, but weak BR CH, BTW"
13,"OU but SPBR, EPB, PP SA, MGB"
14,"L1, AIS, but bottom of weak CH, just above SP"
15,"MDB but SPBR just above MGB, BB2"
16,"OD, SBD"
17,"FT, SPBR, PP will close GU, but weak BR CH"
21,"BO and FT, STC"
22,BBRL
23,"DBR, EG, but tail"
24,L1 but DBR 23 so PS BTC BR at 22 C
26,"L2 but CC BLB, TGTA, BB"
29,"WBRF at MA, AIS, but PS TR soon"
30,SBD
32,"LL DB 23, DB GX L, but tail, BBRB 30 31, 76 BX L and LOY MGB, BB2"
33,"L1, MBG, but doji"
34,"f BO 23 2eb but BRB, 2 BBRB 30 31, 76 L MGB, BB2. Might get 1 more leg down to below 76 L or even LOY for W bottom"
36,"L2, MGB, should go lower, but doji, far below MA, PS BB 32"
38,"SBD 37 38, LOY MGB"
39,"W 23 32, COH, but very BBRB 37 38, room to MMTGB, BB2"
40,"L1, room to MMTG, but cc BLB"
42,"L2 but doji at MMTG, PS BB"
43,"W 32 39, H4 24 32 39, MMT, PL, but OU, LRP"
45,"L1 but MDB at MMT, far below MA, SS2"
46,"DB PB, AIBRE, PP will get closer to MA and PS 37 SX H or 60ma and 29 SX H"
49,"H1, should reach 37 H but BRB, 20GBS"
50,"SBU but tail, near top of TR"
53,"ii, EBLT, but TGTA, SS2"
54,"F BO below ii, but top of MRU, PP SA"
55,"EBLT, DT, COL, AIBLE, but PP MRV test of 50 BX L"
58,"HL MTR but 3 BRB, BB3"
62,HL MTR 2EB
64,"COH, 3 BLB, BTC"
68,"E with 59 56, test 60MA and 29 SX H, AIBLE, PP top of TR 23, but TC MRV"
69,SBD but PP BRTR
