BAR NUMBER,DESCRIPTION
1,"BBRB, BO LOY, but 5 hour TR, SS2"
2,"F BO LOY, PL, but TR, better to wait for breakout or 2nd signal. Low probability, bad for stop entries."">BBBR, tail, BB2"
3,"CC BBLB, AIL, BTC, but TC 68, tail 2, PS MRV"
4,BTC
7,"BRD, just below 76 LH and 60MA so PP PTG soon"
8,BBLB late in MC and at RS so PS STC for PTG
9,"DT 76 at 60ma, MDT 7, AIBLE, PH, but 8 BBLMC, PP MRV. Might test LOY again"
11,"H1, AIL, but BLD after 2 BBRB, need WSS"
16,"H1 but BRB, PW 1 8, W 8 15, near top of Y TR so PP SA Y 68 and then TR for 1 – 2 hours"
18,"PW, MDT 15, LH DT 68, PH, AIBRE, but PP MRV"
21,"H1 but doji, above MA, CC BRB, W top, PP SA. Odds still favor HO 76 H top of TR at some point, which means 18BO"
25,"W 8 17, F 10BO, COL, AIBLE, PH, but TC NS"
26,"H1, AIL, but tail, W, BB2"
29,"NW 8 25 and 25 28, AIBRE 4 – 6t below"
31,"H1 but doji after big BRB and W, PP SA, BB2"
33,"H2, AIL, but BBRB and not quite to MA, PP SA"
34,"BBLB COH, AIL, but top of TTR 25, BB2"
35,LH but only 2 bars up so MRV
39,"H2 33, f BO DB 26 33, but BRB"
45,"SBD, but AIL, PS BRT"
46,"F BR BO, AIL, MAG"
48,"LH, but AIL, 3 BLB, BB"
51,"DT PB, L2, but 5 BLB, AIL, BB. H1, but top of TR so PS SA"
52,"DT 43 LH MTR, 2es, but BL OU, TC 46, SS2"
56,"H2 at MA, but small B SB so stop at least 4t below 56"
58,"oo BLF, AIL, PS TRSU, but TTR and 11:15 instead of around 11:30 so LRP"
62,"HH MTR, F BO HOD, BRB, AIBLE, but tail so LRP S, PS BB"
63,"H1, AIL, PS TRSU, but 2 BRB"
65,"F BO, W 58 61, W 52 61, AIBLE, but only 1t BRB, SS2"
68,"H1 but only 11 br BL BO 64 and then 4 bar PB, weak B, PS SA for W 52 65"
