BAR NUMBER,DESCRIPTION
1,"BGU. BBLB, but btw. MP o August is MGN today and TM since if Aug closes above MP, it is sign of strength for bulls"
2,"f BO HOY, but tail, PP TRO"
3,"cc BBRB but tails, still AIL. H1, Aug 23 SX H MGA but cc BBRB, PP SA and TRO"
6,"L2 top, PH, but SX MGA, PS SPBL."
7,"CC BRB, BBRB COL, AIS, STC, but PP TRO, MGA"
8,"L1, AIS, but BLB, TRO, PS BB and below 1"
10,"DB 1 but doji, far above MA, 6 BBRMC, BB2"
12,"L1, AIS, MA MGB, but 3 BLB, PP BB, PS W bottom near MA"
14,"SBD. But 50% PB, C above MA, not good STC, btw"
15,"L1, but BL IB, BDUC"
16,"2LT, W 1 9, 50P to MA, PB, but BRB, HPW"
17,"BLB, COH, but 16 is BSB, BB2. BR want SCBR after 14 spike down"
19,"H1, CC BLB so AIL, 14 SX H MGA, but BRB"
21,"BDGDC 9, AIL, SPBL, should test 60 min SX H 2927.75, but PS TRD with OOD and MP of Aug MGN at EOD"
22,"H1, 7 BBLMC, BTC"
27,"H1, BLMC, MGA"
29,"F 18BO, PH, PW BX 18 21 23 25 28, PP PTG soon, AIBLE, but 13 BBLMC, SS2, 60 min SX H MGA, MMU from LOD to OOD just above that SX H, PP MRV"
32,"H1, TGTA, but 4 BRB so PS more SD. PP SA and above HOD and above 60 min SX H"
35,"F BO 29, HH DT, but 3 BLB, MGA, MRV"
37,"H1, OO BLF, TGA, but after big selloff 14, PP will not be big BL TD, PS FF, PP SA around SX H and MMU from LOD to OOD. If BLTR, might get test of OOD and MP of Aug later in day"
39,"W 11 28, W 5 28, MMT, 60m SX TGT, COH, L2 35, PH, PS TRD so OOD MGB, but TC, might go SW before down"
41,"H1, AIL, but doji, 2 BRB, still on 39 S, BB2"
44,"OO LH, still on 39 S, but TTR more likely"
46,"H2, BLB, AIL, but not quite to MA and big BR 14 so PP not much HR today, btw"
49,"CC BRB, but not big and at 20GB B. also leg top 47 MGA"
50,"SBU, but PP not much HR after big bear 14"
52,"H1 but 2 dojis, top of TR, limited up"
54,"W 5 38, W 29 38, 2LU, but TC 50, TR, better to wait for breakout or 2nd signal. Low probability, bad for stop entries."">BBBR, MRV, SS2"
56,"H1, 7 BBL MC, but doji, weak rally, TTR 47 MGB, btw. NW 50 52 55 but MC, BLB, SS2"
59,"BLB so EBRT, H1 at MA, might test 57 L since weak SSB, but BBRB 58, PP AIS, 2LSD likely, BB2"
61,"LH for 2LSD after 58, but 3 BLB, AIL, SS2"
62,"H1 but BRB, PP 2LSD 58, SA"
63,"LH, OD but tails, LOM, BTW"
65,"DB 58, 2LSD 58, but 4 BRB, still AIS 58, BB2"
66,"L1, AIS, OOD MGB, but BLB, bottom of TR, LPS"
69,"H2 59, bottom of TR, BL IB, AIBRE, but 7 BBRMC so PP MRV, BB2"
70,"L1, OOD MGB since TRD, but CC BLB, weak BR CH, PS BB and below 68 and 31"
