BAR NUMBER,DESCRIPTION
1,"I leave early today. Last day of month and week so weekly and monthly SR are MGN. BGU. BRB, PH, but tail. Top of 4 week TR might be MGA at EOD. MP of Aug is MGB."
2,"CC BRB, AIS, but tails"
3,"BBRB, but not strong STC since tails 1 2, btw"
4,"SX, test HOY, PL, but doji, BB2"
5,"OU, PL"
6,"OO, BOM, PL"
8,"DT, PH, but CC BLB, AIL, PP BB, SS2, PP TRO"
9,SBD
11,"BRB, new LOD, AIS but at MA and just above HOY. Also, DBL 8 could not avoid a loss so SBL below, expecting test of 8 C today. PP BRTR"
13,"L1, HOY MGB, AIS, but BLB just above MA, PP BB"
18,"BBRB COL so BO below W, PS MMD to MP of Aug"
19,SBD
20,"L1, but BLB. Still ok S"
21,"BBRB at MP of month. SX, but no bottom"
24,"PW 21 22, SV of MP of month, PW 11 spike, PL, AIBRE"
25,"SBU, but MRV likely. 30% chance of test to 13 H at top of PW"
26,"DT 20 but AIL, BB"
27,"H1, but PP PTR around MA"
