BAR NUMBER,DESCRIPTION
1,BGD.
2,"BLD, AIBRE. Testing June 12 L, but doji, BB2"
3,SBD
5,"SX, H1, but tail, small body, CC BBRB, 5 BBRMC, PP SA, BB2."
6,"L1 but far below MA, cc BLB, SS2, PS BB"
7,"COL, AIS, but far below MA, PP BB 5. PP 1 more leg down"
6,"W 1 5, but tail, BBRB 3 4 so PP SA and at least 1 more leg down"
10,"OD, but PP BB 8 for W 4 7"
12,"W 5 8, 7 BLB in 1st 12 bars, far below MA, TR likely, but BLD, BB2"
14,SBD
16,"DBR, PL, EG, almost to B18, but tail, BB2, PS SA"
18,"BO, C above 17, 3 cc BLB, BTC, PS AIL, but MRV. Might test MA and 6 H at top of PW"
22,"DTBT 10 at MA, BRB, AIBLE, ok swing S, but only 30% chance BO far below 15 because 24 strong rally at support on daily chart"
24,"3 CC BRB, back to AIS, but TR likely"
25,"COL, STC"
28,"BBLB but just below MA, PP AIS, STC"
29,"L2 but doji after BBLB, PS BB 27 and 15 LOD"
30,"COL, PS STC, but PP BB 27 and 15"
33,"F 18BO, COL, PL, AIBRE, but TC 22, PP MRV. PS deep PB from 21 rally"
34,"CC BBLB COH, AIL, room to MA, but PS SA at MA"
35,L1 near MA in BR CH but BLD and cc BBLB
37,"L1, AIS, might fall 100 pts today, MMTB, but BLD, LRP S"
39,SBD
41,"L1, MMTB, but BOB, PS BB at MMT"
43,"PW 36 40 at MMT, CC bottoms with 33 LL MTR, COH, AIBRE, PL for test MA"
47,"L1 near MA, but no L2 all day, which is unusual, so PP MRV down and HL, PS TR"
49,"HL, PP test of MA, then L2"
51,"big OD, L2, 20GBS, but TR, better to wait for breakout or 2nd signal. Low probability, bad for stop entries."">BBBR"
53,"COL, STC, but PS BB LOD, PS TTRD. BR want -100 on day, which is rare"
55,"LL, but 5 BRB, BB2"
57,"LL, MDB, OU, room to MA, might test 50 C"
58,"L2, COL, but far below MA, PP BB LOD"
60,"SBD, PP will fall -100"
61,"SX, W 42 55, COL, AIBRE, but 4t above -100 so might need to go lower, BB2"
62,"L1, -100 MGB"
63,"COL, but far below MA, SS2"
64,"NW 55 61 and 15 43, hit -100 TGT, AIBRE,"
66,"MW 61 63 but BRB, strong BRT, BB2"
68,"SX, AIBRE 6t above"
69,"SBU, BR might STC since at MA, but more likely PTG, might test 58 H or 51 H"
