BAR NUMBER,DESCRIPTION
1,"YSX. BGU. Tail, PP TRO. BL want week to C above OOW so that weekly bar will be BLRB."
2,"BLB so cc BLB, AIL, BL want BO above HOY to erase Y, but tails, PP SA and TRO"
3,"BLB but tail, far above MA, PP TRO, BB and below 1"
4,"SBD but PP TRO, AIL, not STC"
6,"DB, should test 3 L for LBL, but small bar, TRO"
8,"DT, COL, MA MGB, PH"
9,"BO of BOM, ma MGB"
11,"OU, W 1 5 at MA and 50% PB, but 3 BBRB, BB2, LOM"
12,"L1 but BBLB at MA, 11, LOM, BB"
13,"OU 3 BLB, might C BDGD below 5"
14,"Closed BDGD, BO, AIL, PS MG"
15,"LH, L2 12, AIBLE, PH, but PP MRV. Might tests 10 C for SBR"
16,SBD
18,"L1 but CC BLB, SS2"
20,"L1, LOD MGB, but BLD"
21,"18BO, COL, STC"
22,"FT, but 50% chance 18BO will fail and form W 1 11"
23,"f 18BO, WBLF 1 11, PL but TR, better to wait for breakout or 2nd signal. Low probability, bad for stop entries."">BBBR, just below MA so LRP"
24,"LH at MA but BBLB 23, SS2"
26,"DB 22, W 1 11 23, COH, PL"
29,"L2 24, COL, but PP 2lu after 28 3 BBLB"
30,"oo BLF, but TRD"
31,"W 24 29, BBRB COL, AIBLE, but TC, SS2"
32,"H1 but doji, still on 31 S, BB2"
34,"2es but TR, better to wait for breakout or 2nd signal. Low probability, bad for stop entries."">BBBR, just above MA, PP BB and more TTR"
37,"HL in Tri, but tail, 3 BRB, BB2. 10 cc BRB on 60 min chart so PP BLB this hour"
39,"LH in Tri but 3 BLB, SS2"
41,"HL, F BO Tri 26 37, should get BLB on 60m, should test OOD since TRD, but BRD"
43,"SBU, should test OOD since TRD, might test HOD"
45,"H1, but doji"
47,"BO, PS EG"
48,"DT LH 15, F BO 31 and OOD, COL, but SBU 47, SS2"
49,"H1, BL want MG, but PS just brief 2LU 47"
50,"SBU, HOD MGA"
51,"H1, HOD MGA, but BRB, PW 48 50, PS SA"
54,"PW 48 50, but doji, TC, MRV"
56,"EBRT 55 at MA, COH, but tail"
57,"COH, BTC"
58,SBU
60,"BTC, might get above HOY"
61,"6th bar in BTC and just below RS of HOY and 60ma, btw"
62,"BR IB, CC BX 58 61 just below RS so EG, AIBLE, SS2. Might test BOP 3 H or 53 H"
66,"3 cc BRB, PP SA, and BB around MA and 3 H and 53 H. but PP TR for rest of day after BX and TC"
69,"H2 66 at MA, OU, but PP TTR for rest of day"
