BAR NUMBER,DESCRIPTION
1,"BGD. COL, AIS, PH, but TR, better to wait for breakout or 2nd signal. Low probability, bad for stop entries."">BBBR, far below MA, Y was BLB so weak L1 SSB on daily, BTW"
3,SBD
5,"HL DB Fri L, FF 2, PL, but 5 BBRMC, TR, better to wait for breakout or 2nd signal. Low probability, bad for stop entries."">BBBR"
7,"test of 5 H for LBR to get out BE. 3 cc BLB, getting AIL, PL"
8,"SBU, AIL"
11,"HH DT 1 at MA, PH, but PP MRV after 6 CC BLB. Today will PP be either BLT or TRD, not BRT. H1, AIL, but BRB just below MA, PPS W 1 10"
13,SBU
15,"W 1 10, AIBLE, but 13 14 SBU, PP BB"
16,"H1, AIL, but PP SA 14 for W 10 14"
18,"W 10 14, PH, 2LSD likely, f 18BO, but tail so PS BB and might get one more leg up"
20,"H1, COH, OOW and 60ma and HOY MGA, but LBRM, PP SA 17. 2LSD likely after W top. Might test 10 L, LOY, 12 L bottom of W"
21,"LH DT 18, MGB, but BLB"
24,"L1 but BLB, bottom of TR 16, SS2"
25,"Tri 16 20, but doji, just below MA, BB2"
26,"L2 24, LOY MGB, but tail, bottom of TR, PP BRTR"
29,"W 20 23 25, MDB, PL, but doji, room to LOY MGB, PP SA"
30,"L1 in BR CH at MA, but BLB, weak CH, PP BB and below 28 and 12"
33,"W 23 28, OD, but tail, just below MA, BBLO, PS BR S MA"
34,"L1, COL, near MA in BRCH, but PP BRTR and near bottom of TR. Only 40% chance new LOD"
36,"W 28 32, test LOY and 12 L, PL, but TC, BRB 35, BBLO"
37,"BO above MA and BR CH, PP at least 2LSU, but PP still in TR since 11"
41,"ii, HOY MGA"
45,"W 30 39, AIBLE, but 10 BBLMC, SS2, PS BB"
46,"H1, but after W so btw for H2"
48,"H2, AIL, HOD and HOY MGA, but doji"
49,"SBU should get above 60ma, and might get BO HOY for OU"
50,"COH, BTC, but just below 60ma"
53,"shrinking bodies, loss of mo, test 60 ma, F BO HOY, BRB, AIBLE, but SPBL, SS2. Should fall at least 1t below 17H BOP for LBR"
55,"BL IB, EBRT 54, but room to MA and 17 H BOP so LRP"
57,"DT 53 at MA, 17 H MGB"
60,SBU
66,"OU, F BO HOY, W 17 53, but 2 BLB, SS2"
68,"2es, BR ioi, but doji, just above MA, LRP, might get WBLF 64 67"
