BAR NUMBER,DESCRIPTION
1,"SGU. Small doji, LOM"
3,"ioi, BOM, but small dojis, LOM. F BO HOY 2es but doji, LP."
4,"ii, BOM"
5,"big OU, did not close gap, BSB, but TR, better to wait for breakout or 2nd signal. Low probability, bad for stop entries."">BBBR and TTR so LRP. BL want to close gap below Fri L"
7,"H1, AIL, but top of weak rally, many bars with tails, stop far below, only B if WSS. Might become PW top"
8,"still BTC, SPBL, Fri L MGA, but PS PW"
16,"H1, SPBL, 12 BBLMC, but BRB so LRP, PS SA. Do not S unless WSS"
18,"MMU from Y W top, end of 18B so PS REV soon, BX 17, AIBLE 4 – 6t below BLB and 1t below BRB, but 14 BBLMC so MRV"
20,cc BRB but MRV so PP BTC
21,"H1, AIL, but PP not much more up since BX. TR likely soon. PS SA 18 since LBRM 16"
24,"f 18BO but tail SBU 22 23, PP BB. H1 but BRB and 3LU 18 23 so LRP"
25,"OU, still BTC, but PS 3LU"
28,"DBL, AIBLE, PS SA since 3LU 23 27. Extremely strong BLT so BRT unlikely, but PP will get 1 hour TR soon. 99.5% chance of at least 3 bars will L below MA today."
29,"H1, COH, extremely strong SPBL, but PS 3LU"
32,"H1 but tail, 3 of past 4 bars were weak, might get 1 – 2 hour TTR soon, LRP BTC"
34,"SBU but BX so PS some PTG, but only small PB"
35,"BX, COL, but extremely strong BLT, do not S. AIBLE"
36,"H1 but BRB, LRP B, PS SA, but better to only look to B until more SW"
39,"ioi but doji, 99.9% chance of PB to MA, PP soon, PS SCBL with 34 spike"
42,"H1 but doji, PP BLTR 36, PP SA for PB to MA"
44,"SBD, MRV, PP SD to MA and 36 L"
45,"L1, room to MA, but BLB, TR, BB"
47,"BLB, AIL, but tail, MA MGB, BB2. PP BB at MA and on reversal up from MA"
48,"BBRB but at MA and 26 L, PP BTC, 20GBB"
49,"H1, 20GBG, W 44 46 48, SPBL, but 6 BBRMC, at least one more bar with L below MA likely today"
54,"LH MTR but 5 BLB, PP MRV"
55,"SBD, BR need 1 more BBRB to make AIS so BL will BTC"
56,"3 BRB, PS AIS, but tail, still PS bottom of TR"
59,"BP B 57, H2 49, but tail, BBRB 58, BB2"
60,"cc BLB, AIL, BL will start to B"
62,"COH, 4 BLB, but top of TR"
63,"DT LH MTR, but 5 BLB, SS2"
65,"WBLF 48 56, AIL, PS TRSU, but TR, better to wait for breakout or 2nd signal. Low probability, bad for stop entries."">BBBR, middle of TR"
68,"LH DT 44, ET 58 63, but doji after 3 BBLB, LPS"
70,DBP 56 64 but doji after BBRB so LRP
