BAR NUMBER,DESCRIPTION
1,"BBLB, PL, but just below MA and top of Y TR"
2,"CC BLB, but big tail, C below MA and top of TR, PH"
3,"COL, but after 2 BLB, so AIL even tho PH"
4,"CC BBRB, AIS, but bottom of Y TR"
5,BO Y TR but tail and TR is MGN
6,"f BO TR, H2 1, 2 L is bad S SB so MGA, big tail, BB, but BRB, SA"
7,"H2 1, F BO Y TR, PL, but 3 BBRB, 6 is BRB so bad BSB, BB2, TRO, LOM"
8,"SBD, LLW MGB"
9,"L1, MGB, but BBLB, PP buyers not far below"
10,"COL, LLW MGB, STC"
12,"COL, STC, 60ma and LOY and 2900 BRN MGB"
13,"BBRB, SX, PS BTC, btw"
14,"L1, MGB, but BBLB, DBR, SX, PS BB and then LOD"
15,"MDB, SX, test LLW, just above 60ma, PL, but BRB, TC, BB2"
16,"BLB but tail, weak BSB 15, PS SA and TR"
17,"CC BLB but tail, not big, and still below MA so PP still AIS"
18,"L2 14 near MA, BRCH, but doji, 3 BLB"
21,"HL, COH, PL, but WSS since room to 60ma and OOW"
23,SBD
25,"H2 13 but SBD 23 24, BB2"
27,"2eb but doji, btw"
28,"L2 but BB at 60ma, SS2"
30,"W 13 24 but BRB, BB2"
33,"L1 in BRCH but 3 BLB, just above MA, PP BB 30 since LBLM"
35,"HL, TW, 2900 BRN, 60ma, PL, 21 H and 18 H TGTA, but tail, just below MA"
37,"L1 but BLB, still on 35 B, PP BB"
38,"OU, PL, TGTA, but just below MA"
40,"COH, CC C above MA, AIL, but PS SA 33 and 28, might be BLTR, need WSS"
41,DFU but PS 2LT in TRD
42,"BBRB, but still on 41 BTC"
44,"ii, AIL, should test 41 C"
45,PP BTC
51,"ii, SX, DBL 49, W 18 or 28 then 41, F BO LOY, PH, but 14 BBLMC and strong leg up 43, so PP 1 more leg up, only 40% chance of swing down."
55,"H1 but 6 BBRMC, not quite to MA, BB2"
58,"H2, AIL, but not quite to MA, doji, TTR so PP MRV"
61,"DT 50 top of ii, but 2 dojis, MRV, PP BB around MA and 58 L"
63,"H2 55 at MA, ib, COH, AIL, but TTR"
65,"WBLF 55 62, but doji, TTR"
66,"L1 in BR CH, but also PB in WBFL B, AIL, BB"
67,SBU. TRSU
69,"BR IB, PS 2LT, AIBLE. Weak S since PS SBS 67 68"
