BAR NUMBER,DESCRIPTION
1,"BGU. BLD, PP TRO"
2,"BBRB, PH, but big tail, SS2"
4,"H1, ii, PL, but 2 dojis, 4 BBRMC, TTR, BB2"
6,"h2 but TTR, BOM"
8,"FF 6, PH, but TR, better to wait for breakout or 2nd signal. Low probability, bad for stop entries."">BBBR, middle of TTR"
10,"H1 but top of TTR, BOM, still on 8 S, BB2 and SS2"
11,"LH, but middle of TTR, LPB and LPS. Btw"
12,"Tri 6 9, BOM"
14,"3 CC BLB, so BGP, BTC BL 7 will scale in, but BL need BO above 11, else DT LH"
18,"DT 11 LH, but only 1 BBR in past 8 bars, SPBL. and BTC BL 7 will scale in, PP BB for test 7 C and test H of 2 weeks ago. But, mostly TR PA so PP will get swing down at some point"
21,"f 18BO, HH MTR, AIBLE, but tail, only 1 other BRB in 10 bars, SPBL, MGA, SS2"
23,"F 18BO, HH MTR, BR ioi, AIBRE, but doji, SPBL, MGA, SS2"
25,"H1, AIL, but 3 BRB, PS HOD 23, room to MA, PP SA"
28,"20GBB, but TR, better to wait for breakout or 2nd signal. Low probability, bad for stop entries."">BBBR, middle of TTR, LOM, 5 BRB"
30,"LH MTR, but only 3 bars up, BLB, MRV, BOM"
33,"HL at MA, AIL, but 3 BRB, LOM, BTW"
36,"LH MTR, but TTR, BLB 35, AIL, TGTA, SS2"
39,"H2, AIL, MGA, but TTR at top of TRD, LPB"
41,"BP B, AIL, TGTA, PS BO and TTRD, but PS DT with 3/22 H"
45,"OD, COL, W 7 22, at H of 2 weeks ago, weak rally, BX 42, looks like BLTR so OOD MGB. AIBLE, ok S if WSS, else SS2"
47,"another MA PB, AIL, but 5 BWBLB"
51,"DT 43, weak BLT, but 3 BLB, SS2"
53,"BL ioi, AIL, BDGU above 40 C, but tail, far above MA, W 22 43"
58,"BR IB, W 22 43, MMTG, AIBLE, but 5 cc BLB, SS2"
61,"H2, COH, but 4 BRB, MGB, F BO above BL CH, BB2"
63,"H2 but 4 BRB far above MA, and room to BL TL, LPD"
65,"WBLF at MA and bottom of CH, but doji, PS SA. Day will PP C around H 3/22 H, just a little Lr"
66,"LH DT 57, but BLB at MA and just above TGT"
68,"CC BRB COL and below MA, PP need 1 more bar for AIS. REVD is late in day so usually will not fall far. SW more likely"
69,"F BO WBLF, ET 60 65, AIL, but PP more TTR"
