BAR NUMBER,DESCRIPTION
1,"GU, BO above Y BR CH and 60ma, should test 34 C since BTC BL could not avoid loss, but tail, PS SA, btw"
2,"DT LH HOY, COL, PH, but should test HOY, AIL, SS2"
3,"MDB 1, HOY TGT, AIL, but TTR, tail, LOM, BTW"
4,"MDT 2, still on 2 S, MA and 79 BOP MGB, PH, but TRO so PP BB around MA"
5,"H3, ORV up from MA and 79 H BOP, HOY MGA, but BRB, middle of TTR, btw"
7,"LH, still on S 2 and 4, but BLB, just above MA"
9,"W 3 5 at MA, test COY, MDC, PL, but only 2t body, many reversals today, Lr P B, BB2"
13,"DB 8, still on W B, PL, but tail, at 60ma, BRB 12, still forming LH and LL, BOM"
17,"W 11 14, but PS MG 16, AIL, TC, SS2"
18,"H1, AIL, HOY MGA, but CC BRB, top of TR, LOM"
21,"W 14 17, weak rally, DT LH 2, PH, AIBLE, but tail, TC, SS2"
28,"f BO W 20 2es, COL, PH, AIBLE, but TC 12, MGA, LOM, LPS"
30,"H1 but top of weak rally, LOM, PS SA, btw"
34,"H2 at MA, AIL, but TTR 17, Lr P"
38,"DT 26 LH MTR in TTR, but 4 cc BLB 37, SS2"
45,"H2 34, DB 18 24 PB, AIL, TGA, but dojis, TTR, LOM"
51,"H2, AIL, but TTR, FOMC minutes come out 11 am, BTW"
55,"f BO HOY and HOD, COL, PH, but TTR, NS"
57,"EBRT, AIBRE, PP never became AIS, ok B but TR, better to wait for breakout or 2nd signal. Low probability, bad for stop entries."">BBBR"
58,"L1, 5t, but BDUC, LPS"
60,"L1 but doji, TRD, NS"
63,"W 57 59, AIL, but 3 BRB, just below MA, mostly LOM"
65,"small BO, but PS MG for new HOD"
66,"BLB so FT, more up, but PP BTC started too early to last to EOD"
69,"ET 26 55, W 2 55 or 26 55, COL, BTC started too early for TRD, AIBLE, SS2"
