BAR NUMBER,DESCRIPTION
1,"f BO HOY and test 2900, PH, W 55 69, Y was small day so PS OD, but tail, just above MA, Y was TRD, SS2"
3,"MDB at OOW, PL, but tail, CC BBRB, PP LOM, BB2"
5,"f BO HOY 2es, COL, but TTR, LOM, TRO"
7,"cc BLB, COH, DB 3, but TTR, LOM"
9,"f BO Tri, DB 3 at OOW, but 1t body, middle of TTR, BOM, TRO, BB2"
14,"DB PB, all C above MA, but tail, top of TTR, LrP"
18,"HL, COH, but relatively big bar and small body"
20,"COH after BRB OD, B SB, but top of TTR, LOM, BTW"
23,"BR IOI, but C at MA and not below, LOM, BTW. No C below MA after 23 bars"
25,"BBRB COL 26 CC BRB, AIL, STC"
27,"DFD. But, PS TTRD and 2LT"
28,"2LT 2, PL, BLB, AIBRE, but tail PP BLTR"
29,"L1 but cc BLB after SX, PS TTRD, BB. BDUC"
32,"L2, DFD 27, but only 1t body, 4 BLB, back in Y TR, SX, PP MRV and TR"
37,"HL MTR, MDB, but doji, 6BBRMC, MRV"
38,"HL MTR, MDB, might test 2 L or L of 2nd hour at 19 L, but MRV"
42,"BO and FT, should test 2 L and maybe 19 L of 2nd hour"
45,"L2, ii, AIBLE, but 7 BBLMC, LRP"
48,"L1, AIS"
52,"HL MTR, PW 47 49, AIBRE, but 7 BRB, BB2"
59,"iii within tri 51 56, PS FF"
62,"ioi, PL, 5t, AIBRE, but doji, TC, just below MA, BB2"
64,"L1 at MA, 5t, but bottom of LTR so LP. BR want OD"
66,"WBLF 35 51, HL MTR, PB from BO above BR CH, DB HL 60, bottom of LTR, OOW MGA, COG, should bounce"
68,"L2 64, but doji, 2 BBLB, PP BB, NS"
