BAR NUMBER,DESCRIPTION
1,"BGU. BRB, btw"
2,"BBLB COL, T1BU, BTC, but 80% chance of early TR"
4,"OD, BX, PH"
6,"H1 but 2 dojis, still on 4 S, ps SA, BB2"
7,"big OD, still on 4 S, should test LOD and MA by going SD, but TTR 6 so not strong STC"
8,"H2 6 but BRD, SA"
10,"HL DB 1, W 6 8, PL, but doji, far above MA, LP"
13,"COL, PS test 2900"
14,"CC BBRB, AIS, STC"
15,"STC but at MA, 50% PB, might bounce"
16,"2LT, 50% PB, MA, PL, AIBRE, but PP 2LSD, BB2"
18,"L1 but tail, 2 BLB, PS FF, then W. NS"
22,"WBLF 1 15, 2LD 15, PL, AIBRE, but doji, TTR 16, MRV, NS"
28,"DB 22, but BRB, TTR, BOM"
33,"FT from BO 30 L2, but small BO. TTR 31 and TTR 12 so ps TRD with OOD MGN at EOD for ps DD"
36,"LH MTR, test OOD, but 4 CC BLB, SPBL, SS2"
40,"MDB, 13 SX H TGTA, AIL, SPBL, but BLTR"
47,"W 34 43, PS TTR and 2LSD to 40 L, AIBLE, but SBLP, LPS with stop order"
55,"big OU but 9 bar TTR, MRV. Still AIL and still should get at least 1t above 46 so that it is 17t above 32, where became AIL"
58,"DT 46, ioi so 2es, but PP MRV"
67,"ii, F BO 55, MGA at 1t above 46, but 10 BWBLB, BB2"
70,"L1, but back to AIL 60, TGTA"
72,"BO, BTC, but top of TTR and might stay around OOD for rest of day"
