BAR NUMBER,DESCRIPTION
1,"LH MTR, PH, but small body, top of Y TTR"
2,"BBRB after BRB, AIS, but in Y TTR"
3,"BR IB COL, AIS, L1 S"
5,"5 CC BRB so PP BLB for 6. PW 1 4, ET 55 65, Ledge 68, PL, odds favor bounce, but SA"
8,"L1, AIS, but small bars, bottom of 4 hour TR, NS"
11,"ii BRF, AIBRE, still on 8 S, AIS, so BR will STC with stop above 11"
12,SBD
14,"STC, but PP REVU soon"
16,"BBLR COH, W 77 5, PW 9 12, AIBRE, PL, Test LOY, 60ma, 2900 BRN"
19,"L1, COL, but 3 BLB, SX, SS2, BB"
22,"L2 at MA, LBL 11 L can exit, but doji, AIL, SS2"
25,"Br IB, L2 2es at MA, AIBLE, NS, 20% chance of BO far below LOD"
28,"DB HL but 4 BRB, PP MRV"
30,"L1, AIS 27, but PP TR, NS"
33,"HL MTR 16, H2 28, should test 22 H and PS HOD"
35,"L1 but 1t BRB, BB"
40,"L2 at MA, but 1t BRB, SPBL, PP BB"
44,SBU and FT
46,H1
50,"H1, SPBL, but small bars, near TGT 8 H"
57,"H1 but 56 F BO W 45 49 51, BRB, PP SA for test MA and 46 L"
60,H1 but 2LD likely after W
63,"H3 so W, COL, at MA, AIL, might test HOD, but TC, NS"
69,"W 22 56, COL, AIBLE, but AIL, 8 BBLMC, SS2"
