BAR NUMBER,DESCRIPTION
1,"BGU. Tail, small bar, TRO"
3,"H1, cc BLB, but tails, small bars, far above MA, LP B"
5,"FY after BBRB, AIL, but tail, just above HOY"
6,"H2 3, but AIL, BLD, PP SA, BB2"
7,"L1 but cc BLB, LOM"
9,"TWD 1 5, DB 5, PL, 3 L TGTA for LBL, but TTR, Tail, LOM"
10,"L2 BRF, HOY MGB, AIS, but TTR"
12,"STC, SPBR"
16,"F BO HOY, W 8 13, PL, AIBLE, but only 1t BLB"
18,"L1, AIS, SPBR, but just above Y 79 DT and COY, and just below HOY, NS"
19,"F 18BO, W 8 13 16, PL, but doji, TC, GX L is ledge MGB, BB2"
24,"WBRF, PB from 18BO, still AIS"
28,"DB, PL, AIBRE, but tail, just below MA, BB2"
30,"HST BRF, but TTR, BOM, BB2 or SS2"
34,"DT LH 23, L2 30, AIS, but tail, C above MA, middle of TTR, BTW"
40,"DB PB, but AIS, middle of TTR, NS"
43,"BR IB, bad FT, DT 34, NS"
46,"BP PB but top of TTR, bad FT 43, btw"
49,"H2 PB 46, but loss of mo 42, btw. Still on 43 DT S, but btw"
52,"BR IB, CC BRB, LOD and GX L MGB, but bottom of TTR, NS"
54,"F BO DB, AIBRE, but only 1t body, BB2"
57,"f BO DB16 28, MDB, test GX L and COY, PW 48 53, COH, AIBRE, but TC"
58,"CC BLB COH, AIL, BTC, but might get stuck back in TTR 52"
61,"DT 50, but 5 BLB, F BO TR, AIL, PP BB, SS2"
63,"H1, small 2LU likely, but TTR"
67,"L2 61 but BLB, AIL, PP BB"
70,"W 64 67, AIBLE"
