BAR NUMBER,DESCRIPTION
1,"F BO HOY, DFD, AIL, 30% chance this will be HOG, might get OD"
2,"FT, STC, but stop far above so only trade if can use correct stop"
6,6 CC BRB is unusual so BLB soon. Might test LOY
9,"BL IB, DB LOY, almost OD, SX, PL, AIBRE"
10,"cc BLB, might be LOD"
12,"GUU, AIL, BDUC"
14,"PW 9 12, MA, but 6 BBLMC, AIL, MRV, BDUC"
19,"HL MTR but 2 BBRB, just below MA, BB2"
21,"DTBF 14, but AIL, PP BB and below LOD"
27,"L1 but doji, BLB, F BO below DB so W, BB. Ok BA"
28,"BBLB, AIL, but BR will STC since LH at MA in BR CH"
29,"L2, BRB, AIBLE, but doji, SS2, PP BB"
30,SBD
33,"W 8 26, but doji, BB2"
35,"W 2eb, stop below 33"
36,"BLBL after W, PP AIL, but BR will S MA"
37,"LH at MA, BRB, but BRD, SS2, PS BB for 2LU after W bottom"
41,"ioi, 28 C TGTA since BTC. Ledge 40 so PB after BO above"
45,"H1 but W 37 42, BRB, just below 28 C and 28 LH and 60ma, PS SA for test 38 L or 33 H and LOY"
47,SBD
49,"HL but MRV, CC BRB, LOY MGN for rest of day since OD day"
52,LH but PP MRV since only 3 bar rally. Might test 33 H. LOY will be MGN for rest of day since OD
54,"BR IB, COL, 3rd CC BRB, 33 H MGB, but middle of TR, PP BB around LOD and below LOD"
61,"F BO LOD 2eb, PW 53 57, LBLM, AIBRE, PL, but TC, BB2"
62,"DT68 but doji still on 61 B, PP BB. LOY and OOW MGA"
66,"H1 after 65 BO, but BRB, 3LU, small BO, NS, PS SA"
68,"H1, MMTA, but 60ma just above, SA"
70,"W 62 65 67, but SPBL, LOM, MMTA, LPS"
