BAR NUMBER,DESCRIPTION
1,"GU, OOW and 14 top of CH MGA, MA and LOY MGB, Mueller report 8 am is PS catalyst. Y was big OD so today is PS ID. After 3 bull weeks on weekly chart, OOW is important, esp in final hour. Today is last day of week"
2,"CC BRB but tails, MGA, MGB, TRO. H1, but cc BRB, BB2"
3,"MDT but BLB, OOW MGA, just above MA, LOM, SS2"
5,"MDT 4 1, COL, DT 14, PH, but just above MA, NS"
6,"SBD, AIS, testing COY and LOY, bottom of TR, PS 2LT. Y is OD S SB on daily chart."
8,"L1, AIS 6, but doji, big tail 7, bottom of TR, SS2"
10,"MDT 8 9, LOY MGB, AIS, but NS"
13,"W 7 11, W 1 7, PL, ET 33 60, AIBRE"
14,"L1 but 3LD, SS2"
15,"W 7 13, ET 33 60, PL"
16,"SBU, AIL, but PS TR"
17,"H1, 2LU likely, PL 15, but BRB"
19,"H1, AIL, but BRD, 3LU, PS SA"
21,"PW 16 18, 60ma, AIBLE, SS2"
25,"HL MTR, test LOY, still AIL, COH, should test 20 C for BTC BL, but 4 BRB, PS TR"
26,"CC BBLB, SBU"
30,"COH, BTC, but 6th BLB in BTC so increased chance of PTG soon"
33,"H1 but doji, 3LU 28 31 so PS PW"
35,"BR IB, PW 28 31 so BX, AIBLE, might get 2LSD PTG. 12 BBLMC so PS BB, but btw for BB2 or SS2"
36,"H1 but BX, BB2"
40,ledge top so 80% chance BO above and then PB below top of ledge
41,"FF, W 20 34, AIBLE, DT LH 1, PP SD for 2 legs"
42,SBD
43,"EBRT, MA PB, AIL, but doji, BBRB, 2LSD likely, BB2"
46,"2eb, AIL, but TTR, 2LSD likely, LPB"
51,"DB HL test of MA, AIL, OOW MGA, but TTR"
52,SBU
54,"DT 40 LH MTR 1, PH, but LP"
56,"BP B, COH, OOW MGA, AIL"
59,"Tri 40 54 but 4 BLB, PP BB"
61,"Tri 3es, AIBLE, but LP S, MGA, SPBL"
66,"f BO Tri 3es, PH, but doji, SPBL, OOW MGA, LPS"
68,"H2 65, PB to MA< SPBL, OOW MGA, but 5 BWBLB"
