BAR NUMBER,DESCRIPTION
1,"BBRB, OD, but in TTR, tail, PP LOM. After 11 cc BLB on 60m, PP BRB in 1st 1 – 2 hours today"
3,"3 cc BRB, AIS, SA but TTR, LOM"
5,"cc BLB, HL, AIL, but LOM"
6,"H2 4, PL, BBLB with COH so good BSB, but TR, better to wait for breakout or 2nd signal. Low probability, bad for stop entries."">BBBR, middle of TTR, NS"
7,"big OD, oo, but tail, bottom of TR, 3 BLB. 1st PB in 12 bars on 60m so PP will get above HOY today or TM"
8,"H2, bottom of TR, COH, PL, ok B but PP MRV"
10,"DT 6 but 3 BLB, AIL, BB"
13,"L2 10, f BO DT 6 10, AIBLE, PH, but tail, LOM, MRV"
16,"HL, DB 11, AIL, but 4 BRB, LOM, BB2"
18,"L1, LOD MGB, NS"
19,"SBD, 18BO"
22,"F 18BO, H2 80 or 4, PL, but 4 BRB, AIS, MRV"
24,SBU 22 23
25,"LH, 21 MGB, but AIL, 3 BLB, SS2, PP LBL BB"
27,"H1, AIL, but 2 BRB, WSS"
36,"DB, and a measured move up"">DBBF 26, COH, PL, but 4 BRB, BB2"
38,"L1 but just above DB, SS2"
40,"DB PB, but high up in 5 BTTR, might get L2 soon, BOM"
41,"L2 below MA, but doji at bottom of TR and in TTR, BOM"
43,"f BO below Tri 36 40 42, but BRB"
46,"H1 but BR ii, 31 LH RS just above, LPB"
48,"MDT 44, but stop for BL is below 54 ii, LPS"
49,"H2 46 at MA, AIL, but top of TRD. BL need BO above 31 LR to end BR CH"
51,"DT LH MTR 31, W 39 44, AIBLE, but tail, NS"
56,"ii, apex of TTR in middle of TRD, BOM 31 51 DT and 46 49 DB"
64,"f BO DT 2es, PB but TR, better to wait for breakout or 2nd signal. Low probability, bad for stop entries."">BBBR, TTR, at MA, NS, LOM, still might test OOD and HOD and HOY"
65,"H1. TGTA, but CC BRB"
66,"SBU, BL want C above OOD for bull FT day on daily"
70,"BTC, weak FT, btw. F BO HOD, but 5 BLB, SS2"
