BAR NUMBER,DESCRIPTION
1,"BGD, BLB, PL, but small bar, tail"
2,"CC BLB, COH, AIL, but 2t tail, not very big bar, PP TRO"
3,"still BTC, but RA at 2 MA"
5,"BX at 60ma, COL, but 5 BBLMC, AIBLE, BB"
6,"H1, COH, but PP scalp and FF"
8,"big OD, but MRV"
11,"4 cc BRB, SA, but LBL Bt 7 L so should get above 7 L. TR"
12,"SBU, AIL, but LH and TR"
13,"LH but CC BLB, AIL, LOM"
16,"Big OU, AIL, but top of TR and still below 8 H so BTW"
19,"LH DT, W 12 16, but BLB 18, BBR so middle of TR, SS2"
22,"H1, AIL, but BRB. Odds favor 18BO since B SB on 60 min and daily"
24,"H1, AIL, TGTA, but doji, weak rally"
28,"F 18BO, PH, W 18 23 25, LBRM, PP BLTR, but SPBL, room to HOY and Y was H1 on daily, LOM, SS2"
31,"H1 at MA, but 2LD likely after W, BRB, 5 BBRMC"
36,"H2 31 at MA, AIL, but top of TTR 22, TC 27, LOM, BB2"
40,"LH MTR but TTR, 1t body, SS2"
44,"CC BRB but bottom of TTR, PP BTC"
46,"Tri 24 35, AIL, COH, but TTR, LOM"
53,"LH MTR, L2 40, L2 48, but TTR, holding above MA, doji, LPS"
56,"Hi but TTR at top of bigger TTR, btw"
60,"DT 53 LH MTR, 11:30, COL, PH, ok swing for TRVD"
62,"BR BO and FT, 3 cc BRB, but small bars, bottom of TTR, need BO below 44 and BBRB"
63,"F BO, AIBRE, 5t, but middle of TTR, BTW"
66,"DT 53 60 PB, should fall below 44 DB since TRD, TRVD, but 4 bar PB, TTR, LPS"
68,"H2 63, DB 44, ledge 24 35 44 on 30 min chart, AIBRE, PL, but TTR, BTW"
71,"FT after SBU, still AIL, PS TRSU, but top of TTR"
