BAR NUMBER,DESCRIPTION
1,"BRB but TC, SS2"
2,"BBLB COH, T1BU, but BBLB late in BLT so PS EG"
5,"H1, ii, HLW MGA, but PS PW 1 4, NS"
9,"ii, PS FF. PW 1 3, PH, AIBLE, but 10 BBLMC, SS2"
11,"H1, AIL, HLW MGA, but still on iii S, PS FF"
13,"OD, F BO HLW, FF 9 ii, PH, AIBLE, but TC, TR, better to wait for breakout or 2nd signal. Low probability, bad for stop entries."">BBBR, TTR, HPW"
14,"H1, T1BU, AIL, but TTR with 3 BBRB, far above MA, PS W 7 12"
16,"W 7 12, F BO HLW 2es, AIBLE, PH, but TC, TR, better to wait for breakout or 2nd signal. Low probability, bad for stop entries."">BBBR, MRV"
17,"H1, TC, many good B SB, T1BU, SPBL, but W top, 6 BBRB today, might get 2LSD to MA"
19,"18BO, PS MMU from W top"
21,"BBLB, SBU, BTC, PS MG, but BX, 5th bar in BTC so PP PTG and TR soon"
26,"BRB, BX, AIBLE, MRV, PS BB, SS2"
28,"H1, SPBL, COH, MMTA, but BX, PP TR soon. Wait for TR before SG"
30,"H1, MMTA, but 3LU 25 29, TR likely soon"
32,"CC BBLB, extreme BX, PW 25 29, 60% chance end of BX or 1 more brief leg up"
33,"H1 but BRB, extreme BX, EG 31 32, AIBLE above, LBR will begin to S"
34,"PW, MDT, AIBLE, PP SD to MA"
38,"H2 33 but 5 BRB, near MA, PP SA and TTR"
40,"LH, room to MA MGB, but TTR 37"
42,"H2 38, COH, AIL, ok B but PP limited up, PB to MA likely within an hour"
45,"W 40 43 LH for 2LD from 32 BX, but AIL, TTR, BB around MA"
55,"20GB B, H2 38, AIL, but BRB, TTR"
58,"LH, but AIL, 3 BLB, BB"
62,"COH, AIL, PS TRSU to new HOD, but BLTR, middle of TTR, PS DT 45, NS"
64,"DT 45 LH, but just above MA and no C below MA today, SS2"
66,"2es but TTR and just above MA, NS"
69,"DT 66, COL, but C above MA, TTR, NS"
71,"another BRB COL, 1st C below MA all day, on swing S 64 66 69"
