BAR NUMBER,DESCRIPTION
1,"I leave at noon today to get ready for 2 pm webinar. BO below 4 hour TR, but tail, LBLM"
3,"L1, COL, PH"
5,"H2 37, H2 1, ET 55 76, MDB at 18 BX L, PL, but 2 BBRB, NS"
7,"L1 but doji, still on 5 B, BB"
12,"PW 6 10, but BLB, 16t above 5, PP BB, SS2"
14,"L3, COL, DT 81, AIBLE, PH, but TC, MRV"
17,"H1, AIL, HOY MGA, PS 18BO"
19,"f 18BO, W 2 14, ET 64 81, PH, but 4 BLB, SS2. TRD so might reach MMU from LOD to OOD"
22,"2es, PH, but at MA, 4 BLB 19, SS2"
25,"H1 but 5 BWBLB, BB2, PP LOM"
30,"L1 but BLB 29, LBLM 16 L, TRD, PS BB and below 29"
32,"PW 24 29, but 7 BBRMC, LOM, BB2"
38,"DTBF 29, C near L and at MA, ok swing S, but TRD so LP"
44,"STC but PS W 16 32, ET"
45,"BBRB, 5th bar in STC so BTC"
46,"BBLB COH, AIBRE, W 16 32, PL"
50,"LH at MA, but AIL 47, SS2. Might test 4 L at bottom of Y TR or 45 H since bad B SB"
51,"H1 but MDT 46, BRB, at MA, no test down yet, LPB, PS SA for test of 4 L and 45 H, BB2"
55,"HL MTR, AIL, should test OOD and 38 SX H at some point, but TR, better to wait for breakout or 2nd signal. Low probability, bad for stop entries."">BBBR, top of TTR, MGB 45 H"
57,"BP 5, OOD MGA, PP DD so PP will C around OOD, but top of TTR, stop below 55 or LOD"
61,"DB HL 55 MTR, AIL, OOD MGA, but TTR, 45 H MGB"
66,"L2 50, DT 38, test of OOD, but 3 BLB BO, PP BB, SS2"
