BAR NUMBER,DESCRIPTION
1,"I leave at 11 am today and will be away tomorrow. BBRB, BO below LOY, AIS, but PS BT of last week’s H"
4,"SX, BT HLW, PL, AIBLE, but after 3 BBRB, BB2"
5,"CC BLB, PS AIL, but tail"
6,"3 cc BLB, AIL, but tails, PS BT 60ma and LOY, BDUC"
8,"DT at MA, PH, 40% chance of swing down below 3, but more likely TRO"
9,SBD
10,"L1, but BLB, PS BB"
11,"W 3 9, BL IB 10, PL, AIBRE, but BB2"
12,"MDT 10 but BLB, PS W 3 9 11, PS BB and below 11"
14,"W 3 9 11, BBLB, PL, AIBRE, but top of TTR"
15,"BLB FT, AIL"
17,"BX at MA, COL, BR CH, but AIL, LPS, PS BB"
18,"OU, AIL, 60ma and 8 BX H MGA"
20,"PW 14 16 but TC, above MA, PP BB"
22,"H2, AIL, PS MG 18, but BRB"
23,"COH, AIL, TGTA, BTC"
30,"BX, MDT, COL, AIBLE, but SPBL, MRV"
34,"H1, AIL, but 5 BRB, PP SA and 2LSD to MA and maybe 1 H or 7 H. PS TTRD"
37,"F BR BO, H2 at MA, AIL, but TC, TTRD, MRV, PP LOM. OOD MGN, PS DD"
38,"L1 but TTR, LOM, BB. Might test 19 H BOP and 60 ma, but still PP UTR in TTRD"
43,"LH, MDT, but just above MA, TTR, SS2"
46,"OU, all C above MA for 10 bars, AIL, but PP scalp"
51,"LH MTR, L2 43, but TTR, MA just below, LPS. OOD is MGB and day might C at OOD for DD"
