BAR NUMBER,DESCRIPTION
1,"BLB, AIL, but PW 68 75 78, PP will convert into TR soon, btw"
2,"PW, but tail, BB. H1 but BRB, SA"
4,"PW 78 1, PH, but PP MRV SD to MA"
5,"H1 but BRB, SA for 2LSD"
8,"H2 at MA but 2 BRB, PP TTR, LOM"
10,"BP B at MA, BLB, AIL, but doji, TTR, NS"
13,"5 BLB, COH, AIL, BTC for new HOD. BR want DT 6 LH MTR, but 5 BLB"
18,"f BO HOD, HH MTR, PH, but 8 BLB, AIL, SS2, ps BB around MA"
19,"H1 at MA, AIL, but cc BRB, BB2"
20,"HH MTR 2es, but tail"
22,"H2 at MA but 3 BLB, BB2"
24,"WBLF 19 21, MA, AIL, but TC, BB2"
27,"2nd B but small bar, 6 BTTR, btw"
30,"DTBF 25, but still AIL, TTR, HPW for BO below 24"
31,"OU, DB 24, AIL, F DT"
38,"W 4 16, PW 28 33, f 18BO, MDT, BR IB, COL, AIBLE, but 7 BLB, SS2"
40,"H1, AIL, but need stop below 31, btw to B closer to MA"
42,"W 4 16 2es, 2950 BRN, AIBLE, PH"
46,"H1 but 4 BRB, TTR 37, still on 42 S, BB2"
50,"LH, but bottom of TTR, LOM"
52,"H2 at MA, COH, AIL, AIBRE, but TTR, NS"
55,"f BO W, AIBLE, but doji, 3 BLB, SS2"
57,"ioi, AIL, but Bg at HOD has been bad all day, PS SA, NS. W 2es 55, but TC, NS"
60,"ii, W L2 55, PH, AIBLE"
65,"DB 56, W 57 62, but PP AIS after 4 BR and W top, 8 BBRMC, W top, SA for 2LSD, BB2"
68,"LH, AIS, but TTR 37, NS"
70,"DB 65, AIBRE, NS"
