BAR NUMBER,DESCRIPTION
1,"BGU, BBRB but tail, PS T1BD, but TRO more likely"
2,"CC BRB, AIS, but doji"
3,"H1, BLB, PL, but tail, AIS, SA"
4,"DT LH 1, AIS, PH, but CC BRB, PP TRO"
7,"GD, but most gaps are bad data. BRB, AIS, but tail, 50% PB to MA, not strong STC"
8,"H2 at MA and 50% PB, MDB, PL"
10,SBU
11,"DT LH 4 but AIL, BB"
13,"oo, but tail, PS DT LH MTR 4"
15,"DT LH MTR, PH, AIBLE, but TC, PS BB"
17,"OU, HOD and GX H MGA, AIL"
20,"F 18BO, but big BO so PB more likely than BRT. Might get 1 – 2 hour TR soon. AIBLE"
24,"H1, AIL, but tail, PP TTR and SA HOD"
30,"W 1 20, PH, but TTR, LOM, 6 BWBRB, SS2, BB. PP TRD and OOD MGN at EOD"
31,"H1, but TTR, and not close enough to MA, BB2"
33,"W 1 20, PH"
42,"W 35 38 but TC, MRV"
47,"H2 42, but tail, BDGU 14 closed so either TR or BRT. BB2"
49,L1 but at SP
51,SBD
52,"L1, STC, AIS"
56,"F BO LOD, AIBRE, but small bar, SX, BB2"
58,"F BO LOD, test HOY, 2eb, PL"
61,"L2 56, but PS FF"
64,"F BO HOY, W 7 55, PL, LBLM, AIBRE, but 3 BBRB"
66,L1 but 3LD
68,SBD
70,"still STC, but just above 60ma"
