BAR NUMBER,DESCRIPTION
1,"BBRB, BO below LOY so S signal on daily. Still AIS but tail at 60MA, not STC"
3,"9 BBRMC, ii so L1, but big tail 1 and BLB 3, NS, PS FF, BTW"
6,"ii, DB 1, PL, AIBRE, but tail, 12 BBRMC, LOM, BB2"
7,"W 1 4, OU, PL, but doji, LOM"
10,"DTBF 3, but LOM"
12,"D BO W, PL, but 4 BRB, LOM"
14,"DTBF at MA, AIS, PH, 1st reasonable stop entry today, but LOM"
18,"OD, COL, AIS, PS 18BO and MMD"
19,SBD
21,"f BO, FF 17, EG, AIBRE, PL, but MRV"
24,"BP S, AIS, but BDUC, SS2"
25,"SBU, PS MG"
26,"cc BBLB, BO, MMU"
28,"H1 but just below 60ma and 8 13 DT, PS PW 23 26"
30,"PW 23 26, COL, AIBLE, but SPBL, BB around MA and 12 L, SS2"
32,"H1, room to LOY and HOD, but PW so PP SA and above 30"
35,"ii, H1, but at 60ma, MMT, just below LOY, PP SA and TR soon"
38,"H1 but TTR just below HOD and LOY, PS SA, btw"
39,"W 20 33, BT LOY, but BLB, SS2"
40,"SBD, might test 12 L at bottom of earlier TR, or 50% PB, but PP no new LOD"
42,"DB 31, BRTP 40, AIL, should test 39 L since bad S SB, but TTR, PS 2LSD after 40"
44,"F BO, but SBU 42 43, SS2"
46,"2nd S SB, but doji, LPS"
49,OO B SB
52,"H1 but doji, PP will not be OU day, PS SA"
55,"FF 52, 2LU 51, W 43 51, AIBLE, but SPBL, MRV"
58,"DB 52, but 3 BRB, SA, BB2"
59,"DT 55, F BO, but MRV, PP more TTR, then WBLF at MA"
62,"H2 58, WBLF 52 57 at MA, AIL, BL want OU day, but OOD MGB and TTR late in BLT so PS FF"
64,"DT LH MTR, still on 59 S, but BLB, AIL, still on 62 B, just above MA"
66,"PB from BO above 62 W, AIL, but TTRNS, still on 59 S"
69,"Triple top 57, BL cannot get above S SB H and might give up, odds favor DD so test OOD"
