BAR NUMBER,DESCRIPTION
1,"Y ended with strong BTC so PP FT today, but BX so PP PB soon"
2,"BBLB late in BTC, PS EG, do not BTC"
3,"H1, but BRB after EG and 14 BBLMC so BX, PP SA, btw"
6,"ii BLF, but PP FF, PS SA, better to B PB since 16 BBLMC, which is extreme. PW 78 2, 15 BBLMC so BX, MDT, FF 3, AIBLE, PH"
7,"ii FF, MDT 4, 17 BBLMC so BX, PW, PH, AIBLE"
8,"CC BBRB, good context, AIS"
11,"CC BBRB, STC"
13,"BBRB late in STC so BTC. Take profits, BL will B"
14,"HL MTR, H2 6, 50% PB, PL, AIBRE, but tail, 4 BRB"
15,"CC BBRL COH, AIL, but TR likely"
18,"DT 7, but 2 strong reversals up, only 30% chance of MMD below 14 NL"
21,"MDT but TR, better to wait for breakout or 2nd signal. Low probability, bad for stop entries."">BBBR, still AIL, PP BB 14"
23,"f 18BO, H2 19, H2 14, HL MTR, PL, AIBRE"
25,"L1 but AIL, BB"
26,"oo, AIL, PL but middle of TTD, TR, better to wait for breakout or 2nd signal. Low probability, bad for stop entries."">BBBR"
27,"L2 PB from BO below 18B, LH 18, but TC, many BBLB, PS BB, btw"
31,"ii HL, but Tri, tail, below MA, BTW"
32,"LH, F BO Tri, but apex of Tri, PP BB 23 around 60ma and LOY"
36,"L1, ii, but 2 BLB, just above 60ma, btw"
38,"L2 below MA but BLB, PP W at 60ma and REVU"
40,"W 23 34, COH, at 60ma and just above LOY, PL, but TTR. BL need BO above MA"
42,"LH at MA but doji, 2 BLB, W at SP, AIL, BB"
47,"W 42 45, but 16t above 40 so 90% chance of at least 1t Hr, which means test OOD. PP will C around OOD for DD"
54,"F BO, test OOD, but SPBL, TTR 45, LPS, LOM, btw"
57,SBU
60,"2LU 59, COL, F BO, but SPBL, SS2"
61,H1 but PP BLTR and SA 59 and 18
65,"LH DT 18, BX, PP test OOD soon, but BLB, LOM"
69,"EBRT, DB 62 at MA, but TTR, TR, better to wait for breakout or 2nd signal. Low probability, bad for stop entries."">BBBR, LOM"
