BAR NUMBER,DESCRIPTION
1,"F BO HOY, but BRD, BB"
2,"cc BRB but tail, LOM"
3,"H1, test HOY, PL, COH, but LOM Y and today, NS"
5,"COH, new HOD, 3 cc BLB, T1BL, 2900 BRN MGA, BTC"
10,"L2 1, DBL, PH, but 7 BBLMC, SS2"
12,"H1 but BRB and BRB 10, PS SA, PS 3LU in PW, btw"
13,"DT 9, L2 1, PH, but 6 BTTR, AIL, BLB, LOM, BB"
16,"WBLF 10 12, AIL, near MA, but doji, TTR"
17,"BO but 3LU, might reverse, BB2"
18,"W 1 9, COL, f 18BO, PH, AIBLE, but TR, better to wait for breakout or 2nd signal. Low probability, bad for stop entries."">BBBR, bottom of TTR just above MA, PS BB, SS2"
19,"BP B, but doji, W top, PS SA, better to B above 18 for 18BO"
22,"LH, 2es from W 18, but TTR, NS"
26,"H2 19 but 4 BRB, PP SA"
29,"W 19 26, 2nd B SB 26, Hr P B, 20GBB, 2900 MGA, but TR, better to wait for breakout or 2nd signal. Low probability, bad for stop entries."">BBBR, TTR, NS"
31,"ii, apex of TTR, BOM, good B SB at MA"
36,"BP B, only 2 C below MA all day, AIL, but apex of TTR, 4 dojis, BB2"
39,"F BO, H2 29, still AIL, AIBRE. TRD so LRP B"
43,"DT 38, but 5 BBLMC, AIL, BB"
45,"H1 but top of BL leg in TR, BB2"
46,"L2 but AIL, at MA, TC, MRV"
57,"DT 33, PS TRSB, but TC, SS2"
60,"BO 59 and no BLB so BR FT, AIS"
63,"L1 but 4 bar bounce, tails, small bars, small range, bad FT after 59, LPS"
65,MDB 61 but 6 BTTR
67,"L2, BT 57, but 2 BLB, TTR"
69,"HL, BOM, might get BO after 12:30"
