BAR NUMBER,DESCRIPTION
1,"GD, BBRB, TGT Thurs H and 60ma. 8 BBLMC on daily chart so PP only 1 – 2 day PB"
2,"cc BBRB, AIS, but at SP 60ma and LOY"
4,"F BO LOY, 60ma, COH, PL, AIBLE, DBR 3, 4 BBRMC, SA, but BB2"
7,"H2 4, PL, but BRB, TTR"
9,"BL IB, H1, COH, BTC, ps AIL"
11,"LH DT 1 at MA, but 8 BBLMC, BB, SS2. Might test 7 H for SBR"
12,"H1, AIL 10, PS OU so HOY MGA, but doji"
14,"f BO HOD and EMA, PW 8 11, PH, but 7 cc BLB, SS2"
16,"H1, AIL, but doji and BRB, many bars with tails, PW, ps TTR, BB2"
20,"f H2, COL, 7 H MGB, but MRV, TTR, NS"
23,"WBLF 15 17, AIL, COH, BT 6, BR exit, ps OU since Fri had small range. TC, LOM, Lr P"
25,"SBU, 18BO, but need FT. lots of TR trading so expect BRB 26 for bad FT"
26,"F 18BO, W 1 14, PH, but 1t BRB, SBU 25, SS2"
32,"F BO 23, HH DB 23, BL IB, but 6 BRB, BB2"
34,"L1 but 2 BLB, doji, middle of TRD, LP"
35,"MDB 31, but BRB just below MA, TTR, PP SA"
36,"L2 but BLB, TTR 32, LOM, LPS"
39,"WBRF 33 36 but TC, NS"
42,"BP B, APBL 32, AIL, but 5 BTTR, middle of TRD"
45,"WBRF 33 36 38 42 44, BRB, AIBLE, but LPS, might test HOD or HOY, SS2"
47,"BO, PS MMU"
51,"DT 26, but TC, doji, 49 BT 45 so PS MG"
52,"H1, BLB, MMTA"
54,"BX, F BO, but 3 BLB, TGTA, BB"
57,"W 50 53, CCC BX 53 56, L1=2 14H, MMT from 46 MG, TRD so OOD MGB, AIBLE. BL still want OU"
60,"H1 but doji, 3 BRB, OOD MGB, W 50 53, BB2"
63,"LH, but tail"
65,"DB, HOY and 2900 MGA, Tri 55 60, BOM, but mostly LOM today, tail"
70,"COH, AIL, 2900 and HOY MGA, but top of TTR in TRD, ledge 70 L, LOM"
