BAR NUMBER,DESCRIPTION
1,"BGD, C below LOY and 60ma, AIS, NW on daily, GX failed at 2900, PH, but TR, better to wait for breakout or 2nd signal. Low probability, bad for stop entries."">BBBR"
2,"F BO LOY, big tail, PL, but small body, BBRB 1, BDUC, PP TRO"
3,"L but 2 BLB far below MA, LP S"
5,"oo, f BO LOY 2es, PL, but TTRNS, PP TRO"
6,"L2 but BLB, BB, LOM"
9,"W 3 6, DT LH 1, bulls from 5 exit, but far below MA, many BLB, LOM, SS2"
10,"F WBF, AIBRE, PL, SBPL, but LOM, NS"
12,"L4, f BO WBF 8, DT 1 near MA, but doji, SPBL, LOM, SS2"
14,"DT at MA, BBRB COL, PH, AIBLE"
15,"SBD, but TR so might bounce soon"
17,"DB HL 4, PL, AIBRE, but 3 BRB, AIS, BB2"
18,"CC BBLB, PS AIL"
21,"H1, AIL, but just below HOD and 60ma, HPW for BO above 14 or WSS"
22,"MDT 19, DT 14, PH, AIBLE"
24,"H2 but tail, BB2"
25,"OD, but AIL, SBR 16 H will exit, SS2"
27,"WBLF 20 23, AIL, CHU, test 16 H, HL MTR"
30,"MDT, but AIL, still on 27 B. small TR so PS brief BO and then TTRD"
32,"BO above 19, AIL, PP will get new HOD"
35,"2LT 19, F BO HOD and 60ma, but SBU 33, SS2"
40,"BO after 5 BBRMC, AIS, PS test 31 BX L"
43,"FT after, SDB, PS MG, might test LOD, but in TRD"
44,"DB 31 but 11 BBRMC, SA"
45,"L1 but small bar, middle of TRD, tails 43 44, PP LOM and TTR soon"
48,"L1, might get new LOD, but ps 3LD in MW 44 47, SS2, ps BB, then TTR"
52,"ioi BRF, LOD TGTB, but doji, near bottom of TRD"
57,"DB 4, CC PW 44 47 49 and 51 53 56, COH, but TC, MRV, better to B with Lim order below bars"
58,"L1, AIS, but just above LOD, SX, SS2"
62,"L2 but BLB, TTR, bottom of TRD, LPS, PS FF. might get F BO below like above 14, then more TRD"
64,"f BO LOD, AIBRE, PL, but SBD 63, BB2"
65,"L1, AIS, PS MG 63, but doji, SX 63, SS2"
66,"H2 but BRB, TTR, BTW"
70,"L2 but BLD, TTR, SS2"
